Time,V,Ap,ApM,I,ThN,ThE,TkN,TkE,B,Ps,Pl,Bm,IgM,IgG,C,NK
0,61,1e+06,0,0,1e+06,0,500000,0,250000,0,0,0,0,0,0,130000
0.1,62.904,1.44547e+06,82.435,0.7875,997713,2286.19,562077,1993.92,256451,5.46521,92.7767,18.713,0.0154455,0.00225649,72.2714,186336
0.2,45.5635,1.4606e+06,159.591,0.695528,990439,9556.24,563227,17665.5,260287,21.4711,798.162,162.357,0.126212,0.0389471,143.066,300616
0.3,22.7856,1.4606e+06,202.855,0.331604,979717,20267.1,562718,51734.6,261695,42.3555,2663.38,546.692,0.400896,0.200072,184.386,369113
0.4,8.00274,1.4606e+06,220.113,0.106836,967442,32521,562515,97688.7,261101,62.6161,5959.29,1235.09,0.855034,0.61619,202.576,394442
0.5,2.0122,1.4606e+06,224.691,0.024717,954760,45173.5,562461,148476,259045,79.5746,10723.3,2245.24,1.46829,1.43143,209.32,399613
0.6,0.365749,1.4606e+06,225.004,0.00411144,942132,57761.1,562456,200654,256015,92.7361,16873.5,3570.76,2.20769,2.7858,212.165,398567
0.7,0.0480277,1.4606e+06,224.302,0.000659608,929689,70153.8,562464,253159,252387,102.537,24287.8,5196.46,3.04102,4.80771,214.076,396216
0.8,0.00448682,1.4606e+06,223.43,-0.00108396,917456,82328.1,562473,305763,248427,109.607,32838.4,7105.18,3.9412,7.61209,215.829,393678
0.9,0.000286972,1.4606e+06,222.54,-0.0444551,905431,94284.4,562483,358427,244321,114.515,42403.9,9280.09,4.88664,11.3006,217.57,391328
1,1.54633e-05,1.4606e+06,221.652,-0.0417841,893611,106027,562493,411149,240191,117.735,52871.7,11705.4,5.8604,15.9624,219.314,388788
1.1,-1.38161e-06,1.4606e+06,220.767,-0.0415738,881991,117559,562503,463925,236118,119.647,64139.2,14366.4,6.84938,21.6756,221.063,386284
1.2,-1.11147e-05,1.4606e+06,219.886,-0.0417021,870569,128885,562512,516754,232151,120.548,76113.9,17249.8,7.84368,28.5068,222.819,383806
1.3,-3.59042e-05,1.4606e+06,219.008,-0.0418314,859340,140010,562522,569636,228319,120.682,88711.4,20343.4,8.83556,36.5146,224.58,381351
1.4,-8.59979e-05,1.4606e+06,218.134,-0.0418832,848299,150937,562532,622568,224639,120.244,101855,23635.9,9.81908,45.7495,226.347,378920
1.5,-0.000147097,1.4606e+06,217.263,-0.0418862,837444,161671,562541,675550,221118,119.384,115475,27117,10.7899,56.2543,228.12,376513
1.6,-0.000192582,1.4606e+06,216.395,-0.041876,826771,172214,562551,728581,217755,118.218,129509,30777.3,11.7451,68.0644,229.898,374128
1.7,-0.000201204,1.4606e+06,215.532,-0.0418708,816276,182571,562560,781658,214544,116.834,143901,34608.1,12.6823,81.2091,231.682,371767
1.8,-0.000170808,1.4606e+06,214.671,-0.0418742,805955,192746,562570,834781,211481,115.301,158599,38601.4,13.6004,95.7121,233.471,369428
1.9,-0.000113104,1.4606e+06,213.814,-0.0418839,795806,202741,562579,887948,208558,113.668,173557,42749.8,14.4982,111.591,235.265,367112
2,-4.99147e-05,1.4606e+06,212.961,-0.0418967,785824,212561,562589,941158,205766,111.98,188731,47046.5,15.3754,128.862,237.065,364819
2.1,-3.36583e-05,1.4606e+06,212.11,-0.0419093,776008,222209,562598,994409,203100,110.265,204082,51484.8,16.2316,147.534,238.869,362547
2.2,-9.34433e-05,1.4606e+06,211.264,-0.0419081,766352,231688,562607,1.0477e+06,200550,108.547,219576,56058.7,17.0669,167.613,240.679,360298
2.3,-0.000255376,1.4606e+06,210.42,-0.0418833,756855,241001,562617,1.10103e+06,198111,106.84,235178,60762.7,17.8814,189.102,242.494,358070
2.4,-0.000503339,1.4606e+06,209.58,-0.041841,747513,250152,562626,1.1544e+06,195776,105.157,250860,65591.3,18.6755,212.001,244.314,355864
2.5,-0.000782773,1.4606e+06,208.744,-0.041791,738323,259144,562635,1.2078e+06,193538,103.505,266595,70539.6,19.4497,236.305,246.139,353679
2.6,-0.00101309,1.4606e+06,207.911,-0.0417493,729282,267980,562644,1.26124e+06,191391,101.889,282358,75602.8,20.2043,262.01,247.968,351516
2.7,-0.00108546,1.4606e+06,207.081,-0.0417358,720388,276662,562653,1.31471e+06,189331,100.314,298126,80776.7,20.9398,289.106,249.802,349373
2.8,-0.0010276,1.4606e+06,206.254,-0.0417451,711637,285194,562662,1.36821e+06,187352,98.7827,313878,86056.7,21.6567,317.585,251.641,347251
2.9,-0.000765234,1.4606e+06,205.431,-0.041791,703028,293579,562672,1.42174e+06,185450,97.2958,329596,91439,22.3555,347.433,253.483,345150
3,-0.000655763,1.4606e+06,204.61,-0.04181,694556,301819,562681,1.47529e+06,183621,95.8542,345261,96919.8,23.0368,378.636,255.331,343069
3.1,-0.00111761,1.4606e+06,203.794,-0.041728,686220,309917,562690,1.52888e+06,181860,94.4572,360860,102496,23.7009,411.181,257.183,341008
3.2,-0.00211909,1.4606e+06,202.981,-0.0415505,678017,317875,562699,1.58249e+06,180164,93.1028,376377,108163,24.3486,445.048,259.039,338967
3.3,-0.00264196,1.4606e+06,202.171,-0.0414579,669945,325697,562707,1.63613e+06,178530,91.7906,391800,113918,24.9802,480.22,260.899,336945
3.4,-0.00295146,1.4606e+06,201.364,-0.0414032,662000,333386,562716,1.68978e+06,176954,90.5196,407116,119759,25.5962,516.678,262.764,334943
3.5,-0.00297048,1.4606e+06,200.56,-0.0413998,654182,340942,562725,1.74346e+06,175434,89.2887,422315,125681,26.197,554.403,264.632,332961
3.6,-0.00290988,1.4606e+06,199.759,-0.0414105,646486,348369,562734,1.79716e+06,173967,88.0965,437388,131683,26.7832,593.373,266.504,330998
3.7,-0.00280762,1.4606e+06,198.962,-0.0414286,638912,355670,562743,1.85087e+06,172549,86.9416,452326,137762,27.3551,633.566,268.38,329054
3.8,-0.00276583,1.4606e+06,198.167,-0.041436,631456,362846,562752,1.9046e+06,171179,85.8221,467120,143915,27.9131,674.961,270.259,327128
3.9,-0.0027553,1.4606e+06,197.376,-0.0414379,624117,369901,562760,1.95834e+06,169855,84.7367,481765,150139,28.4577,717.533,272.142,325221
4,-0.00277199,1.4606e+06,196.588,-0.0414349,616892,376835,562769,2.0121e+06,168574,83.6839,496253,156433,28.9893,761.26,274.029,323333
4.1,-0.00282341,1.4606e+06,195.804,-0.0414258,609779,383652,562778,2.06587e+06,167334,82.6621,510580,162794,29.5081,806.119,275.919,321463
4.2,-0.00291614,1.4606e+06,195.022,-0.0414094,602777,390353,562786,2.11964e+06,166134,81.6701,524741,169219,30.0146,852.083,277.813,319611
4.3,-0.0029708,1.4606e+06,194.244,-0.0413997,595883,396941,562795,2.17343e+06,164972,80.7065,538731,175708,30.5091,899.13,279.709,317777
4.4,-0.00309191,1.4606e+06,193.468,-0.0413783,589095,403418,562803,2.22722e+06,163846,79.7702,552546,182257,30.9919,947.235,281.609,315961
4.5,-0.00319512,1.4606e+06,192.696,-0.04136,582411,409786,562812,2.28102e+06,162755,78.86,566184,188865,31.4633,996.371,283.512,314162
4.6,-0.00324818,1.4606e+06,191.927,-0.0413506,575829,416046,562820,2.33481e+06,161696,77.9746,579643,195530,31.9237,1046.52,285.418,312380
4.7,-0.0033202,1.4606e+06,191.161,-0.0413379,569348,422201,562829,2.38861e+06,160670,77.113,592919,202250,32.3732,1097.64,287.327,310616
4.8,-0.00336162,1.4606e+06,190.397,-0.0413306,562966,428253,562837,2.44241e+06,159674,76.2743,606011,209025,32.8123,1149.73,289.239,308869
4.9,-0.00337806,1.4606e+06,189.637,-0.0413276,556681,434203,562846,2.49621e+06,158707,75.4574,618918,215851,33.2411,1202.74,291.153,307139
5,-0.00338723,1.4606e+06,188.88,-0.041326,550490,440053,562854,2.55e+06,157768,74.6614,631639,222727,33.66,1256.66,293.07,305426
5.1,-0.00338803,1.4606e+06,188.126,-0.0413259,544393,445806,562862,2.60379e+06,156856,73.8855,644172,229653,34.0691,1311.47,294.989,303729
5.2,-0.00337963,1.4606e+06,187.375,-0.0413274,538388,451462,562871,2.65757e+06,155971,73.1289,656518,236626,34.4687,1367.13,296.911,302048
5.3,-0.00336902,1.4606e+06,186.627,-0.0413292,532473,457024,562879,2.71134e+06,155110,72.3908,668676,243645,34.8591,1423.62,298.835,300384
5.4,-0.00336214,1.4606e+06,185.882,-0.0413305,526647,462493,562887,2.76511e+06,154273,71.6704,680647,250708,35.2404,1480.93,300.762,298736
5.5,-0.00334298,1.4606e+06,185.14,-0.0413339,520907,467871,562895,2.81885e+06,153459,70.9671,692429,257816,35.6129,1539.01,302.69,297104
5.6,-0.00332299,1.4606e+06,184.401,-0.0413374,515253,473159,562903,2.87259e+06,152667,70.2801,704025,264965,35.9767,1597.86,304.621,295487
5.7,-0.00330672,1.4606e+06,183.665,-0.0413403,509682,478360,562911,2.92631e+06,151897,69.6089,715434,272155,36.3322,1657.44,306.554,293887
5.8,-0.00329974,1.4606e+06,182.932,-0.0413415,504194,483474,562920,2.98001e+06,151147,68.953,726658,279385,36.6793,1717.74,308.488,292302
5.9,-0.00328275,1.4606e+06,182.202,-0.0413445,498787,488503,562928,3.0337e+06,150417,68.3115,737697,286653,37.0185,1778.72,310.424,290732
6,-0.00326784,1.4606e+06,181.474,-0.0413472,493459,493449,562936,3.08736e+06,149707,67.6841,748552,293959,37.3498,1840.37,312.362,289177
6.1,-0.00325684,1.4606e+06,180.75,-0.0413491,488210,498313,562944,3.141e+06,149014,67.0703,759226,301301,37.6734,1902.66,314.302,287637
6.2,-0.00325185,1.4606e+06,180.028,-0.04135,483037,503097,562952,3.19461e+06,148340,66.4696,769720,308679,37.9895,1965.57,316.243,286112
6.3,-0.0032461,1.4606e+06,179.31,-0.041351,477939,507801,562959,3.2482e+06,147684,65.8815,780035,316091,38.2983,2029.08,318.185,284602
6.4,-0.00324145,1.4606e+06,178.594,-0.0413518,472916,512428,562967,3.30177e+06,147043,65.3055,790172,323536,38.5998,2093.17,320.129,283107
6.5,-0.00323874,1.4606e+06,177.881,-0.0413523,467965,516978,562975,3.3553e+06,146419,64.7414,800133,331014,38.8943,2157.81,322.074,281626
6.6,-0.00323768,1.4606e+06,177.171,-0.0413525,463086,521453,562983,3.4088e+06,145811,64.1886,809922,338523,39.1819,2222.98,324.019,280159
6.7,-0.00323798,1.4606e+06,176.463,-0.0413524,458278,525855,562991,3.46227e+06,145218,63.6468,819538,346063,39.4627,2288.67,325.966,278707
6.8,-0.00323917,1.4606e+06,175.759,-0.0413522,453538,530184,562999,3.5157e+06,144639,63.1155,828985,353633,39.7369,2354.84,327.914,277268
6.9,-0.00324065,1.4606e+06,175.057,-0.041352,448867,534442,563006,3.5691e+06,144075,62.5945,838263,361232,40.0047,2421.49,329.863,275844
7,-0.00324173,1.4606e+06,174.358,-0.0413518,444262,538630,563014,3.62246e+06,143524,62.0835,847377,368859,40.2661,2488.59,331.813,274433
7.1,-0.00324422,1.4606e+06,173.662,-0.0413513,439722,542749,563022,3.67578e+06,142987,61.582,856326,376513,40.5213,2556.12,333.763,273036
7.2,-0.0032492,1.4606e+06,172.969,-0.0413505,435247,546800,563029,3.72906e+06,142462,61.0897,865112,384193,40.7704,2624.06,335.713,271652
7.3,-0.00325486,1.4606e+06,172.279,-0.0413495,430836,550785,563037,3.7823e+06,141950,60.6063,873739,391900,41.0136,2692.4,337.664,270282
7.4,-0.00326074,1.4606e+06,171.591,-0.0413484,426487,554704,563045,3.83549e+06,141450,60.1317,882208,399631,41.2509,2761.11,339.616,268925
7.5,-0.00326626,1.4606e+06,170.906,-0.0413474,422199,558559,563052,3.88863e+06,140962,59.6655,890523,407387,41.4825,2830.18,341.568,267582
7.6,-0.00327071,1.4606e+06,170.224,-0.0413467,417971,562351,563060,3.94173e+06,140485,59.2075,898685,415166,41.7085,2899.59,343.519,266251
7.7,-0.00327331,1.4606e+06,169.544,-0.0413462,413803,566081,563067,3.99477e+06,140019,58.7575,906697,422969,41.9289,2969.32,345.471,264933
7.8,-0.00327715,1.4606e+06,168.867,-0.0413455,409692,569750,563075,4.04776e+06,139564,58.3152,914560,430793,42.144,3039.36,347.423,263628
7.9,-0.00328365,1.4606e+06,168.193,-0.0413444,405639,573359,563082,4.1007e+06,139119,57.88,922275,438640,42.3538,3109.68,349.375,262335
8,-0.00328997,1.4606e+06,167.522,-0.0413433,401642,576909,563089,4.15359e+06,138684,57.4522,929846,446507,42.5584,3180.27,351.327,261055
8.1,-0.00329579,1.4606e+06,166.853,-0.0413422,397701,580400,563097,4.20641e+06,138259,57.0314,937276,454395,42.7578,3251.12,353.278,259787
8.2,-0.00330077,1.4606e+06,166.187,-0.0413413,393814,583835,563104,4.25918e+06,137843,56.6175,944567,462303,42.9523,3322.21,355.229,258532
8.3,-0.00330451,1.4606e+06,165.524,-0.0413407,389981,587213,563112,4.31189e+06,137437,56.2104,951722,470230,43.1419,3393.52,357.179,257289
8.4,-0.00330657,1.4606e+06,164.863,-0.0413403,386200,590536,563119,4.36453e+06,137040,55.8099,958743,478176,43.3265,3465.04,359.129,256057
8.5,-0.00330881,1.4606e+06,164.205,-0.0413399,382471,593805,563126,4.41711e+06,136652,55.4156,965631,486140,43.5065,3536.76,361.078,254838
8.6,-0.00331224,1.4606e+06,163.549,-0.0413393,378793,597020,563133,4.46963e+06,136272,55.0272,972387,494121,43.6819,3608.65,363.026,253630
8.7,-0.00331522,1.4606e+06,162.896,-0.0413388,375165,600183,563141,4.52207e+06,135901,54.6448,979015,502120,43.8527,3680.71,364.974,252435
8.8,-0.00331769,1.4606e+06,162.246,-0.0413383,371586,603294,563148,4.57445e+06,135538,54.2682,985518,510136,44.019,3752.92,366.92,251250
8.9,-0.00331961,1.4606e+06,161.598,-0.041338,368056,606354,563155,4.62676e+06,135182,53.8973,991897,518167,44.1809,3825.27,368.865,250077
9,-0.00332093,1.4606e+06,160.953,-0.0413378,364573,609364,563162,4.67899e+06,134835,53.532,998155,526215,44.3384,3897.74,370.81,248916
9.1,-0.00332161,1.4606e+06,160.311,-0.0413377,361138,612325,563169,4.73115e+06,134495,53.1722,1.00429e+06,534277,44.4917,3970.33,372.753,247766
9.2,-0.00332201,1.4606e+06,159.671,-0.0413376,357748,615237,563176,4.78323e+06,134162,52.8176,1.01032e+06,542354,44.6409,4043.01,374.694,246627
9.3,-0.00332241,1.4606e+06,159.033,-0.0413375,354404,618102,563183,4.83524e+06,133836,52.468,1.01622e+06,550446,44.7859,4115.78,376.635,245498
9.4,-0.00332254,1.4606e+06,158.398,-0.0413375,351105,620920,563190,4.88717e+06,133517,52.1233,1.02201e+06,558551,44.927,4188.63,378.573,244381
9.5,-0.00332248,1.4606e+06,157.766,-0.0413375,347849,623692,563197,4.93901e+06,133206,51.7835,1.0277e+06,566669,45.064,4261.54,380.51,243275
9.6,-0.00332231,1.4606e+06,157.136,-0.0413375,344637,626418,563204,4.99077e+06,132900,51.4485,1.03327e+06,574801,45.1972,4334.5,382.446,242179
9.7,-0.00332209,1.4606e+06,156.509,-0.0413376,341468,629100,563212,5.04245e+06,132602,51.1182,1.03873e+06,582945,45.3266,4407.5,384.38,241094
9.8,-0.00332194,1.4606e+06,155.884,-0.0413376,338340,631737,563219,5.09404e+06,132309,50.7924,1.04409e+06,591101,45.4522,4480.53,386.311,240019
9.9,-0.00332162,1.4606e+06,155.262,-0.0413377,335254,634332,563227,5.14554e+06,132023,50.471,1.04935e+06,599268,45.5741,4553.59,388.241,238955
10,-0.00332097,1.4606e+06,154.642,-0.0413378,332208,636884,563233,5.19696e+06,131743,50.1538,1.05451e+06,607447,45.6924,4626.65,390.169,237901
10.1,-0.0033203,1.4606e+06,154.025,-0.0413379,329202,639394,563240,5.24828e+06,131468,49.8407,1.05956e+06,615637,45.8072,4699.71,392.094,236858
10.2,-0.00331966,1.4606e+06,153.41,-0.041338,326235,641863,563245,5.29951e+06,131199,49.5316,1.06452e+06,623837,45.9185,4772.75,394.018,235824
10.3,-0.00331909,1.4606e+06,152.798,-0.0413381,323307,644291,563251,5.35064e+06,130935,49.2265,1.06938e+06,632048,46.0263,4845.78,395.938,234800
10.4,-0.00331865,1.4606e+06,152.188,-0.0413382,320418,646679,563255,5.40168e+06,130677,48.9253,1.07415e+06,640268,46.1307,4918.78,397.857,233787
10.5,-0.0033184,1.4606e+06,151.58,-0.0413382,317565,649028,563259,5.45262e+06,130423,48.6278,1.07883e+06,648498,46.2318,4991.74,399.773,232783
10.6,-0.00331816,1.4606e+06,150.975,-0.0413383,314750,651339,563264,5.50346e+06,130175,48.3341,1.08341e+06,656737,46.3296,5064.66,401.686,231789
10.7,-0.00331777,1.4606e+06,150.372,-0.0413383,311970,653611,563272,5.5542e+06,129933,48.044,1.08791e+06,664984,46.4242,5137.51,403.597,230804
10.8,-0.00331744,1.4606e+06,149.772,-0.0413384,309227,655846,563281,5.60483e+06,129695,47.7575,1.09232e+06,673240,46.5157,5210.3,405.505,229829
10.9,-0.00331718,1.4606e+06,149.174,-0.0413384,306518,658044,563292,5.65537e+06,129462,47.4745,1.09664e+06,681504,46.6041,5283.02,407.41,228863
11,-0.00331698,1.4606e+06,148.579,-0.0413385,303845,660205,563305,5.70579e+06,129234,47.1949,1.10088e+06,689775,46.6894,5355.66,409.313,227907
11.1,-0.00331685,1.4606e+06,147.985,-0.0413385,301205,662331,563321,5.75611e+06,129011,46.9188,1.10503e+06,698054,46.7717,5428.21,411.212,226960
11.2,-0.00331678,1.4606e+06,147.395,-0.0413385,298599,664421,563339,5.80632e+06,128793,46.6459,1.10911e+06,706340,46.851,5500.67,413.108,226022
11.3,-0.00331677,1.46059e+06,146.806,-0.0413385,296026,666477,563359,5.85642e+06,128578,46.3762,1.11311e+06,714632,46.9274,5573.02,415.001,225093
11.4,-0.0033168,1.46059e+06,146.22,-0.0413385,293486,668499,563376,5.90641e+06,128368,46.1095,1.11702e+06,722931,47.001,5645.26,416.89,224173
11.5,-0.00331686,1.46059e+06,145.636,-0.0413385,290978,670487,563393,5.95629e+06,128162,45.8458,1.12087e+06,731237,47.0718,5717.38,418.777,223262
11.6,-0.00331694,1.46059e+06,145.055,-0.0413385,288501,672443,563410,6.00605e+06,127960,45.585,1.12463e+06,739548,47.1397,5789.38,420.66,222360
11.7,-0.00331704,1.46059e+06,144.476,-0.0413385,286055,674365,563427,6.05569e+06,127762,45.3271,1.12833e+06,747864,47.205,5861.25,422.539,221467
11.8,-0.00331712,1.46059e+06,143.899,-0.0413385,283640,676255,563444,6.10522e+06,127567,45.0721,1.13195e+06,756186,47.2676,5932.98,424.415,220582
11.9,-0.00331717,1.46059e+06,143.325,-0.0413385,281255,678114,563459,6.15463e+06,127376,44.8197,1.1355e+06,764514,47.3276,6004.58,426.287,219706
12,-0.00331725,1.46059e+06,142.753,-0.0413384,278900,679942,563471,6.20391e+06,127189,44.5701,1.13899e+06,772846,47.3849,6076.02,428.155,218838
12.1,-0.00331739,1.46059e+06,142.183,-0.0413384,276574,681739,563475,6.25307e+06,127006,44.3232,1.1424e+06,781182,47.4397,6147.3,430.02,217979
12.2,-0.00331754,1.46059e+06,141.615,-0.0413384,274277,683506,563473,6.30211e+06,126826,44.0789,1.14575e+06,789523,47.492,6218.43,431.88,217128
12.3,-0.00331768,1.46059e+06,141.05,-0.0413384,272008,685243,563463,6.35102e+06,126650,43.8372,1.14904e+06,797867,47.5419,6289.39,433.736,216285
12.4,-0.0033178,1.46059e+06,140.487,-0.0413383,269767,686951,563445,6.3998e+06,126477,43.598,1.15226e+06,806215,47.5893,6360.18,435.588,215451
12.5,-0.0033179,1.4606e+06,139.926,-0.0413383,267554,688630,563417,6.44844e+06,126308,43.3613,1.15542e+06,814567,47.6343,6430.79,437.436,214624
12.6,-0.00331795,1.4606e+06,139.367,-0.0413383,265368,690281,563377,6.49696e+06,126142,43.127,1.15851e+06,822922,47.6769,6501.23,439.28,213805
12.7,-0.00331799,1.46061e+06,138.811,-0.0413383,263208,691903,563338,6.54534e+06,125980,42.895,1.16155e+06,831280,47.7172,6571.48,441.119,212995
12.8,-0.00331807,1.46061e+06,138.257,-0.0413383,261075,693498,563322,6.59359e+06,125820,42.6653,1.16453e+06,839641,47.7553,6641.53,442.953,212192
12.9,-0.00331814,1.46061e+06,137.705,-0.0413383,258968,695066,563312,6.6417e+06,125664,42.4378,1.16745e+06,848004,47.7911,6711.39,444.783,211397
13,-0.00331819,1.46062e+06,137.155,-0.0413383,256886,696607,563311,6.68968e+06,125510,42.2125,1.17031e+06,856370,47.8246,6781.06,446.609,210610
13.1,-0.00331823,1.46061e+06,136.608,-0.0413383,254830,698122,563324,6.73752e+06,125359,41.9894,1.17312e+06,864737,47.856,6850.52,448.43,209830
13.2,-0.00331825,1.46061e+06,136.062,-0.0413383,252798,699611,563354,6.78522e+06,125211,41.7683,1.17588e+06,873107,47.8853,6919.77,450.246,209058
13.3,-0.00331827,1.46061e+06,135.519,-0.0413383,250791,701074,563403,6.83278e+06,125066,41.5493,1.17858e+06,881478,47.9124,6988.81,452.057,208293
13.4,-0.00331827,1.4606e+06,134.978,-0.0413383,248808,702512,563455,6.8802e+06,124923,41.3324,1.18123e+06,889851,47.9375,7057.64,453.864,207536
13.5,-0.00331827,1.4606e+06,134.439,-0.0413383,246849,703925,563479,6.92747e+06,124783,41.1176,1.18383e+06,898225,47.9605,7126.25,455.665,206786
13.6,-0.00331826,1.46059e+06,133.903,-0.0413383,244913,705314,563501,6.9746e+06,124647,40.9047,1.18637e+06,906600,47.9815,7194.63,457.461,206043
13.7,-0.00331824,1.46059e+06,133.368,-0.0413383,243000,706679,563518,7.02158e+06,124513,40.6939,1.18887e+06,914975,48.0006,7262.79,459.252,205307
13.8,-0.00331823,1.46059e+06,132.836,-0.0413383,241110,708019,563527,7.06841e+06,124381,40.485,1.19132e+06,923351,48.0176,7330.72,461.038,204579
13.9,-0.00331821,1.46059e+06,132.305,-0.0413383,239242,709337,563525,7.1151e+06,124253,40.2781,1.19373e+06,931728,48.0328,7398.42,462.819,203858
14,-0.0033182,1.4606e+06,131.777,-0.0413383,237396,710631,563508,7.16163e+06,124127,40.0731,1.19608e+06,940104,48.0461,7465.88,464.595,203143
14.1,-0.00331819,1.4606e+06,131.251,-0.0413383,235572,711903,563491,7.20802e+06,124003,39.8699,1.19839e+06,948481,48.0574,7533.11,466.365,202436
14.2,-0.00331817,1.4606e+06,130.727,-0.0413383,233770,713152,563495,7.25425e+06,123882,39.6686,1.20066e+06,956857,48.067,7600.1,468.129,201735
14.3,-0.00331814,1.4606e+06,130.205,-0.0413383,231988,714379,563500,7.30033e+06,123763,39.469,1.20288e+06,965233,48.0748,7666.84,469.888,201041
14.4,-0.00331812,1.4606e+06,129.686,-0.0413383,230228,715584,563508,7.34625e+06,123647,39.2713,1.20506e+06,973608,48.0808,7733.33,471.642,200354
14.5,-0.0033181,1.4606e+06,129.168,-0.0413383,228488,716768,563521,7.39202e+06,123533,39.0753,1.2072e+06,981983,48.085,7799.58,473.389,199673
14.6,-0.00331808,1.4606e+06,128.652,-0.0413383,226768,717931,563539,7.43763e+06,123421,38.881,1.20929e+06,990356,48.0875,7865.57,475.132,198999
14.7,-0.00331807,1.46059e+06,128.139,-0.0413383,225068,719073,563564,7.48308e+06,123311,38.6885,1.21135e+06,998728,48.0883,7931.31,476.868,198332
14.8,-0.00331807,1.46059e+06,127.627,-0.0413383,223388,720194,563588,7.52837e+06,123204,38.4976,1.21336e+06,1.0071e+06,48.0875,7996.8,478.598,197671
14.9,-0.00331805,1.46059e+06,127.118,-0.0413383,221727,721295,563596,7.5735e+06,123098,38.3084,1.21534e+06,1.01547e+06,48.085,8062.03,480.323,197016
15,-0.00331804,1.46059e+06,126.61,-0.0413383,220086,722376,563599,7.61846e+06,122995,38.1208,1.21728e+06,1.02384e+06,48.0809,8127,482.041,196368
15.1,-0.00331804,1.46059e+06,126.105,-0.0413383,218463,723438,563597,7.66326e+06,122894,37.9347,1.21918e+06,1.0322e+06,48.0752,8191.7,483.753,195726
15.2,-0.00331803,1.46059e+06,125.601,-0.0413383,216859,724480,563588,7.70789e+06,122794,37.7502,1.22104e+06,1.04057e+06,48.0679,8256.15,485.459,195090
15.3,-0.00331803,1.4606e+06,125.1,-0.0413383,215273,725503,563570,7.75235e+06,122697,37.5673,1.22287e+06,1.04893e+06,48.0591,8320.32,487.158,194461
15.4,-0.00331802,1.4606e+06,124.601,-0.0413383,213705,726507,563541,7.79665e+06,122602,37.3858,1.22467e+06,1.05729e+06,48.0487,8384.23,488.851,193837
15.5,-0.00331802,1.46061e+06,124.103,-0.0413383,212156,727492,563514,7.84077e+06,122508,37.2058,1.22642e+06,1.06564e+06,48.0369,8447.87,490.538,193220
15.6,-0.00331802,1.46061e+06,123.608,-0.0413383,210623,728459,563508,7.88473e+06,122417,37.0273,1.22815e+06,1.074e+06,48.0236,8511.25,492.219,192608
15.7,-0.00331803,1.46061e+06,123.114,-0.0413383,209108,729408,563510,7.92851e+06,122327,36.8502,1.22984e+06,1.08235e+06,48.0089,8574.34,493.893,192003
15.8,-0.00331803,1.46061e+06,122.623,-0.0413383,207610,730340,563522,7.97213e+06,122239,36.6745,1.2315e+06,1.0907e+06,47.9927,8637.17,495.56,191403
15.9,-0.00331803,1.46061e+06,122.133,-0.0413383,206129,731253,563545,8.01557e+06,122153,36.5002,1.23312e+06,1.09904e+06,47.9751,8699.72,497.221,190809
16,-0.00331804,1.4606e+06,121.646,-0.0413383,204665,732149,563585,8.05884e+06,122068,36.3272,1.23472e+06,1.10738e+06,47.9562,8761.99,498.876,190221
16.1,-0.00331804,1.46059e+06,121.16,-0.0413383,203217,733029,563642,8.10193e+06,121985,36.1556,1.23628e+06,1.11572e+06,47.9358,8823.99,500.523,189638
16.2,-0.00331804,1.46059e+06,120.677,-0.0413383,201785,733891,563701,8.14485e+06,121904,35.9852,1.23781e+06,1.12405e+06,47.9142,8885.71,502.164,189061
16.3,-0.00331805,1.46059e+06,120.195,-0.0413383,200370,734737,563717,8.18759e+06,121825,35.8162,1.23932e+06,1.13239e+06,47.8912,8947.15,503.798,188490
16.4,-0.00331805,1.46059e+06,119.715,-0.0413383,198970,735566,563722,8.23014e+06,121747,35.6485,1.24079e+06,1.14071e+06,47.8669,9008.31,505.425,187924
16.5,-0.00331805,1.46059e+06,119.237,-0.0413383,197585,736379,563711,8.27251e+06,121671,35.482,1.24224e+06,1.14903e+06,47.8414,9069.19,507.045,187364
16.6,-0.00331806,1.46059e+06,118.761,-0.0413383,196216,737177,563679,8.31469e+06,121596,35.3168,1.24366e+06,1.15735e+06,47.8145,9129.79,508.657,186809
16.7,-0.00331806,1.4606e+06,118.287,-0.0413383,194862,737958,563621,8.35669e+06,121523,35.1528,1.24505e+06,1.16567e+06,47.7865,9190.11,510.262,186260
16.8,-0.00331806,1.46061e+06,117.815,-0.0413383,193523,738724,563532,8.3985e+06,121452,34.99,1.24641e+06,1.17398e+06,47.7572,9250.14,511.86,185716
16.9,-0.00331806,1.46063e+06,117.344,-0.0413383,192198,739475,563431,8.44012e+06,121382,34.8284,1.24775e+06,1.18228e+06,47.7267,9309.88,513.45,185177
17,-0.00331807,1.46064e+06,116.876,-0.0413383,190888,740211,563390,8.48156e+06,121313,34.668,1.24906e+06,1.19058e+06,47.695,9369.35,515.034,184643
17.1,-0.00331807,1.46064e+06,116.409,-0.0413383,189593,740931,563382,8.52281e+06,121246,34.5087,1.25034e+06,1.19888e+06,47.6622,9428.52,516.61,184114
17.2,-0.00331807,1.46063e+06,115.945,-0.0413383,188311,741637,563426,8.56388e+06,121181,34.3506,1.2516e+06,1.20717e+06,47.6282,9487.42,518.179,183591
17.3,-0.00331807,1.46062e+06,115.482,-0.0413383,187044,742329,563539,8.60477e+06,121116,34.1937,1.25284e+06,1.21545e+06,47.5931,9546.02,519.74,183072
17.4,-0.00331807,1.4606e+06,115.021,-0.0413383,185790,743006,563682,8.64547e+06,121053,34.0378,1.25405e+06,1.22373e+06,47.5569,9604.34,521.294,182559
17.5,-0.00331807,1.46059e+06,114.562,-0.0413383,184550,743670,563763,8.68598e+06,120992,33.8831,1.25524e+06,1.23201e+06,47.5196,9662.37,522.841,182051
17.6,-0.00331807,1.46059e+06,114.104,-0.0413383,183323,744319,563783,8.72631e+06,120932,33.7295,1.2564e+06,1.24028e+06,47.4812,9720.11,524.381,181547
17.7,-0.00331807,1.4606e+06,113.649,-0.0413383,182110,744955,563718,8.76645e+06,120873,33.577,1.25754e+06,1.24854e+06,47.4418,9777.57,525.913,181049
17.8,-0.00331807,1.4606e+06,113.195,-0.0413383,180909,745577,563696,8.80639e+06,120815,33.4255,1.25866e+06,1.2568e+06,47.4013,9834.73,527.437,180555
17.9,-0.00331807,1.4606e+06,112.743,-0.0413383,179721,746186,563669,8.84614e+06,120759,33.2751,1.25976e+06,1.26505e+06,47.3597,9891.61,528.954,180066
18,-0.00331807,1.46061e+06,112.293,-0.0413383,178546,746781,563653,8.8857e+06,120704,33.1257,1.26083e+06,1.27329e+06,47.3172,9948.2,530.463,179582
18.1,-0.00331807,1.46061e+06,111.845,-0.0413383,177384,747364,563632,8.92505e+06,120650,32.9774,1.26189e+06,1.28153e+06,47.2737,10004.5,531.964,179102
18.2,-0.00331807,1.46061e+06,111.398,-0.0413383,176234,747934,563621,8.96422e+06,120598,32.83,1.26292e+06,1.28977e+06,47.2292,10060.5,533.457,178627
18.3,-0.00331807,1.46061e+06,110.954,-0.0413383,175096,748491,563638,9.00318e+06,120546,32.6836,1.26393e+06,1.29799e+06,47.1837,10116.2,534.942,178157
18.4,-0.00331807,1.46061e+06,110.511,-0.0413383,173970,749036,563664,9.04194e+06,120496,32.5383,1.26493e+06,1.30621e+06,47.1373,10171.7,536.419,177691
18.5,-0.00331807,1.46061e+06,110.07,-0.0413383,172856,749568,563670,9.0805e+06,120447,32.3939,1.2659e+06,1.31443e+06,47.09,10226.8,537.888,177230
18.6,-0.00331807,1.46061e+06,109.63,-0.0413383,171754,750089,563662,9.11886e+06,120399,32.2504,1.26685e+06,1.32264e+06,47.0417,10281.7,539.348,176773
18.7,-0.00331807,1.46061e+06,109.193,-0.0413384,170664,750597,563640,9.15702e+06,120353,32.108,1.26779e+06,1.33084e+06,46.9926,10336.3,540.801,176320
18.8,-0.00331807,1.46061e+06,108.757,-0.0413384,169585,751093,563667,9.19499e+06,120307,31.9664,1.2687e+06,1.33903e+06,46.9425,10390.5,542.246,175872
18.9,-0.00331807,1.4606e+06,108.323,-0.0413384,168517,751578,563732,9.23276e+06,120263,31.8258,1.2696e+06,1.34722e+06,46.8916,10444.5,543.683,175429
19,-0.00331807,1.46058e+06,107.89,-0.0413384,167460,752052,563853,9.27034e+06,120219,31.6861,1.27048e+06,1.35539e+06,46.8398,10498.2,545.112,174989
19.1,-0.00331807,1.46058e+06,107.459,-0.0413384,166415,752514,563921,9.30772e+06,120177,31.5473,1.27134e+06,1.36357e+06,46.7872,10551.6,546.533,174554
19.2,-0.00331807,1.46057e+06,107.03,-0.0413384,165380,752964,563938,9.34489e+06,120135,31.4094,1.27219e+06,1.37173e+06,46.7337,10604.8,547.946,174123
19.3,-0.00331807,1.46058e+06,106.603,-0.0413384,164356,753404,563875,9.38186e+06,120095,31.2724,1.27302e+06,1.37989e+06,46.6794,10657.6,549.351,173696
19.4,-0.00331807,1.4606e+06,106.178,-0.0413384,163342,753833,563787,9.41862e+06,120056,31.1362,1.27383e+06,1.38804e+06,46.6243,10710.2,550.747,173273
19.5,-0.00331807,1.46061e+06,105.754,-0.0413384,162339,754251,563733,9.45518e+06,120017,31.0009,1.27462e+06,1.39618e+06,46.5685,10762.4,552.134,172855
19.6,-0.00331807,1.46061e+06,105.332,-0.0413384,161347,754658,563700,9.49152e+06,119980,30.8665,1.2754e+06,1.40431e+06,46.5118,10814.4,553.513,172440
19.7,-0.00331807,1.46061e+06,104.911,-0.0413384,160364,755055,563693,9.52765e+06,119944,30.7329,1.27616e+06,1.41244e+06,46.4544,10866.1,554.883,172030
19.8,-0.00331807,1.46062e+06,104.492,-0.0413384,159392,755441,563668,9.56357e+06,119908,30.6002,1.27691e+06,1.42056e+06,46.3962,10917.5,556.244,171623
19.9,-0.00331807,1.46062e+06,104.075,-0.0413384,158430,755818,563653,9.59928e+06,119874,30.4682,1.27764e+06,1.42867e+06,46.3373,10968.7,557.597,171221
20,-0.00331807,1.46062e+06,103.66,-0.0413384,157477,756184,563652,9.63478e+06,119840,30.3371,1.27835e+06,1.43677e+06,46.2776,11019.5,558.941,170822
20.1,-0.00331807,1.46062e+06,103.246,-0.0413384,156534,756540,563672,9.67006e+06,119808,30.2068,1.27906e+06,1.44486e+06,46.2173,11070.1,560.276,170427
20.2,-0.00331807,1.46061e+06,102.834,-0.0413384,155601,756886,563717,9.70514e+06,119776,30.0773,1.27974e+06,1.45295e+06,46.1562,11120.3,561.603,170036
20.3,-0.00331807,1.4606e+06,102.423,-0.0413384,154677,757223,563789,9.74002e+06,119745,29.9486,1.28041e+06,1.46102e+06,46.0944,11170.3,562.922,169649
20.4,-0.00331807,1.4606e+06,102.014,-0.0413384,153762,757550,563846,9.77469e+06,119715,29.8206,1.28107e+06,1.46909e+06,46.032,11220,564.231,169265
20.5,-0.00331807,1.46059e+06,101.607,-0.0413384,152857,757867,563878,9.80914e+06,119686,29.6935,1.28172e+06,1.47715e+06,45.9689,11269.5,565.532,168885
20.6,-0.00331807,1.46059e+06,101.202,-0.0413384,151961,758176,563898,9.84339e+06,119658,29.5671,1.28235e+06,1.4852e+06,45.9051,11318.6,566.825,168509
20.7,-0.00331807,1.46059e+06,100.798,-0.0413384,151074,758475,563902,9.87742e+06,119631,29.4414,1.28296e+06,1.49325e+06,45.8407,11367.5,568.108,168137
20.8,-0.00331807,1.46059e+06,100.395,-0.0413384,150195,758764,563888,9.91126e+06,119604,29.3165,1.28357e+06,1.50128e+06,45.7756,11416,569.384,167768
20.9,-0.00331807,1.46059e+06,99.9943,-0.0413384,149326,759045,563897,9.94487e+06,119578,29.1924,1.28416e+06,1.5093e+06,45.7099,11464.3,570.65,167403
21,-0.00331807,1.46059e+06,99.5952,-0.0413384,148465,759317,563906,9.97827e+06,119554,29.069,1.28473e+06,1.51732e+06,45.6436,11512.4,571.907,167041
21.1,-0.00331807,1.46059e+06,99.1976,-0.0413384,147613,759580,563917,1.00115e+07,119529,28.9463,1.2853e+06,1.52532e+06,45.5767,11560.1,573.156,166683
21.2,-0.00331807,1.46059e+06,98.8016,-0.0413384,146769,759835,563933,1.00444e+07,119506,28.8243,1.28585e+06,1.53332e+06,45.5092,11607.6,574.396,166328
21.3,-0.00331807,1.46059e+06,98.4072,-0.0413384,145934,760081,563944,1.00772e+07,119483,28.703,1.28639e+06,1.54131e+06,45.4411,11654.8,575.627,165976
21.4,-0.00331807,1.46059e+06,98.0143,-0.0413384,145107,760319,563933,1.01098e+07,119462,28.5824,1.28692e+06,1.54929e+06,45.3724,11701.7,576.849,165628
21.5,-0.00331807,1.46059e+06,97.6231,-0.0413384,144288,760548,563909,1.01421e+07,119441,28.4625,1.28744e+06,1.55725e+06,45.3032,11748.4,578.061,165284
21.6,-0.00331807,1.4606e+06,97.2333,-0.0413384,143477,760769,563871,1.01742e+07,119420,28.3433,1.28795e+06,1.56521e+06,45.2334,11794.7,579.265,164943
21.7,-0.00331807,1.46061e+06,96.8452,-0.0413384,142674,760982,563818,1.02061e+07,119401,28.2248,1.28844e+06,1.57316e+06,45.1631,11840.8,580.459,164605
21.8,-0.00331807,1.46061e+06,96.4586,-0.0413384,141879,761187,563782,1.02378e+07,119382,28.107,1.28892e+06,1.5811e+06,45.0923,11886.6,581.644,164270
21.9,-0.00331807,1.46062e+06,96.0735,-0.0413384,141091,761384,563769,1.02692e+07,119364,27.9898,1.2894e+06,1.58903e+06,45.0209,11932.2,582.82,163938
22,-0.00331807,1.46062e+06,95.69,-0.0413384,140312,761573,563771,1.03004e+07,119346,27.8733,1.28986e+06,1.59695e+06,44.949,11977.5,583.987,163610
22.1,-0.00331807,1.46061e+06,95.308,-0.0413384,139540,761755,563793,1.03315e+07,119330,27.7575,1.29031e+06,1.60486e+06,44.8766,12022.5,585.144,163285
22.2,-0.00331807,1.46061e+06,94.9275,-0.0413384,138775,761928,563837,1.03623e+07,119314,27.6423,1.29075e+06,1.61276e+06,44.8037,12067.2,586.293,162963
22.3,-0.00331807,1.46061e+06,94.5486,-0.0413384,138018,762095,563860,1.03928e+07,119298,27.5277,1.29118e+06,1.62065e+06,44.7303,12111.7,587.432,162644
22.4,-0.00331807,1.4606e+06,94.1711,-0.0413384,137268,762254,563885,1.04232e+07,119283,27.4138,1.2916e+06,1.62853e+06,44.6564,12155.9,588.562,162328
22.5,-0.00331807,1.4606e+06,93.7952,-0.0413384,136525,762405,563913,1.04534e+07,119269,27.3005,1.29201e+06,1.6364e+06,44.5821,12199.8,589.683,162016
22.6,-0.00331807,1.4606e+06,93.4208,-0.0413384,135790,762549,563942,1.04833e+07,119256,27.1878,1.29241e+06,1.64426e+06,44.5073,12243.5,590.796,161706
22.7,-0.00331807,1.46059e+06,93.0478,-0.0413384,135061,762687,563965,1.0513e+07,119243,27.0758,1.2928e+06,1.65211e+06,44.4321,12286.9,591.898,161399
22.8,-0.00331807,1.46059e+06,92.6764,-0.0413384,134340,762817,563972,1.05425e+07,119231,26.9643,1.29318e+06,1.65995e+06,44.3564,12330,592.992,161096
22.9,-0.00331807,1.46059e+06,92.3064,-0.0413384,133626,762940,563966,1.05718e+07,119220,26.8535,1.29355e+06,1.66777e+06,44.2803,12372.9,594.076,160795
23,-0.00331807,1.4606e+06,91.9379,-0.0413384,132918,763056,563945,1.06008e+07,119209,26.7433,1.29391e+06,1.67559e+06,44.2037,12415.5,595.151,160497
23.1,-0.00331807,1.4606e+06,91.5709,-0.0413384,132217,763165,563905,1.06296e+07,119198,26.6336,1.29427e+06,1.6834e+06,44.1267,12457.9,596.216,160202
23.2,-0.00331807,1.46061e+06,91.2054,-0.0413384,131523,763268,563877,1.06582e+07,119189,26.5246,1.29461e+06,1.69119e+06,44.0494,12500,597.272,159910
23.3,-0.00331807,1.46061e+06,90.8413,-0.0413384,130835,763364,563865,1.06866e+07,119180,26.4161,1.29495e+06,1.69898e+06,43.9716,12541.8,598.318,159621
23.4,-0.00331807,1.46061e+06,90.4786,-0.0413384,130154,763453,563861,1.07148e+07,119171,26.3082,1.29527e+06,1.70675e+06,43.8934,12583.4,599.355,159334
23.5,-0.00331807,1.46061e+06,90.1174,-0.0413384,129479,763536,563867,1.07427e+07,119163,26.2009,1.29559e+06,1.71451e+06,43.8148,12624.7,600.383,159050
23.6,-0.00331807,1.46061e+06,89.7577,-0.0413384,128810,763613,563885,1.07704e+07,119156,26.0942,1.2959e+06,1.72227e+06,43.7359,12665.8,601.401,158769
23.7,-0.00331807,1.46061e+06,89.3994,-0.0413384,128148,763683,563886,1.07979e+07,119149,25.988,1.2962e+06,1.73001e+06,43.6566,12706.6,602.41,158491
23.8,-0.00331807,1.46061e+06,89.0425,-0.0413384,127492,763747,563888,1.08252e+07,119143,25.8824,1.2965e+06,1.73774e+06,43.5769,12747.1,603.409,158215
23.9,-0.00331807,1.46061e+06,88.687,-0.0413384,126843,763804,563888,1.08523e+07,119137,25.7773,1.29678e+06,1.74545e+06,43.4968,12787.4,604.399,157943
24,-0.00331807,1.46061e+06,88.333,-0.0413384,126199,763856,563887,1.08791e+07,119132,25.6728,1.29706e+06,1.75316e+06,43.4164,12827.4,605.379,157672
24.1,-0.00331807,1.46061e+06,87.9804,-0.0413384,125561,763902,563889,1.09057e+07,119127,25.5689,1.29733e+06,1.76086e+06,43.3357,12867.2,606.35,157405
24.2,-0.00331807,1.46061e+06,87.6292,-0.0413384,124929,763941,563907,1.09321e+07,119123,25.4654,1.29759e+06,1.76854e+06,43.2546,12906.8,607.312,157140
24.3,-0.00331807,1.46061e+06,87.2793,-0.0413384,124304,763975,563934,1.09583e+07,119120,25.3626,1.29785e+06,1.77621e+06,43.1732,12946,608.264,156877
24.4,-0.00331807,1.4606e+06,86.9309,-0.0413384,123683,764003,563971,1.09842e+07,119117,25.2602,1.29809e+06,1.78387e+06,43.0915,12985.1,609.207,156617
24.5,-0.00331807,1.46059e+06,86.5839,-0.0413384,123069,764025,564021,1.101e+07,119114,25.1584,1.29833e+06,1.79152e+06,43.0095,13023.9,610.141,156360
24.6,-0.00331807,1.46059e+06,86.2383,-0.0413384,122460,764042,564058,1.10355e+07,119112,25.057,1.29856e+06,1.79916e+06,42.9271,13062.4,611.066,156105
24.7,-0.00331807,1.46059e+06,85.894,-0.0413384,121857,764053,564078,1.10608e+07,119110,24.9563,1.29879e+06,1.80679e+06,42.8445,13100.7,611.981,155852
24.8,-0.00331807,1.46059e+06,85.5511,-0.0413384,121260,764058,564088,1.10858e+07,119109,24.856,1.29901e+06,1.8144e+06,42.7616,13138.8,612.886,155602
24.9,-0.00331807,1.46059e+06,85.2096,-0.0413384,120668,764058,564084,1.11107e+07,119109,24.7562,1.29922e+06,1.82201e+06,42.6783,13176.6,613.782,155354
25,-0.00331807,1.46059e+06,84.8694,-0.0413384,120081,764053,564065,1.11353e+07,119109,24.6569,1.29942e+06,1.8296e+06,42.5948,13214.1,614.669,155109
25.1,-0.00331807,1.46059e+06,84.5306,-0.0413384,119500,764042,564071,1.11597e+07,119109,24.5582,1.29962e+06,1.83718e+06,42.511,13251.5,615.546,154866
25.2,-0.00331807,1.46059e+06,84.1932,-0.0413384,118924,764026,564082,1.11839e+07,119110,24.4599,1.29981e+06,1.84474e+06,42.427,13288.5,616.414,154626
25.3,-0.00331807,1.46059e+06,83.8571,-0.0413384,118353,764005,564098,1.12079e+07,119111,24.3621,1.3e+06,1.8523e+06,42.3426,13325.4,617.273,154388
25.4,-0.00331807,1.46058e+06,83.5223,-0.0413384,117787,763978,564123,1.12317e+07,119113,24.2648,1.30018e+06,1.85984e+06,42.2581,13362,618.122,154152
25.5,-0.00331807,1.46058e+06,83.1889,-0.0413384,117227,763947,564147,1.12552e+07,119115,24.168,1.30035e+06,1.86737e+06,42.1732,13398.4,618.962,153918
25.6,-0.00331807,1.46058e+06,82.8568,-0.0413384,116671,763910,564151,1.12785e+07,119118,24.0717,1.30051e+06,1.87489e+06,42.0882,13434.5,619.792,153687
25.7,-0.00331807,1.46058e+06,82.526,-0.0413384,116121,763869,564146,1.13016e+07,119121,23.9759,1.30067e+06,1.8824e+06,42.0029,13470.4,620.612,153458
25.8,-0.00331807,1.46058e+06,82.1966,-0.0413384,115576,763822,564132,1.13245e+07,119125,23.8805,1.30083e+06,1.88989e+06,41.9173,13506,621.423,153231
25.9,-0.00331807,1.46059e+06,81.8685,-0.0413384,115035,763771,564106,1.13471e+07,119129,23.7856,1.30097e+06,1.89737e+06,41.8315,13541.5,622.224,153006
26,-0.00331807,1.46059e+06,81.5417,-0.0413384,114499,763715,564093,1.13695e+07,119133,23.6912,1.30112e+06,1.90484e+06,41.7455,13576.6,623.016,152784
26.1,-0.00331807,1.46059e+06,81.2161,-0.0413384,113969,763654,564095,1.13917e+07,119138,23.5972,1.30125e+06,1.9123e+06,41.6593,13611.6,623.798,152563
26.2,-0.00331807,1.46059e+06,80.8919,-0.0413384,113442,763589,564108,1.14137e+07,119143,23.5037,1.30138e+06,1.91974e+06,41.5729,13646.3,624.571,152345
26.3,-0.00331807,1.46059e+06,80.569,-0.0413384,112921,763519,564133,1.14355e+07,119149,23.4106,1.30151e+06,1.92718e+06,41.4863,13680.8,625.335,152129
26.4,-0.00331807,1.46058e+06,80.2474,-0.0413384,112404,763444,564173,1.1457e+07,119155,23.318,1.30162e+06,1.9346e+06,41.3994,13715.1,626.089,151915
26.5,-0.00331807,1.46058e+06,79.927,-0.0413384,111892,763365,564184,1.14783e+07,119161,23.2259,1.30174e+06,1.942e+06,41.3124,13749.1,626.833,151703
26.6,-0.00331807,1.46058e+06,79.608,-0.0413384,111384,763281,564189,1.14994e+07,119168,23.1342,1.30184e+06,1.9494e+06,41.2252,13783,627.568,151493
26.7,-0.00331807,1.46058e+06,79.2902,-0.0413384,110881,763193,564185,1.15203e+07,119176,23.0429,1.30195e+06,1.95678e+06,41.1378,13816.6,628.294,151285
26.8,-0.00331807,1.46058e+06,78.9736,-0.0413384,110382,763101,564170,1.1541e+07,119183,22.9521,1.30204e+06,1.96415e+06,41.0502,13849.9,629.009,151079
26.9,-0.00331807,1.46059e+06,78.6584,-0.0413384,109888,763004,564152,1.15614e+07,119191,22.8617,1.30214e+06,1.9715e+06,40.9624,13883.1,629.716,150875
27,-0.00331807,1.46059e+06,78.3444,-0.0413384,109398,762903,564152,1.15816e+07,119200,22.7717,1.30222e+06,1.97885e+06,40.8745,13916,630.413,150673
27.1,-0.00331807,1.46059e+06,78.0316,-0.0413384,108912,762798,564156,1.16016e+07,119208,22.6822,1.3023e+06,1.98618e+06,40.7864,13948.7,631.1,150473
27.2,-0.00331807,1.46059e+06,77.7201,-0.0413384,108431,762688,564167,1.16214e+07,119218,22.5931,1.30238e+06,1.99349e+06,40.6982,13981.2,631.778,150275
27.3,-0.00331807,1.46058e+06,77.4099,-0.0413384,107953,762575,564185,1.1641e+07,119227,22.5044,1.30245e+06,2.0008e+06,40.6098,14013.4,632.447,150079
27.4,-0.00331807,1.46058e+06,77.1008,-0.0413384,107480,762457,564195,1.16603e+07,119237,22.4161,1.30252e+06,2.00809e+06,40.5212,14045.5,633.106,149885
27.5,-0.00331807,1.46058e+06,76.793,-0.0413384,107011,762336,564196,1.16795e+07,119247,22.3282,1.30258e+06,2.01537e+06,40.4325,14077.3,633.756,149693
27.6,-0.00331807,1.46059e+06,76.4865,-0.0413384,106547,762210,564190,1.16984e+07,119258,22.2408,1.30264e+06,2.02263e+06,40.3437,14108.9,634.396,149502
27.7,-0.00331807,1.46059e+06,76.1812,-0.0413384,106086,762081,564177,1.1717e+07,119269,22.1538,1.30269e+06,2.02988e+06,40.2547,14140.3,635.027,149313
27.8,-0.00331807,1.46059e+06,75.877,-0.0413384,105629,761948,564157,1.17355e+07,119280,22.0672,1.30274e+06,2.03712e+06,40.1656,14171.5,635.648,149127
27.9,-0.00331807,1.46059e+06,75.5741,-0.0413384,105176,761811,564154,1.17538e+07,119292,21.9809,1.30278e+06,2.04435e+06,40.0763,14202.4,636.26,148942
28,-0.00331807,1.46059e+06,75.2724,-0.0413384,104727,761670,564157,1.17718e+07,119304,21.8951,1.30282e+06,2.05156e+06,39.987,14233.2,636.862,148758
28.1,-0.00331807,1.46059e+06,74.972,-0.0413385,104282,761525,564167,1.17896e+07,119316,21.8097,1.30285e+06,2.05876e+06,39.8975,14263.7,637.455,148577
28.2,-0.00331807,1.46059e+06,74.6727,-0.0413385,103841,761377,564184,1.18072e+07,119329,21.7247,1.30288e+06,2.06594e+06,39.8079,14294.1,638.039,148397
28.3,-0.00331807,1.46059e+06,74.3746,-0.0413385,103403,761225,564203,1.18246e+07,119342,21.6401,1.30291e+06,2.07312e+06,39.7182,14324.2,638.613,148219
28.4,-0.00331807,1.46059e+06,74.0777,-0.0413385,102969,761069,564209,1.18418e+07,119355,21.5558,1.30293e+06,2.08027e+06,39.6284,14354.1,639.178,148043
28.5,-0.00331807,1.46059e+06,73.782,-0.0413385,102539,760910,564211,1.18587e+07,119369,21.472,1.30295e+06,2.08742e+06,39.5385,14383.8,639.734,147869
28.6,-0.00331807,1.46059e+06,73.4874,-0.0413385,102113,760747,564207,1.18755e+07,119383,21.3885,1.30296e+06,2.09455e+06,39.4484,14413.3,640.28,147696
28.7,-0.00331807,1.46059e+06,73.1941,-0.0413385,101690,760581,564196,1.1892e+07,119397,21.3055,1.30297e+06,2.10167e+06,39.3583,14442.6,640.817,147525
28.8,-0.00331807,1.46059e+06,72.9019,-0.0413385,101271,760411,564190,1.19083e+07,119411,21.2228,1.30297e+06,2.10877e+06,39.2681,14471.7,641.344,147355
28.9,-0.00331807,1.46059e+06,72.6108,-0.0413385,100855,760238,564191,1.19244e+07,119426,21.1405,1.30297e+06,2.11586e+06,39.1779,14500.6,641.863,147187
29,-0.00331807,1.46059e+06,72.321,-0.0413385,100443,760061,564194,1.19403e+07,119441,21.0585,1.30297e+06,2.12294e+06,39.0875,14529.3,642.372,147021
29.1,-0.00331807,1.46059e+06,72.0323,-0.0413385,100035,759882,564200,1.1956e+07,119457,20.9769,1.30296e+06,2.13001e+06,38.9971,14557.8,642.872,146856
29.2,-0.00331807,1.46059e+06,71.7447,-0.0413385,99629.4,759699,564211,1.19714e+07,119473,20.8957,1.30295e+06,2.13706e+06,38.9065,14586.1,643.362,146693
29.3,-0.00331807,1.46059e+06,71.4583,-0.0413385,99227.6,759512,564202,1.19867e+07,119489,20.8149,1.30293e+06,2.14409e+06,38.8159,14614.2,643.843,146532
29.4,-0.00331807,1.4606e+06,71.173,-0.0413385,98829.3,759323,564185,1.20017e+07,119505,20.7344,1.30292e+06,2.15112e+06,38.7253,14642.1,644.315,146372
29.5,-0.00331807,1.4606e+06,70.8889,-0.0413385,98434.3,759130,564158,1.20165e+07,119522,20.6543,1.30289e+06,2.15812e+06,38.6346,14669.8,644.777,146214
29.6,-0.00331807,1.46061e+06,70.6059,-0.0413385,98042.5,758934,564120,1.20311e+07,119539,20.5746,1.30287e+06,2.16512e+06,38.5438,14697.3,645.23,146057
29.7,-0.00331807,1.46061e+06,70.3241,-0.0413385,97654.1,758735,564080,1.20455e+07,119556,20.4952,1.30284e+06,2.1721e+06,38.453,14724.6,645.673,145901
29.8,-0.00331808,1.46062e+06,70.0433,-0.0413385,97268.9,758533,564062,1.20597e+07,119573,20.4162,1.3028e+06,2.17907e+06,38.3621,14751.7,646.108,145748
29.9,-0.00331808,1.46062e+06,69.7637,-0.0413385,96887,758328,564054,1.20736e+07,119591,20.3375,1.30277e+06,2.18602e+06,38.2711,14778.6,646.533,145595
30,-0.00331808,1.46062e+06,69.4852,-0.0413385,96508.2,758120,564057,1.20874e+07,119609,20.2592,1.30272e+06,2.19296e+06,38.1801,14805.4,646.949,145444
30.1,-0.00331808,1.46062e+06,69.2078,-0.0413385,96132.5,757908,564074,1.21009e+07,119627,20.1812,1.30268e+06,2.19989e+06,38.0891,14831.9,647.355,145295
30.2,-0.00331808,1.46061e+06,68.9316,-0.0413385,95760,757694,564084,1.21142e+07,119646,20.1036,1.30263e+06,2.2068e+06,37.998,14858.3,647.753,145147
30.3,-0.00331808,1.46061e+06,68.6564,-0.0413385,95390.5,757477,564086,1.21273e+07,119665,20.0263,1.30258e+06,2.2137e+06,37.9069,14884.4,648.141,145001
30.4,-0.00331808,1.46061e+06,68.3823,-0.0413385,95024.1,757258,564087,1.21403e+07,119684,19.9493,1.30253e+06,2.22058e+06,37.8158,14910.4,648.521,144856
30.5,-0.00331808,1.46062e+06,68.1093,-0.0413385,94660.7,757035,564085,1.2153e+07,119703,19.8727,1.30247e+06,2.22745e+06,37.7246,14936.2,648.891,144712
30.6,-0.00331808,1.46062e+06,67.8374,-0.0413385,94300.3,756810,564079,1.21655e+07,119723,19.7965,1.30241e+06,2.2343e+06,37.6334,14961.8,649.252,144570
30.7,-0.00331808,1.46061e+06,67.5666,-0.0413385,93942.9,756581,564101,1.21778e+07,119743,19.7206,1.30234e+06,2.24115e+06,37.5422,14987.2,649.605,144429
30.8,-0.00331808,1.46061e+06,67.2969,-0.0413385,93588.4,756350,564136,1.21899e+07,119763,19.645,1.30228e+06,2.24797e+06,37.451,15012.4,649.95,144289
30.9,-0.00331808,1.4606e+06,67.0283,-0.0413385,93236.8,756117,564187,1.22018e+07,119783,19.5697,1.30221e+06,2.25479e+06,37.3597,15037.5,650.285,144151
31,-0.00331808,1.46059e+06,66.7607,-0.0413385,92888.1,755880,564255,1.22135e+07,119804,19.4948,1.30213e+06,2.26158e+06,37.2685,15062.3,650.612,144014
31.1,-0.00331808,1.46058e+06,66.4942,-0.0413385,92542.3,755641,564318,1.2225e+07,119825,19.4202,1.30205e+06,2.26837e+06,37.1772,15087,650.931,143878
31.2,-0.00331808,1.46058e+06,66.2287,-0.0413385,92199.2,755400,564331,1.22363e+07,119846,19.3459,1.30197e+06,2.27514e+06,37.0859,15111.5,651.24,143744
31.3,-0.00331808,1.46058e+06,65.9643,-0.0413385,91859,755155,564318,1.22474e+07,119867,19.2719,1.30189e+06,2.2819e+06,36.9946,15135.9,651.54,143611
31.4,-0.00331808,1.46059e+06,65.701,-0.0413385,91521.5,754909,564273,1.22582e+07,119889,19.1983,1.30181e+06,2.28864e+06,36.9033,15160,651.831,143480
31.5,-0.00331808,1.4606e+06,65.4387,-0.0413385,91186.7,754659,564190,1.22689e+07,119911,19.125,1.30172e+06,2.29536e+06,36.812,15184,652.113,143349
31.6,-0.00331808,1.46061e+06,65.1775,-0.0413385,90854.7,754407,564145,1.22794e+07,119933,19.052,1.30163e+06,2.30208e+06,36.7207,15207.8,652.386,143220
31.7,-0.00331808,1.46061e+06,64.9173,-0.0413385,90525.3,754153,564145,1.22897e+07,119955,18.9793,1.30153e+06,2.30878e+06,36.6294,15231.4,652.652,143092
31.8,-0.00331808,1.46061e+06,64.6582,-0.0413385,90198.6,753896,564173,1.22998e+07,119978,18.9069,1.30143e+06,2.31546e+06,36.5381,15254.8,652.908,142966
31.9,-0.00331808,1.4606e+06,64.4,-0.0413385,89874.6,753637,564234,1.23097e+07,120001,18.8349,1.30133e+06,2.32213e+06,36.4469,15278.1,653.156,142840
32,-0.00331808,1.46059e+06,64.143,-0.0413385,89553.1,753376,564332,1.23194e+07,120024,18.7631,1.30123e+06,2.32879e+06,36.3556,15301.2,653.396,142716
32.1,-0.00331808,1.46058e+06,63.8869,-0.0413385,89234.2,753112,564345,1.23289e+07,120047,18.6917,1.30112e+06,2.33543e+06,36.2644,15324.1,653.626,142593
32.2,-0.00331808,1.46059e+06,63.6319,-0.0413385,88917.9,752846,564334,1.23382e+07,120070,18.6206,1.30101e+06,2.34205e+06,36.1731,15346.9,653.848,142471
32.3,-0.00331808,1.46059e+06,63.3778,-0.0413385,88604.1,752577,564292,1.23473e+07,120094,18.5498,1.3009e+06,2.34867e+06,36.0819,15369.5,654.06,142351
32.4,-0.00331808,1.4606e+06,63.1248,-0.0413385,88292.8,752306,564212,1.23561e+07,120118,18.4793,1.30079e+06,2.35526e+06,35.9908,15391.9,654.264,142231
32.5,-0.00331808,1.46062e+06,62.8728,-0.0413385,87984.1,752033,564128,1.23648e+07,120142,18.409,1.30067e+06,2.36185e+06,35.8996,15414.2,654.459,142113
32.6,-0.00331808,1.46062e+06,62.6219,-0.0413385,87677.7,751758,564110,1.23733e+07,120166,18.3391,1.30055e+06,2.36841e+06,35.8085,15436.3,654.646,141996
32.7,-0.00331808,1.46062e+06,62.3719,-0.0413385,87373.8,751480,564117,1.23816e+07,120190,18.2695,1.30043e+06,2.37497e+06,35.7174,15458.2,654.825,141880
32.8,-0.00331808,1.46061e+06,62.1229,-0.0413385,87072.3,751200,564153,1.23897e+07,120215,18.2002,1.30031e+06,2.38151e+06,35.6263,15479.9,654.995,141765
32.9,-0.00331808,1.4606e+06,61.8749,-0.0413385,86773.2,750918,564226,1.23977e+07,120240,18.1311,1.30018e+06,2.38803e+06,35.5353,15501.5,655.156,141651
33,-0.00331808,1.4606e+06,61.6279,-0.0413385,86476.5,750634,564276,1.24054e+07,120265,18.0624,1.30005e+06,2.39454e+06,35.4443,15522.9,655.31,141538
33.1,-0.00331808,1.4606e+06,61.3819,-0.0413385,86182.1,750348,564296,1.24129e+07,120290,17.994,1.29992e+06,2.40104e+06,35.3534,15544.2,655.454,141427
33.2,-0.00331808,1.46059e+06,61.1368,-0.0413385,85890.1,750060,564304,1.24203e+07,120316,17.9258,1.29978e+06,2.40752e+06,35.2625,15565.3,655.591,141316
33.3,-0.00331808,1.4606e+06,60.8928,-0.0413385,85600.3,749770,564297,1.24274e+07,120342,17.8579,1.29965e+06,2.41399e+06,35.1716,15586.2,655.719,141207
33.4,-0.00331808,1.4606e+06,60.6497,-0.0413385,85312.9,749477,564271,1.24344e+07,120368,17.7904,1.29951e+06,2.42044e+06,35.0808,15607,655.839,141098
33.5,-0.00331808,1.4606e+06,60.4076,-0.0413385,85027.7,749183,564271,1.24412e+07,120394,17.7231,1.29937e+06,2.42687e+06,34.99,15627.6,655.951,140991
33.6,-0.00331808,1.4606e+06,60.1664,-0.0413385,84744.7,748887,564271,1.24478e+07,120420,17.6561,1.29922e+06,2.4333e+06,34.8993,15648.1,656.054,140885
33.7,-0.00331808,1.4606e+06,59.9262,-0.0413385,84463.9,748588,564274,1.24542e+07,120446,17.5893,1.29908e+06,2.4397e+06,34.8086,15668.4,656.15,140779
33.8,-0.00331808,1.4606e+06,59.687,-0.0413385,84185.3,748288,564279,1.24604e+07,120473,17.5229,1.29893e+06,2.4461e+06,34.718,15688.6,656.237,140675
33.9,-0.00331808,1.4606e+06,59.4487,-0.0413385,83909,747986,564285,1.24664e+07,120500,17.4567,1.29878e+06,2.45248e+06,34.6275,15708.6,656.316,140572
34,-0.00331808,1.4606e+06,59.2114,-0.0413385,83634.7,747682,564287,1.24723e+07,120527,17.3908,1.29862e+06,2.45884e+06,34.537,15728.4,656.387,140469
34.1,-0.00331808,1.4606e+06,58.9751,-0.0413385,83362.6,747376,564290,1.24779e+07,120554,17.3252,1.29847e+06,2.46519e+06,34.4466,15748.1,656.449,140368
34.2,-0.00331808,1.4606e+06,58.7396,-0.0413385,83092.6,747068,564292,1.24834e+07,120582,17.2598,1.29831e+06,2.47152e+06,34.3562,15767.6,656.504,140268
34.3,-0.00331808,1.4606e+06,58.5051,-0.0413385,82824.8,746758,564295,1.24887e+07,120609,17.1948,1.29815e+06,2.47784e+06,34.2659,15787,656.55,140169
34.4,-0.00331808,1.4606e+06,58.2715,-0.0413385,82558.6,746447,564297,1.24938e+07,120637,17.1299,1.29799e+06,2.48414e+06,34.1757,15806.3,656.589,140070
34.5,-0.00331808,1.4606e+06,58.0388,-0.0413385,82294.4,746134,564300,1.24988e+07,120665,17.0654,1.29783e+06,2.49043e+06,34.0856,15825.4,656.621,139972
34.6,-0.00331808,1.4606e+06,57.807,-0.0413385,82032.3,745819,564302,1.25035e+07,120693,17.0011,1.29766e+06,2.49671e+06,33.9955,15844.3,656.644,139876
34.7,-0.00331808,1.4606e+06,57.5762,-0.0413385,81772.1,745503,564305,1.25081e+07,120721,16.937,1.29749e+06,2.50297e+06,33.9055,15863.1,656.659,139780
34.8,-0.00331808,1.4606e+06,57.3462,-0.0413385,81514,745185,564307,1.25125e+07,120749,16.8733,1.29732e+06,2.50921e+06,33.8156,15881.8,656.667,139685
34.9,-0.00331808,1.4606e+06,57.1172,-0.0413385,81257.8,744865,564310,1.25167e+07,120778,16.8098,1.29715e+06,2.51544e+06,33.7258,15900.3,656.666,139591
35,-0.00331808,1.4606e+06,56.8891,-0.0413385,81003.7,744543,564312,1.25207e+07,120807,16.7465,1.29698e+06,2.52166e+06,33.636,15918.6,656.658,139498
35.1,-0.00331808,1.4606e+06,56.662,-0.0413385,80751.7,744220,564315,1.25246e+07,120836,16.6836,1.2968e+06,2.52786e+06,33.5464,15936.8,656.642,139406
35.2,-0.00331808,1.4606e+06,56.4357,-0.0413385,80501.6,743895,564318,1.25283e+07,120865,16.6209,1.29662e+06,2.53404e+06,33.4567,15954.9,656.617,139315
35.3,-0.00331808,1.4606e+06,56.2104,-0.0413385,80253.5,743568,564320,1.25318e+07,120894,16.5584,1.29644e+06,2.54021e+06,33.3672,15972.8,656.585,139225
35.4,-0.00331808,1.4606e+06,55.9859,-0.0413385,80007,743240,564323,1.25351e+07,120924,16.4962,1.29626e+06,2.54637e+06,33.2778,15990.6,656.546,139136
35.5,-0.00331808,1.4606e+06,55.7623,-0.0413385,79762.1,742910,564325,1.25383e+07,120953,16.4342,1.29608e+06,2.55251e+06,33.1885,16008.2,656.5,139047
35.6,-0.00331808,1.4606e+06,55.5395,-0.0413385,79519.1,742579,564328,1.25412e+07,120983,16.3725,1.29589e+06,2.55863e+06,33.0992,16025.8,656.445,138959
35.7,-0.00331808,1.4606e+06,55.3177,-0.0413385,79278,742246,564330,1.25441e+07,121013,16.3111,1.2957e+06,2.56474e+06,33.0101,16043.1,656.384,138872
35.8,-0.00331808,1.4606e+06,55.0967,-0.0413385,79038.8,741912,564332,1.25467e+07,121043,16.2499,1.29552e+06,2.57084e+06,32.921,16060.4,656.314,138786
35.9,-0.00331808,1.4606e+06,54.8767,-0.0413385,78801.4,741576,564335,1.25492e+07,121073,16.1889,1.29532e+06,2.57692e+06,32.832,16077.4,656.237,138701
36,-0.00331808,1.4606e+06,54.6575,-0.0413385,78565.9,741238,564337,1.25514e+07,121103,16.1282,1.29513e+06,2.58299e+06,32.7432,16094.4,656.152,138616
36.1,-0.00331808,1.4606e+06,54.4392,-0.0413385,78332.3,740899,564340,1.25536e+07,121134,16.0678,1.29494e+06,2.58904e+06,32.6543,16111.2,656.06,138533
36.2,-0.00331808,1.4606e+06,54.2218,-0.0413386,78100.6,740558,564342,1.25555e+07,121164,16.0076,1.29474e+06,2.59507e+06,32.5656,16127.8,655.959,138450
36.3,-0.00331808,1.4606e+06,54.0054,-0.0413386,77870.7,740216,564345,1.25573e+07,121195,15.9477,1.29454e+06,2.6011e+06,32.477,16144.4,655.851,138368
36.4,-0.00331808,1.4606e+06,53.7897,-0.0413386,77642.3,739872,564347,1.25589e+07,121226,15.8879,1.29434e+06,2.6071e+06,32.3885,16160.8,655.737,138287
36.5,-0.00331808,1.4606e+06,53.5748,-0.0413386,77415.2,739528,564349,1.25603e+07,121257,15.8284,1.29414e+06,2.61309e+06,32.3001,16177,655.616,138207
36.6,-0.00331808,1.4606e+06,53.3607,-0.0413386,77190,739182,564352,1.25616e+07,121289,15.7692,1.29393e+06,2.61907e+06,32.2119,16193.2,655.487,138127
36.7,-0.00331808,1.4606e+06,53.1476,-0.0413386,76966.4,738834,564354,1.25627e+07,121320,15.7102,1.29373e+06,2.62503e+06,32.1237,16209.2,655.351,138048
36.8,-0.00331808,1.4606e+06,52.9353,-0.0413386,76744.6,738485,564356,1.25637e+07,121351,15.6514,1.29352e+06,2.63098e+06,32.0356,16225.1,655.207,137970
36.9,-0.00331808,1.4606e+06,52.7238,-0.0413386,76524.5,738135,564359,1.25645e+07,121383,15.5929,1.29331e+06,2.63691e+06,31.9476,16240.8,655.057,137892
37,-0.00331808,1.4606e+06,52.5133,-0.0413386,76306.1,737783,564361,1.25651e+07,121415,15.5346,1.2931e+06,2.64282e+06,31.8597,16256.4,654.898,137816
37.1,-0.00331808,1.4606e+06,52.3035,-0.0413386,76089.5,737429,564363,1.25655e+07,121447,15.4766,1.29289e+06,2.64872e+06,31.772,16271.9,654.733,137740
37.2,-0.00331808,1.4606e+06,52.0947,-0.0413386,75874.6,737075,564366,1.25658e+07,121479,15.4188,1.29268e+06,2.65461e+06,31.6843,16287.2,654.56,137665
37.3,-0.00331808,1.4606e+06,51.8867,-0.0413386,75661.4,736718,564368,1.25659e+07,121511,15.3612,1.29246e+06,2.66048e+06,31.5967,16302.4,654.38,137591
37.4,-0.00331808,1.4606e+06,51.6794,-0.0413386,75449.5,736361,564370,1.25659e+07,121544,15.3039,1.29224e+06,2.66634e+06,31.5093,16317.5,654.193,137517
37.5,-0.00331808,1.4606e+06,51.4729,-0.0413386,75238.7,736003,564373,1.25657e+07,121576,15.2467,1.29202e+06,2.67218e+06,31.422,16332.5,654.001,137444
37.6,-0.00331808,1.4606e+06,51.2672,-0.0413386,75029.5,735644,564375,1.25654e+07,121609,15.1898,1.2918e+06,2.67801e+06,31.3348,16347.3,653.801,137372
37.7,-0.00331808,1.4606e+06,51.0624,-0.0413386,74821.9,735283,564377,1.25649e+07,121642,15.1331,1.29158e+06,2.68382e+06,31.2478,16362.1,653.595,137300
37.8,-0.00331808,1.4606e+06,50.8583,-0.0413386,74615.7,734921,564379,1.25642e+07,121674,15.0767,1.29136e+06,2.68961e+06,31.1608,16376.7,653.381,137229
37.9,-0.00331808,1.4606e+06,50.6551,-0.0413386,74411.1,734558,564382,1.25634e+07,121707,15.0204,1.29114e+06,2.6954e+06,31.074,16391.2,653.161,137158
38,-0.00331808,1.4606e+06,50.4526,-0.0413386,74208,734194,564384,1.25625e+07,121741,14.9644,1.29091e+06,2.70116e+06,30.9873,16405.5,652.934,137089
38.1,-0.00331808,1.4606e+06,50.251,-0.0413386,74006.5,733829,564386,1.25613e+07,121774,14.9086,1.29068e+06,2.70691e+06,30.9007,16419.8,652.7,137020
38.2,-0.00331808,1.4606e+06,50.0502,-0.0413386,73806.4,733462,564388,1.25601e+07,121807,14.8531,1.29045e+06,2.71265e+06,30.8142,16433.9,652.46,136951
38.3,-0.00331808,1.4606e+06,49.8502,-0.0413386,73607.8,733094,564391,1.25586e+07,121841,14.7977,1.29022e+06,2.71837e+06,30.7279,16447.9,652.212,136884
38.4,-0.00331808,1.4606e+06,49.651,-0.0413386,73410.8,732725,564393,1.2557e+07,121874,14.7426,1.28999e+06,2.72408e+06,30.6417,16461.7,651.958,136817
38.5,-0.00331808,1.4606e+06,49.4526,-0.0413386,73215.2,732355,564395,1.25553e+07,121908,14.6877,1.28976e+06,2.72977e+06,30.5556,16475.5,651.696,136750
38.6,-0.00331808,1.4606e+06,49.255,-0.0413386,73021.1,731983,564397,1.25534e+07,121942,14.633,1.28952e+06,2.73545e+06,30.4696,16489.1,651.428,136685
38.7,-0.00331808,1.4606e+06,49.0583,-0.0413386,72828.5,731611,564399,1.25513e+07,121976,14.5786,1.28928e+06,2.74111e+06,30.3837,16502.6,651.154,136620
38.8,-0.00331808,1.4606e+06,48.8623,-0.0413386,72637.4,731237,564402,1.25491e+07,122010,14.5244,1.28905e+06,2.74675e+06,30.298,16516,650.872,136556
38.9,-0.00331808,1.4606e+06,48.6671,-0.0413386,72447.7,730862,564404,1.25468e+07,122045,14.4704,1.28881e+06,2.75238e+06,30.2124,16529.3,650.584,136492
39,-0.00331808,1.4606e+06,48.4728,-0.0413386,72259.6,730486,564406,1.25442e+07,122079,14.4166,1.28856e+06,2.758e+06,30.1269,16542.4,650.289,136429
39.1,-0.00331808,1.4606e+06,48.2792,-0.0413386,72072.8,730108,564408,1.25416e+07,122114,14.363,1.28832e+06,2.7636e+06,30.0415,16555.4,649.987,136367
39.2,-0.00331808,1.4606e+06,48.0864,-0.0413386,71887.6,729730,564410,1.25387e+07,122148,14.3097,1.28808e+06,2.76919e+06,29.9562,16568.3,649.679,136305
39.3,-0.00331808,1.4606e+06,47.8944,-0.0413386,71703.8,729350,564412,1.25358e+07,122183,14.2566,1.28783e+06,2.77476e+06,29.8711,16581.1,649.364,136244
39.4,-0.00331808,1.4606e+06,47.7031,-0.0413386,71520.8,728970,564414,1.25327e+07,122218,14.2036,1.28759e+06,2.78032e+06,29.7861,16593.8,649.044,136183
39.5,-0.00331808,1.4606e+06,47.5125,-0.0413386,71339.2,728589,564416,1.25295e+07,122253,14.1509,1.28734e+06,2.78586e+06,29.7013,16606.4,648.718,136123
39.6,-0.00331808,1.4606e+06,47.3227,-0.0413386,71158.9,728207,564419,1.25261e+07,122288,14.0983,1.28709e+06,2.79139e+06,29.6166,16618.8,648.385,136064
39.7,-0.00331808,1.4606e+06,47.1336,-0.0413386,70979.9,727823,564421,1.25226e+07,122323,14.046,1.28684e+06,2.7969e+06,29.5321,16631.2,648.047,136005
39.8,-0.00331808,1.4606e+06,46.9453,-0.0413386,70802.3,727439,564423,1.25189e+07,122359,13.9939,1.28659e+06,2.80239e+06,29.4477,16643.4,647.702,135946
39.9,-0.00331808,1.4606e+06,46.7578,-0.0413386,70626,727054,564425,1.25151e+07,122394,13.942,1.28633e+06,2.80788e+06,29.3634,16655.5,647.35,135889
40,-0.00331808,1.4606e+06,46.571,-0.0413386,70451,726668,564427,1.25111e+07,122430,13.8903,1.28608e+06,2.81334e+06,29.2792,16667.6,646.993,135831
40.1,-0.00331808,1.4606e+06,46.3849,-0.0413386,70277.2,726280,564429,1.2507e+07,122466,13.8388,1.28582e+06,2.8188e+06,29.1952,16679.5,646.629,135775
40.2,-0.00331808,1.4606e+06,46.1996,-0.0413386,70104.8,725892,564431,1.25028e+07,122501,13.7875,1.28557e+06,2.82423e+06,29.1113,16691.3,646.259,135719
40.3,-0.00331808,1.4606e+06,46.0151,-0.0413386,69933.6,725503,564433,1.24984e+07,122537,13.7364,1.28531e+06,2.82965e+06,29.0276,16702.9,645.883,135663
40.4,-0.00331808,1.4606e+06,45.8313,-0.0413386,69763.7,725113,564435,1.24939e+07,122573,13.6855,1.28505e+06,2.83506e+06,28.944,16714.5,645.501,135608
40.5,-0.00331808,1.4606e+06,45.6483,-0.0413386,69595,724722,564437,1.24893e+07,122609,13.6348,1.28479e+06,2.84045e+06,28.8606,16726,645.113,135554
40.6,-0.00331808,1.4606e+06,45.466,-0.0413386,69427.6,724330,564439,1.24845e+07,122646,13.5843,1.28452e+06,2.84583e+06,28.7772,16737.4,644.719,135500
40.7,-0.00331809,1.4606e+06,45.2844,-0.0413386,69261.5,723937,564441,1.24795e+07,122682,13.534,1.28426e+06,2.85119e+06,28.6941,16748.6,644.319,135447
40.8,-0.00331809,1.4606e+06,45.1036,-0.0413386,69096.5,723543,564443,1.24745e+07,122718,13.484,1.284e+06,2.85654e+06,28.611,16759.8,643.912,135394
40.9,-0.00331809,1.4606e+06,44.9235,-0.0413386,68932.8,723149,564445,1.24693e+07,122755,13.4341,1.28373e+06,2.86187e+06,28.5282,16770.8,643.5,135342
41,-0.00331809,1.4606e+06,44.7441,-0.0413386,68770.2,722753,564447,1.24639e+07,122792,13.3844,1.28346e+06,2.86719e+06,28.4454,16781.7,643.082,135290
41.1,-0.00331809,1.4606e+06,44.5654,-0.0413386,68608.9,722357,564449,1.24584e+07,122828,13.3349,1.2832e+06,2.87249e+06,28.3628,16792.6,642.658,135239
41.2,-0.00331809,1.4606e+06,44.3875,-0.0413386,68448.8,721959,564451,1.24528e+07,122865,13.2856,1.28293e+06,2.87778e+06,28.2804,16803.3,642.228,135188
41.3,-0.00331809,1.4606e+06,44.2103,-0.0413386,68289.7,721561,564453,1.24471e+07,122902,13.2365,1.28266e+06,2.88305e+06,28.1981,16813.9,641.792,135138
41.4,-0.00331809,1.4606e+06,44.0338,-0.0413386,68131.8,721162,564455,1.24412e+07,122939,13.1876,1.28238e+06,2.88831e+06,28.1159,16824.4,641.352,135088
41.5,-0.00331809,1.4606e+06,43.8579,-0.0413386,67975.1,720762,564457,1.24352e+07,122977,13.1388,1.28211e+06,2.89355e+06,28.0339,16834.9,640.905,135039
41.6,-0.00331809,1.4606e+06,43.6828,-0.0413386,67819.4,720362,564459,1.24291e+07,123014,13.0903,1.28184e+06,2.89878e+06,27.952,16845.2,640.453,134990
41.7,-0.00331809,1.4606e+06,43.5084,-0.0413386,67664.9,719960,564461,1.24229e+07,123051,13.042,1.28156e+06,2.904e+06,27.8703,16855.4,639.996,134942
41.8,-0.00331809,1.4606e+06,43.3347,-0.0413386,67511.5,719558,564463,1.24165e+07,123089,12.9938,1.28129e+06,2.9092e+06,27.7888,16865.5,639.533,134894
41.9,-0.00331809,1.4606e+06,43.1616,-0.0413386,67359.2,719155,564465,1.241e+07,123126,12.9458,1.28101e+06,2.91438e+06,27.7073,16875.6,639.064,134847
42,-0.00331809,1.4606e+06,42.9893,-0.0413386,67208,718752,564467,1.24033e+07,123164,12.8981,1.28073e+06,2.91955e+06,27.6261,16885.5,638.59,134800
42.1,-0.00331809,1.4606e+06,42.8177,-0.0413386,67057.8,718347,564469,1.23966e+07,123202,12.8505,1.28045e+06,2.9247e+06,27.545,16895.3,638.11,134753
42.2,-0.00331809,1.4606e+06,42.6467,-0.0413386,66908.8,717942,564471,1.23897e+07,123239,12.8031,1.28017e+06,2.92984e+06,27.464,16905,637.625,134708
42.3,-0.00331809,1.4606e+06,42.4765,-0.0413386,66760.8,717536,564473,1.23827e+07,123277,12.7558,1.27989e+06,2.93497e+06,27.3832,16914.7,637.135,134662
42.4,-0.00331809,1.4606e+06,42.3069,-0.0413386,66613.8,717129,564474,1.23756e+07,123315,12.7088,1.27961e+06,2.94008e+06,27.3026,16924.2,636.639,134617
42.5,-0.00331809,1.4606e+06,42.138,-0.0413386,66467.9,716722,564476,1.23683e+07,123354,12.6619,1.27932e+06,2.94517e+06,27.2221,16933.7,636.138,134572
42.6,-0.00331809,1.4606e+06,41.9698,-0.0413386,66323,716314,564478,1.2361e+07,123392,12.6153,1.27904e+06,2.95025e+06,27.1418,16943,635.632,134528
42.7,-0.00331809,1.4606e+06,41.8022,-0.0413386,66179.1,715905,564480,1.23535e+07,123430,12.5688,1.27875e+06,2.95532e+06,27.0616,16952.3,635.12,134484
42.8,-0.00331809,1.4606e+06,41.6353,-0.0413386,66036.2,715496,564482,1.23458e+07,123468,12.5224,1.27846e+06,2.96037e+06,26.9816,16961.4,634.603,134441
42.9,-0.00331809,1.4606e+06,41.4691,-0.0413386,65894.4,715086,564484,1.23381e+07,123507,12.4763,1.27818e+06,2.9654e+06,26.9017,16970.5,634.081,134398
43,-0.00331809,1.4606e+06,41.3036,-0.0413386,65753.5,714675,564485,1.23303e+07,123545,12.4303,1.27789e+06,2.97042e+06,26.822,16979.5,633.554,134356
43.1,-0.00331809,1.4606e+06,41.1387,-0.0413386,65613.6,714264,564487,1.23223e+07,123584,12.3846,1.2776e+06,2.97543e+06,26.7425,16988.4,633.022,134313
43.2,-0.00331809,1.4606e+06,40.9745,-0.0413386,65474.6,713852,564489,1.23142e+07,123623,12.339,1.27731e+06,2.98042e+06,26.6631,16997.2,632.485,134272
43.3,-0.00331809,1.4606e+06,40.8109,-0.0413386,65336.8,713439,564491,1.2306e+07,123662,12.2935,1.27702e+06,2.9854e+06,26.5839,17005.9,631.943,134230
43.4,-0.00331809,1.4606e+06,40.648,-0.0413386,65199.9,713025,564493,1.22977e+07,123700,12.2483,1.27672e+06,2.99036e+06,26.5048,17014.5,631.396,134190
43.5,-0.00331809,1.4606e+06,40.4857,-0.0413386,65064.1,712611,564494,1.22893e+07,123739,12.2032,1.27643e+06,2.99531e+06,26.4259,17023,630.844,134149
43.6,-0.00331809,1.4606e+06,40.3241,-0.0413386,64929.2,712197,564496,1.22807e+07,123779,12.1583,1.27614e+06,3.00024e+06,26.3471,17031.4,630.287,134109
43.7,-0.00331809,1.4606e+06,40.1632,-0.0413386,64795.2,711781,564498,1.22721e+07,123818,12.1136,1.27584e+06,3.00516e+06,26.2685,17039.8,629.725,134070
43.8,-0.00331809,1.4606e+06,40.0029,-0.0413386,64662.1,711365,564500,1.22633e+07,123857,12.069,1.27554e+06,3.01007e+06,26.1901,17048,629.158,134030
43.9,-0.00331809,1.4606e+06,39.8432,-0.0413386,64530,710949,564502,1.22544e+07,123896,12.0247,1.27525e+06,3.01496e+06,26.1118,17056.2,628.587,133991
44,-0.00331809,1.4606e+06,39.6842,-0.0413386,64398.9,710532,564503,1.22454e+07,123936,11.9804,1.27495e+06,3.01983e+06,26.0337,17064.3,628.011,133953
44.1,-0.00331809,1.4606e+06,39.5258,-0.0413386,64268.6,710114,564505,1.22363e+07,123975,11.9364,1.27465e+06,3.02469e+06,25.9557,17072.3,627.43,133915
44.2,-0.00331809,1.4606e+06,39.368,-0.0413387,64139.2,709696,564507,1.22271e+07,124015,11.8925,1.27435e+06,3.02954e+06,25.8779,17080.2,626.844,133877
44.3,-0.00331809,1.4606e+06,39.2109,-0.0413387,64010.7,709277,564509,1.22178e+07,124054,11.8488,1.27405e+06,3.03437e+06,25.8003,17088,626.254,133840
44.4,-0.00331809,1.4606e+06,39.0544,-0.0413387,63883.1,708858,564510,1.22084e+07,124094,11.8053,1.27375e+06,3.03918e+06,25.7229,17095.8,625.659,133803
44.5,-0.00331809,1.4606e+06,38.8985,-0.0413387,63756.4,708438,564512,1.21989e+07,124134,11.7619,1.27344e+06,3.04398e+06,25.6456,17103.4,625.06,133766
44.6,-0.00331809,1.4606e+06,38.7432,-0.0413387,63630.5,708017,564514,1.21892e+07,124174,11.7187,1.27314e+06,3.04877e+06,25.5684,17111,624.456,133729
44.7,-0.00331809,1.4606e+06,38.5886,-0.0413387,63505.5,707597,564515,1.21795e+07,124214,11.6757,1.27283e+06,3.05354e+06,25.4915,17118.5,623.847,133693
44.8,-0.00331809,1.4606e+06,38.4345,-0.0413387,63381.4,707175,564517,1.21697e+07,124254,11.6328,1.27253e+06,3.0583e+06,25.4147,17125.9,623.234,133658
44.9,-0.00331809,1.4606e+06,38.2811,-0.0413387,63258,706753,564519,1.21597e+07,124294,11.5901,1.27222e+06,3.06305e+06,25.338,17133.2,622.617,133622
45,-0.00331809,1.4606e+06,38.1283,-0.0413387,63135.5,706331,564520,1.21497e+07,124334,11.5475,1.27192e+06,3.06777e+06,25.2616,17140.5,621.995,133587
45.1,-0.00331809,1.4606e+06,37.9761,-0.0413387,63013.9,705908,564522,1.21395e+07,124374,11.5051,1.27161e+06,3.07249e+06,25.1853,17147.6,621.369,133553
45.2,-0.00331809,1.4606e+06,37.8245,-0.0413387,62893,705485,564524,1.21293e+07,124415,11.4629,1.2713e+06,3.07719e+06,25.1092,17154.7,620.739,133518
45.3,-0.00331809,1.4606e+06,37.6735,-0.0413387,62773.2,705061,564526,1.21189e+07,124455,11.4208,1.27099e+06,3.08188e+06,25.0332,17161.7,620.104,133485
45.4,-0.00331809,1.4606e+06,37.5232,-0.0413387,62654.2,704636,564527,1.21085e+07,124496,11.3789,1.27068e+06,3.08655e+06,24.9574,17168.6,619.465,133451
45.5,-0.00331809,1.4606e+06,37.3734,-0.0413387,62536.1,704211,564529,1.20979e+07,124536,11.3372,1.27037e+06,3.0912e+06,24.8817,17175.5,618.822,133418
45.6,-0.00331809,1.4606e+06,37.2242,-0.0413387,62418.7,703785,564530,1.20873e+07,124577,11.2956,1.27005e+06,3.09585e+06,24.8062,17182.2,618.174,133385
45.7,-0.00331809,1.4606e+06,37.0757,-0.0413387,62302.2,703359,564532,1.20766e+07,124617,11.2542,1.26974e+06,3.10048e+06,24.7309,17188.9,617.522,133352
45.8,-0.00331809,1.4606e+06,36.9277,-0.0413387,62186.4,702933,564534,1.20657e+07,124658,11.2129,1.26943e+06,3.10509e+06,24.6558,17195.5,616.867,133320
45.9,-0.00331809,1.4606e+06,36.7803,-0.0413387,62071.5,702506,564535,1.20548e+07,124699,11.1718,1.26911e+06,3.10969e+06,24.5808,17202,616.207,133288
46,-0.00331809,1.4606e+06,36.6335,-0.0413387,61957.3,702079,564537,1.20438e+07,124740,11.1308,1.2688e+06,3.11427e+06,24.506,17208.5,615.543,133256
46.1,-0.00331809,1.4606e+06,36.4873,-0.0413387,61843.9,701651,564539,1.20326e+07,124781,11.09,1.26848e+06,3.11885e+06,24.4313,17214.9,614.875,133225
46.2,-0.00331809,1.4606e+06,36.3417,-0.0413387,61731.3,701223,564540,1.20214e+07,124822,11.0494,1.26816e+06,3.1234e+06,24.3568,17221.2,614.203,133194
46.3,-0.00331809,1.4606e+06,36.1966,-0.0413387,61619.4,700794,564542,1.20101e+07,124863,11.0089,1.26785e+06,3.12794e+06,24.2825,17227.4,613.527,133163
46.4,-0.00331809,1.4606e+06,36.0522,-0.0413387,61508.3,700365,564543,1.19987e+07,124904,10.9685,1.26753e+06,3.13247e+06,24.2084,17233.5,612.847,133132
46.5,-0.00331809,1.4606e+06,35.9083,-0.0413387,61398,699936,564545,1.19872e+07,124946,10.9284,1.26721e+06,3.13699e+06,24.1344,17239.6,612.163,133102
46.6,-0.00331809,1.4606e+06,35.7649,-0.0413387,61288.4,699506,564547,1.19756e+07,124987,10.8883,1.26689e+06,3.14149e+06,24.0606,17245.6,611.476,133072
46.7,-0.00331809,1.4606e+06,35.6222,-0.0413387,61179.5,699076,564548,1.1964e+07,125028,10.8484,1.26657e+06,3.14597e+06,23.987,17251.5,610.785,133042
46.8,-0.00331809,1.4606e+06,35.48,-0.0413387,61071.3,698645,564550,1.19522e+07,125070,10.8087,1.26625e+06,3.15044e+06,23.9136,17257.4,610.089,133013
46.9,-0.00331809,1.4606e+06,35.3384,-0.0413387,60963.9,698214,564551,1.19404e+07,125111,10.7691,1.26593e+06,3.1549e+06,23.8403,17263.2,609.391,132984
47,-0.00331809,1.4606e+06,35.1973,-0.0413387,60857.2,697783,564553,1.19284e+07,125153,10.7297,1.2656e+06,3.15934e+06,23.7672,17268.9,608.688,132955
47.1,-0.00331809,1.4606e+06,35.0568,-0.0413387,60751.2,697352,564555,1.19164e+07,125195,10.6904,1.26528e+06,3.16377e+06,23.6942,17274.5,607.982,132927
47.2,-0.00331809,1.4606e+06,34.9169,-0.0413387,60646,696919,564556,1.19043e+07,125236,10.6512,1.26495e+06,3.16819e+06,23.6214,17280.1,607.272,132898
47.3,-0.00331809,1.4606e+06,34.7775,-0.0413387,60541.5,696487,564558,1.18921e+07,125278,10.6122,1.26463e+06,3.17259e+06,23.5488,17285.6,606.558,132870
47.4,-0.00331809,1.4606e+06,34.6387,-0.0413387,60437.8,696054,564559,1.18798e+07,125320,10.5734,1.2643e+06,3.17697e+06,23.4764,17291,605.841,132843
47.5,-0.00331809,1.4606e+06,34.5005,-0.0413387,60334.9,695621,564561,1.18675e+07,125362,10.5347,1.26398e+06,3.18135e+06,23.4041,17296.3,605.12,132815
47.6,-0.00331809,1.4606e+06,34.3628,-0.0413387,60232.6,695187,564562,1.1855e+07,125404,10.4961,1.26365e+06,3.1857e+06,23.332,17301.6,604.395,132788
47.7,-0.00331809,1.4606e+06,34.2256,-0.0413387,60131,694753,564564,1.18425e+07,125446,10.4577,1.26332e+06,3.19005e+06,23.26,17306.8,603.668,132761
47.8,-0.00331809,1.4606e+06,34.089,-0.0413387,60030.1,694319,564565,1.18299e+07,125488,10.4195,1.26299e+06,3.19438e+06,23.1882,17312,602.936,132735
47.9,-0.00331809,1.4606e+06,33.953,-0.0413387,59929.9,693884,564567,1.18172e+07,125530,10.3814,1.26266e+06,3.19869e+06,23.1166,17317.1,602.201,132708
48,-0.00331809,1.4606e+06,33.8175,-0.0413387,59830.3,693449,564568,1.18044e+07,125572,10.3434,1.26233e+06,3.203e+06,23.0452,17322.1,601.463,132682
48.1,-0.00331809,1.4606e+06,33.6825,-0.0413387,59731.4,693014,564570,1.17916e+07,125615,10.3056,1.262e+06,3.20729e+06,22.9739,17327,600.722,132656
48.2,-0.00331809,1.4606e+06,33.5481,-0.0413387,59633.2,692578,564571,1.17786e+07,125657,10.2679,1.26167e+06,3.21156e+06,22.9028,17331.9,599.977,132631
48.3,-0.00331809,1.4606e+06,33.4142,-0.0413387,59535.7,692142,564573,1.17656e+07,125699,10.2303,1.26134e+06,3.21582e+06,22.8319,17336.7,599.229,132605
48.4,-0.00331809,1.4606e+06,33.2808,-0.0413387,59438.8,691706,564574,1.17525e+07,125742,10.1929,1.26101e+06,3.22007e+06,22.7612,17341.4,598.477,132580
48.5,-0.00331809,1.4606e+06,33.148,-0.0413387,59342.6,691269,564576,1.17394e+07,125784,10.1556,1.26067e+06,3.2243e+06,22.6906,17346.1,597.722,132555
48.6,-0.00331809,1.4606e+06,33.0156,-0.0413387,59247,690833,564577,1.17261e+07,125827,10.1185,1.26034e+06,3.22852e+06,22.6202,17350.7,596.965,132531
48.7,-0.00331809,1.4606e+06,32.8839,-0.0413387,59152,690395,564579,1.17128e+07,125870,10.0815,1.26e+06,3.23272e+06,22.5499,17355.2,596.204,132506
48.8,-0.00331809,1.4606e+06,32.7526,-0.0413387,59057.7,689958,564580,1.16994e+07,125912,10.0447,1.25967e+06,3.23692e+06,22.4799,17359.7,595.439,132482
48.9,-0.00331809,1.4606e+06,32.6219,-0.0413387,58964,689520,564582,1.1686e+07,125955,10.008,1.25933e+06,3.24109e+06,22.41,17364.1,594.672,132458
49,-0.00331809,1.4606e+06,32.4916,-0.0413387,58870.9,689082,564583,1.16724e+07,125998,9.97138,1.259e+06,3.24526e+06,22.3403,17368.5,593.902,132434
49.1,-0.00331809,1.4606e+06,32.3619,-0.0413387,58778.5,688644,564584,1.16588e+07,126041,9.93494,1.25866e+06,3.24941e+06,22.2707,17372.8,593.129,132411
49.2,-0.00331809,1.4606e+06,32.2328,-0.0413387,58686.7,688206,564586,1.16451e+07,126084,9.89864,1.25832e+06,3.25354e+06,22.2013,17377,592.352,132388
49.3,-0.00331809,1.4606e+06,32.1041,-0.0413387,58595.7,687767,564587,1.16314e+07,126127,9.86248,1.25798e+06,3.25766e+06,22.1321,17381.1,591.572,132365
49.4,-0.00331809,1.4606e+06,31.976,-0.0413387,58505.2,687328,564589,1.16175e+07,126170,9.82646,1.25764e+06,3.26177e+06,22.063,17385.2,590.79,132342
49.5,-0.00331809,1.4606e+06,31.8484,-0.0413387,58415.4,686888,564590,1.16036e+07,126213,9.79057,1.2573e+06,3.26587e+06,21.9942,17389.3,590.004,132319
49.6,-0.00331809,1.4606e+06,31.7213,-0.0413387,58326.2,686448,564592,1.15897e+07,126256,9.75482,1.25696e+06,3.26995e+06,21.9254,17393.2,589.216,132297
49.7,-0.00331809,1.4606e+06,31.5947,-0.0413387,58237.6,686009,564593,1.15756e+07,126299,9.7192,1.25662e+06,3.27402e+06,21.8569,17397.1,588.424,132275
49.8,-0.00331809,1.4606e+06,31.4686,-0.0413387,58149.5,685568,564594,1.15615e+07,126342,9.68371,1.25628e+06,3.27807e+06,21.7885,17401,587.63,132253
49.9,-0.00331809,1.4606e+06,31.343,-0.0413387,58062.1,685128,564596,1.15474e+07,126386,9.64835,1.25594e+06,3.28211e+06,21.7203,17404.7,586.833,132231
50,-0.00331809,1.4606e+06,31.2179,-0.0413387,57975.3,684687,564597,1.15331e+07,126429,9.61313,1.25559e+06,3.28614e+06,21.6523,17408.5,586.033,132210
50.1,-0.00331809,1.4606e+06,31.0933,-0.0413387,57889.1,684246,564599,1.15188e+07,126473,9.57804,1.25525e+06,3.29015e+06,21.5844,17412.1,585.231,132188
50.2,-0.00331809,1.4606e+06,30.9692,-0.0413387,57803.5,683805,564600,1.15044e+07,126516,9.54308,1.25491e+06,3.29415e+06,21.5167,17415.7,584.425,132167
50.3,-0.00331809,1.4606e+06,30.8456,-0.0413387,57718.4,683364,564601,1.149e+07,126560,9.50825,1.25456e+06,3.29814e+06,21.4492,17419.3,583.617,132146
50.4,-0.00331809,1.4606e+06,30.7225,-0.0413387,57633.9,682922,564603,1.14755e+07,126603,9.47356,1.25422e+06,3.30211e+06,21.3818,17422.8,582.806,132126
50.5,-0.00331809,1.4606e+06,30.5999,-0.0413387,57550,682480,564604,1.14609e+07,126647,9.43899,1.25387e+06,3.30607e+06,21.3146,17426.2,581.993,132105
50.6,-0.00331809,1.4606e+06,30.4778,-0.0413387,57466.7,682038,564605,1.14463e+07,126690,9.40455,1.25352e+06,3.31002e+06,21.2476,17429.5,581.177,132085
50.7,-0.00331809,1.4606e+06,30.3562,-0.0413387,57383.9,681596,564607,1.14316e+07,126734,9.37024,1.25318e+06,3.31395e+06,21.1808,17432.9,580.359,132065
50.8,-0.00331809,1.4606e+06,30.235,-0.0413387,57301.7,681154,564608,1.14169e+07,126778,9.33605,1.25283e+06,3.31787e+06,21.1141,17436.1,579.538,132045
50.9,-0.00331809,1.4606e+06,30.1143,-0.0413387,57220,680711,564609,1.14021e+07,126822,9.302,1.25248e+06,3.32178e+06,21.0476,17439.3,578.714,132025
51,-0.00331809,1.4606e+06,29.9941,-0.0413387,57138.9,680268,564611,1.13872e+07,126866,9.26807,1.25213e+06,3.32567e+06,20.9812,17442.4,577.888,132006
51.1,-0.00331809,1.4606e+06,29.8744,-0.0413387,57058.3,679825,564612,1.13723e+07,126910,9.23426,1.25178e+06,3.32955e+06,20.9151,17445.5,577.06,131986
51.2,-0.00331809,1.4606e+06,29.7552,-0.0413387,56978.3,679382,564613,1.13573e+07,126954,9.20058,1.25143e+06,3.33341e+06,20.8491,17448.5,576.229,131967
51.3,-0.00331809,1.4606e+06,29.6364,-0.0413387,56898.8,678939,564615,1.13422e+07,126998,9.16703,1.25108e+06,3.33726e+06,20.7833,17451.5,575.395,131948
51.4,-0.00331809,1.4606e+06,29.5182,-0.0413387,56819.8,678495,564616,1.13271e+07,127042,9.1336,1.25073e+06,3.3411e+06,20.7176,17454.4,574.56,131929
51.5,-0.00331809,1.4606e+06,29.4003,-0.0413387,56741.4,678051,564617,1.13119e+07,127086,9.1003,1.25038e+06,3.34493e+06,20.6521,17457.3,573.722,131911
51.6,-0.00331809,1.4606e+06,29.283,-0.0413387,56663.5,677608,564619,1.12967e+07,127130,9.06712,1.25003e+06,3.34874e+06,20.5868,17460.1,572.882,131892
51.7,-0.00331809,1.4606e+06,29.1661,-0.0413387,56586.1,677164,564620,1.12814e+07,127174,9.03406,1.24967e+06,3.35254e+06,20.5216,17462.8,572.039,131874
51.8,-0.00331809,1.4606e+06,29.0497,-0.0413387,56509.2,676719,564621,1.12661e+07,127219,9.00112,1.24932e+06,3.35633e+06,20.4567,17465.5,571.194,131856
51.9,-0.0033181,1.4606e+06,28.9337,-0.0413387,56432.9,676275,564622,1.12507e+07,127263,8.96831,1.24897e+06,3.3601e+06,20.3919,17468.2,570.347,131838
52,-0.0033181,1.4606e+06,28.8182,-0.0413387,56357,675831,564624,1.12353e+07,127307,8.93561,1.24861e+06,3.36386e+06,20.3272,17470.8,569.498,131820
52.1,-0.0033181,1.4606e+06,28.7032,-0.0413387,56281.6,675386,564625,1.12198e+07,127352,8.90304,1.24826e+06,3.36761e+06,20.2627,17473.3,568.647,131803
52.2,-0.0033181,1.4606e+06,28.5886,-0.0413387,56206.8,674941,564626,1.12043e+07,127396,8.87059,1.2479e+06,3.37134e+06,20.1984,17475.8,567.793,131785
52.3,-0.0033181,1.4606e+06,28.4745,-0.0413387,56132.6,674496,564628,1.11887e+07,127441,8.83827,1.24755e+06,3.37506e+06,20.1343,17478.2,566.937,131768
52.4,-0.0033181,1.4606e+06,28.3609,-0.0413387,56058.9,674051,564629,1.1173e+07,127485,8.80606,1.24719e+06,3.37877e+06,20.0703,17480.6,566.079,131751
52.5,-0.0033181,1.4606e+06,28.2477,-0.0413387,55985.6,673605,564630,1.11573e+07,127530,8.77398,1.24683e+06,3.38246e+06,20.0065,17482.9,565.219,131734
52.6,-0.0033181,1.4606e+06,28.135,-0.0413387,55912.9,673160,564631,1.11415e+07,127575,8.74201,1.24648e+06,3.38614e+06,19.9429,17485.2,564.357,131718
52.7,-0.0033181,1.4606e+06,28.0227,-0.0413388,55840.6,672714,564633,1.11257e+07,127619,8.71017,1.24612e+06,3.38981e+06,19.8794,17487.4,563.492,131701
52.8,-0.0033181,1.4606e+06,27.9108,-0.0413388,55768.9,672269,564634,1.11099e+07,127664,8.67844,1.24576e+06,3.39347e+06,19.8161,17489.6,562.626,131685
52.9,-0.0033181,1.4606e+06,27.7995,-0.0413388,55697.6,671823,564635,1.1094e+07,127709,8.64683,1.2454e+06,3.39711e+06,19.7529,17491.7,561.758,131668
53,-0.0033181,1.4606e+06,27.6885,-0.0413388,55626.8,671377,564636,1.1078e+07,127754,8.61533,1.24504e+06,3.40074e+06,19.69,17493.7,560.888,131652
53.1,-0.0033181,1.4606e+06,27.578,-0.0413388,55556.5,670931,564637,1.1062e+07,127799,8.58395,1.24468e+06,3.40436e+06,19.6272,17495.8,560.016,131636
53.2,-0.0033181,1.4606e+06,27.4679,-0.0413388,55486.6,670484,564639,1.10459e+07,127843,8.55269,1.24432e+06,3.40796e+06,19.5645,17497.7,559.142,131621
53.3,-0.0033181,1.4606e+06,27.3583,-0.0413388,55417.3,670038,564640,1.10298e+07,127888,8.52154,1.24396e+06,3.41155e+06,19.502,17499.6,558.266,131605
53.4,-0.0033181,1.4606e+06,27.2491,-0.0413388,55348.3,669592,564641,1.10137e+07,127933,8.49051,1.2436e+06,3.41513e+06,19.4397,17501.5,557.388,131590
53.5,-0.0033181,1.4606e+06,27.1404,-0.0413388,55279.9,669145,564642,1.09975e+07,127978,8.4596,1.24324e+06,3.4187e+06,19.3776,17503.3,556.509,131574
53.6,-0.0033181,1.4606e+06,27.032,-0.0413388,55211.9,668698,564643,1.09813e+07,128024,8.4288,1.24288e+06,3.42225e+06,19.3156,17505.1,555.628,131559
53.7,-0.0033181,1.4606e+06,26.9242,-0.0413388,55144.4,668252,564645,1.0965e+07,128069,8.39811,1.24251e+06,3.42579e+06,19.2538,17506.8,554.745,131544
53.8,-0.0033181,1.4606e+06,26.8167,-0.0413388,55077.4,667805,564646,1.09487e+07,128114,8.36753,1.24215e+06,3.42931e+06,19.1922,17508.5,553.86,131529
53.9,-0.0033181,1.4606e+06,26.7097,-0.0413388,55010.8,667358,564647,1.09323e+07,128159,8.33707,1.24179e+06,3.43283e+06,19.1307,17510.1,552.974,131514
54,-0.0033181,1.4606e+06,26.6031,-0.0413388,54944.6,666911,564648,1.09159e+07,128204,8.30672,1.24142e+06,3.43633e+06,19.0694,17511.7,552.085,131500
54.1,-0.0033181,1.4606e+06,26.4969,-0.0413388,54878.9,666464,564649,1.08995e+07,128250,8.27648,1.24106e+06,3.43982e+06,19.0082,17513.2,551.196,131485
54.2,-0.0033181,1.4606e+06,26.3911,-0.0413388,54813.6,666016,564651,1.0883e+07,128295,8.24635,1.24069e+06,3.4433e+06,18.9473,17514.7,550.304,131471
54.3,-0.0033181,1.4606e+06,26.2858,-0.0413388,54748.8,665569,564652,1.08664e+07,128340,8.21634,1.24033e+06,3.44676e+06,18.8865,17516.2,549.411,131457
54.4,-0.0033181,1.4606e+06,26.1809,-0.0413388,54684.4,665122,564653,1.08499e+07,128386,8.18643,1.23996e+06,3.45021e+06,18.8258,17517.5,548.517,131443
54.5,-0.0033181,1.4606e+06,26.0764,-0.0413388,54620.4,664674,564654,1.08333e+07,128431,8.15664,1.2396e+06,3.45365e+06,18.7653,17518.9,547.621,131429
54.6,-0.0033181,1.4606e+06,25.9723,-0.0413388,54556.9,664227,564655,1.08166e+07,128477,8.12695,1.23923e+06,3.45708e+06,18.705,17520.2,546.723,131415
54.7,-0.0033181,1.4606e+06,25.8686,-0.0413388,54493.7,663779,564656,1.07999e+07,128522,8.09737,1.23886e+06,3.46049e+06,18.6449,17521.4,545.824,131401
54.8,-0.0033181,1.4606e+06,25.7654,-0.0413388,54431.1,663332,564657,1.07832e+07,128568,8.0679,1.23849e+06,3.46389e+06,18.5849,17522.7,544.924,131388
54.9,-0.0033181,1.4606e+06,25.6625,-0.0413388,54368.8,662884,564659,1.07664e+07,128613,8.03854,1.23813e+06,3.46728e+06,18.525,17523.8,544.022,131374
55,-0.0033181,1.4606e+06,25.5601,-0.0413388,54306.9,662436,564660,1.07496e+07,128659,8.00929,1.23776e+06,3.47065e+06,18.4654,17524.9,543.118,131361
55.1,-0.0033181,1.4606e+06,25.458,-0.0413388,54245.5,661988,564661,1.07328e+07,128705,7.98015,1.23739e+06,3.47402e+06,18.4059,17526,542.213,131348
55.2,-0.0033181,1.4606e+06,25.3564,-0.0413388,54184.5,661541,564662,1.07159e+07,128750,7.95111,1.23702e+06,3.47737e+06,18.3466,17527.1,541.307,131335
55.3,-0.0033181,1.4606e+06,25.2552,-0.0413388,54123.9,661093,564663,1.0699e+07,128796,7.92218,1.23665e+06,3.48071e+06,18.2874,17528,540.399,131322
55.4,-0.0033181,1.4606e+06,25.1544,-0.0413388,54063.8,660645,564664,1.06821e+07,128842,7.89336,1.23628e+06,3.48404e+06,18.2284,17529,539.49,131309
55.5,-0.0033181,1.4606e+06,25.054,-0.0413388,54004,660196,564665,1.06651e+07,128888,7.86465,1.23591e+06,3.48735e+06,18.1695,17529.9,538.58,131297
55.6,-0.0033181,1.4606e+06,24.954,-0.0413388,53944.7,659748,564666,1.06481e+07,128934,7.83604,1.23554e+06,3.49065e+06,18.1108,17530.7,537.668,131284
55.7,-0.0033181,1.4606e+06,24.8544,-0.0413388,53885.8,659300,564668,1.0631e+07,128980,7.80754,1.23516e+06,3.49394e+06,18.0523,17531.6,536.755,131272
55.8,-0.0033181,1.4606e+06,24.7552,-0.0413388,53827.2,658852,564669,1.06139e+07,129026,7.77914,1.23479e+06,3.49722e+06,17.994,17532.3,535.841,131259
55.9,-0.0033181,1.4606e+06,24.6564,-0.0413388,53769.1,658404,564670,1.05968e+07,129072,7.75084,1.23442e+06,3.50048e+06,17.9358,17533.1,534.925,131247
56,-0.0033181,1.4606e+06,24.5579,-0.0413388,53711.4,657956,564671,1.05797e+07,129118,7.72265,1.23405e+06,3.50374e+06,17.8777,17533.7,534.009,131235
56.1,-0.0033181,1.4606e+06,24.4599,-0.0413388,53654.1,657507,564672,1.05625e+07,129164,7.69457,1.23367e+06,3.50698e+06,17.8198,17534.4,533.091,131223
56.2,-0.0033181,1.4606e+06,24.3623,-0.0413388,53597.1,657059,564673,1.05453e+07,129210,7.66659,1.2333e+06,3.51021e+06,17.7621,17535,532.172,131211
56.3,-0.0033181,1.4606e+06,24.265,-0.0413388,53540.6,656610,564674,1.0528e+07,129256,7.63871,1.23293e+06,3.51342e+06,17.7046,17535.6,531.252,131200
56.4,-0.0033181,1.4606e+06,24.1682,-0.0413388,53484.4,656162,564675,1.05108e+07,129302,7.61093,1.23255e+06,3.51663e+06,17.6472,17536.1,530.33,131188
56.5,-0.0033181,1.4606e+06,24.0717,-0.0413388,53428.6,655714,564676,1.04934e+07,129348,7.58326,1.23218e+06,3.51982e+06,17.5899,17536.6,529.408,131177
56.6,-0.0033181,1.4606e+06,23.9756,-0.0413388,53373.2,655265,564677,1.04761e+07,129395,7.55568,1.2318e+06,3.523e+06,17.5329,17537,528.485,131165
56.7,-0.0033181,1.4606e+06,23.8799,-0.0413388,53318.2,654817,564678,1.04588e+07,129441,7.52821,1.23143e+06,3.52617e+06,17.4759,17537.4,527.56,131154
56.8,-0.0033181,1.4606e+06,23.7846,-0.0413388,53263.6,654368,564679,1.04414e+07,129487,7.50084,1.23105e+06,3.52932e+06,17.4192,17537.8,526.635,131143
56.9,-0.0033181,1.4606e+06,23.6896,-0.0413388,53209.3,653920,564680,1.0424e+07,129534,7.47357,1.23067e+06,3.53247e+06,17.3626,17538.1,525.708,131132
57,-0.0033181,1.4606e+06,23.5951,-0.0413388,53155.4,653471,564681,1.04065e+07,129580,7.4464,1.2303e+06,3.5356e+06,17.3062,17538.4,524.781,131121
57.1,-0.0033181,1.4606e+06,23.5009,-0.0413388,53101.9,653023,564683,1.0389e+07,129627,7.41933,1.22992e+06,3.53872e+06,17.2499,17538.6,523.852,131110
57.2,-0.0033181,1.4606e+06,23.4071,-0.0413388,53048.7,652574,564684,1.03715e+07,129673,7.39236,1.22954e+06,3.54183e+06,17.1938,17538.8,522.923,131099
57.3,-0.0033181,1.4606e+06,23.3136,-0.0413388,52996,652126,564685,1.0354e+07,129720,7.36549,1.22916e+06,3.54493e+06,17.1378,17539,521.993,131089
57.4,-0.0033181,1.4606e+06,23.2206,-0.0413388,52943.5,651677,564686,1.03365e+07,129766,7.33872,1.22878e+06,3.54801e+06,17.082,17539.1,521.061,131078
57.5,-0.0033181,1.4606e+06,23.1279,-0.0413388,52891.5,651229,564687,1.03189e+07,129813,7.31205,1.22841e+06,3.55108e+06,17.0264,17539.2,520.129,131068
57.6,-0.0033181,1.4606e+06,23.0356,-0.0413388,52839.8,650780,564688,1.03013e+07,129859,7.28547,1.22803e+06,3.55414e+06,16.9709,17539.2,519.197,131057
57.7,-0.0033181,1.4606e+06,22.9436,-0.0413388,52788.5,650331,564689,1.02837e+07,129906,7.259,1.22765e+06,3.55719e+06,16.9155,17539.2,518.263,131047
57.8,-0.0033181,1.4606e+06,22.852,-0.0413388,52737.5,649883,564690,1.0266e+07,129953,7.23262,1.22727e+06,3.56023e+06,16.8604,17539.2,517.328,131037
57.9,-0.0033181,1.4606e+06,22.7608,-0.0413388,52686.9,649434,564691,1.02484e+07,129999,7.20633,1.22689e+06,3.56326e+06,16.8053,17539.1,516.393,131027
58,-0.0033181,1.4606e+06,22.6699,-0.0413388,52636.6,648986,564692,1.02307e+07,130046,7.18015,1.22651e+06,3.56627e+06,16.7505,17539,515.457,131017
58.1,-0.0033181,1.4606e+06,22.5794,-0.0413388,52586.7,648537,564693,1.0213e+07,130093,7.15406,1.22613e+06,3.56927e+06,16.6958,17538.9,514.52,131007
58.2,-0.0033181,1.4606e+06,22.4893,-0.0413388,52537.2,648089,564694,1.01952e+07,130140,7.12806,1.22574e+06,3.57226e+06,16.6412,17538.7,513.583,130997
58.3,-0.0033181,1.4606e+06,22.3995,-0.0413388,52488,647640,564695,1.01775e+07,130186,7.10216,1.22536e+06,3.57524e+06,16.5868,17538.5,512.644,130988
58.4,-0.0033181,1.4606e+06,22.3101,-0.0413388,52439.1,647192,564696,1.01597e+07,130233,7.07635,1.22498e+06,3.57821e+06,16.5326,17538.2,511.705,130978
58.5,-0.0033181,1.4606e+06,22.221,-0.0413388,52390.5,646743,564697,1.01419e+07,130280,7.05064,1.2246e+06,3.58117e+06,16.4785,17538,510.765,130969
58.6,-0.0033181,1.4606e+06,22.1323,-0.0413388,52342.3,646295,564698,1.01241e+07,130327,7.02502,1.22421e+06,3.58411e+06,16.4246,17537.6,509.825,130959
58.7,-0.0033181,1.4606e+06,22.044,-0.0413388,52294.4,645846,564699,1.01063e+07,130374,6.99949,1.22383e+06,3.58704e+06,16.3708,17537.3,508.884,130950
58.8,-0.0033181,1.4606e+06,21.956,-0.0413388,52246.9,645398,564700,1.00884e+07,130421,6.97406,1.22345e+06,3.58997e+06,16.3172,17536.9,507.943,130941
58.9,-0.0033181,1.4606e+06,21.8683,-0.0413388,52199.7,644950,564701,1.00705e+07,130468,6.94872,1.22306e+06,3.59288e+06,16.2637,17536.5,507,130932
59,-0.0033181,1.4606e+06,21.781,-0.0413388,52152.8,644501,564702,1.00526e+07,130515,6.92347,1.22268e+06,3.59577e+06,16.2104,17536,506.057,130923
59.1,-0.0033181,1.4606e+06,21.6941,-0.0413388,52106.2,644053,564703,1.00347e+07,130562,6.89831,1.22229e+06,3.59866e+06,16.1573,17535.5,505.114,130914
59.2,-0.0033181,1.4606e+06,21.6074,-0.0413388,52060,643605,564704,1.00168e+07,130609,6.87325,1.22191e+06,3.60154e+06,16.1043,17535,504.17,130905
59.3,-0.0033181,1.4606e+06,21.5212,-0.0413388,52014.1,643157,564705,9.99884e+06,130657,6.84828,1.22152e+06,3.6044e+06,16.0514,17534.4,503.226,130896
59.4,-0.0033181,1.4606e+06,21.4353,-0.0413388,51968.5,642708,564706,9.98087e+06,130704,6.8234,1.22114e+06,3.60725e+06,15.9987,17533.8,502.281,130887
59.5,-0.0033181,1.4606e+06,21.3497,-0.0413388,51923.3,642260,564707,9.96289e+06,130751,6.79861,1.22075e+06,3.6101e+06,15.9462,17533.1,501.336,130879
59.6,-0.0033181,1.4606e+06,21.2645,-0.0413388,51878.4,641812,564707,9.9449e+06,130798,6.77391,1.22037e+06,3.61293e+06,15.8938,17532.5,500.39,130870
59.7,-0.0033181,1.4606e+06,21.1796,-0.0413388,51833.8,641364,564708,9.92688e+06,130846,6.7493,1.21998e+06,3.61574e+06,15.8416,17531.8,499.443,130862
59.8,-0.0033181,1.4606e+06,21.095,-0.0413388,51789.5,640916,564709,9.90886e+06,130893,6.72478,1.21959e+06,3.61855e+06,15.7895,17531,498.497,130853
59.9,-0.0033181,1.4606e+06,21.0108,-0.0413388,51745.5,640468,564710,9.89082e+06,130940,6.70034,1.21921e+06,3.62135e+06,15.7375,17530.3,497.549,130845
60,-0.0033181,1.4606e+06,20.9269,-0.0413388,51701.8,640020,564711,9.87276e+06,130988,6.676,1.21882e+06,3.62413e+06,15.6857,17529.5,496.602,130837
60.1,-0.0033181,1.4606e+06,20.8434,-0.0413388,51658.5,639572,564712,9.85469e+06,131035,6.65175,1.21843e+06,3.62691e+06,15.6341,17528.6,495.654,130829
60.2,-0.0033181,1.4606e+06,20.7602,-0.0413388,51615.5,639124,564713,9.83661e+06,131082,6.62759,1.21804e+06,3.62967e+06,15.5826,17527.7,494.706,130821
60.3,-0.0033181,1.4606e+06,20.6773,-0.0413388,51572.7,638676,564714,9.81851e+06,131130,6.60351,1.21765e+06,3.63242e+06,15.5313,17526.8,493.757,130813
60.4,-0.0033181,1.4606e+06,20.5947,-0.0413388,51530.3,638229,564715,9.8004e+06,131177,6.57952,1.21726e+06,3.63516e+06,15.4801,17525.9,492.808,130805
60.5,-0.0033181,1.4606e+06,20.5125,-0.0413388,51488.2,637781,564716,9.78228e+06,131225,6.55562,1.21687e+06,3.63789e+06,15.4291,17524.9,491.859,130797
60.6,-0.0033181,1.4606e+06,20.4306,-0.0413388,51446.4,637333,564717,9.76415e+06,131272,6.5318,1.21648e+06,3.64061e+06,15.3782,17523.9,490.909,130789
60.7,-0.0033181,1.4606e+06,20.349,-0.0413388,51404.9,636886,564718,9.746e+06,131320,6.50808,1.21609e+06,3.64332e+06,15.3274,17522.9,489.96,130782
60.8,-0.0033181,1.4606e+06,20.2678,-0.0413388,51363.7,636438,564719,9.72785e+06,131368,6.48443,1.2157e+06,3.64602e+06,15.2768,17521.8,489.009,130774
60.9,-0.0033181,1.4606e+06,20.1869,-0.0413388,51322.9,635991,564720,9.70968e+06,131415,6.46088,1.21531e+06,3.6487e+06,15.2264,17520.7,488.059,130767
61,-0.0033181,1.4606e+06,20.1063,-0.0413388,51282.3,635543,564720,9.6915e+06,131463,6.43741,1.21492e+06,3.65138e+06,15.1761,17519.6,487.109,130759
61.1,-0.0033181,1.4606e+06,20.026,-0.0413388,51242,635096,564721,9.67331e+06,131511,6.41402,1.21453e+06,3.65404e+06,15.1259,17518.4,486.158,130752
61.2,-0.0033181,1.4606e+06,19.9461,-0.0413388,51202,634649,564722,9.65512e+06,131558,6.39072,1.21414e+06,3.6567e+06,15.0759,17517.3,485.207,130745
61.3,-0.0033181,1.4606e+06,19.8665,-0.0413388,51162.3,634201,564723,9.63691e+06,131606,6.36751,1.21375e+06,3.65934e+06,15.0261,17516,484.256,130737
61.4,-0.0033181,1.4606e+06,19.7872,-0.0413388,51122.8,633754,564724,9.61869e+06,131654,6.34438,1.21336e+06,3.66197e+06,14.9764,17514.8,483.305,130730
61.5,-0.0033181,1.4606e+06,19.7082,-0.0413388,51083.6,633307,564725,9.60047e+06,131702,6.32134,1.21296e+06,3.66459e+06,14.9268,17513.5,482.353,130723
61.6,-0.0033181,1.4606e+06,19.6295,-0.0413388,51044.8,632860,564726,9.58224e+06,131749,6.29838,1.21257e+06,3.6672e+06,14.8774,17512.2,481.402,130716
61.7,-0.0033181,1.4606e+06,19.5511,-0.0413388,51006.1,632413,564727,9.564e+06,131797,6.27551,1.21218e+06,3.6698e+06,14.8281,17510.9,480.45,130709
61.8,-0.0033181,1.4606e+06,19.473,-0.0413388,50967.8,631966,564728,9.54575e+06,131845,6.25272,1.21178e+06,3.67239e+06,14.779,17509.5,479.499,130702
61.9,-0.0033181,1.4606e+06,19.3953,-0.0413388,50929.8,631520,564728,9.52749e+06,131893,6.23001,1.21139e+06,3.67497e+06,14.73,17508.1,478.547,130695
62,-0.0033181,1.4606e+06,19.3179,-0.0413388,50892,631073,564729,9.50923e+06,131941,6.20738,1.211e+06,3.67753e+06,14.6812,17506.7,477.595,130689
62.1,-0.0033181,1.4606e+06,19.2407,-0.0413388,50854.5,630626,564730,9.49096e+06,131989,6.18484,1.2106e+06,3.68009e+06,14.6325,17505.2,476.643,130682
62.2,-0.0033181,1.4606e+06,19.1639,-0.0413388,50817.3,630180,564731,9.47268e+06,132037,6.16238,1.21021e+06,3.68263e+06,14.584,17503.7,475.691,130675
62.3,-0.0033181,1.4606e+06,19.0874,-0.0413388,50780.4,629734,564732,9.4544e+06,132085,6.14,1.20981e+06,3.68517e+06,14.5356,17502.2,474.739,130669
62.4,-0.0033181,1.4606e+06,19.0112,-0.0413389,50743.7,629287,564733,9.43612e+06,132133,6.11771,1.20942e+06,3.68769e+06,14.4873,17500.6,473.787,130662
62.5,-0.0033181,1.4606e+06,18.9353,-0.0413389,50707.3,628841,564734,9.41782e+06,132181,6.09549,1.20902e+06,3.69021e+06,14.4392,17499.1,472.836,130656
62.6,-0.0033181,1.4606e+06,18.8597,-0.0413389,50671.2,628395,564734,9.39953e+06,132229,6.07336,1.20863e+06,3.69271e+06,14.3913,17497.5,471.884,130649
62.7,-0.0033181,1.4606e+06,18.7844,-0.0413389,50635.4,627949,564735,9.38123e+06,132277,6.05131,1.20823e+06,3.6952e+06,14.3435,17495.8,470.932,130643
62.8,-0.0033181,1.4606e+06,18.7094,-0.0413389,50599.8,627503,564736,9.36292e+06,132325,6.02934,1.20783e+06,3.69769e+06,14.2958,17494.2,469.98,130637
62.9,-0.0033181,1.4606e+06,18.6347,-0.0413389,50564.5,627057,564737,9.34461e+06,132373,6.00744,1.20744e+06,3.70016e+06,14.2482,17492.5,469.029,130631
63,-0.0033181,1.4606e+06,18.5603,-0.0413389,50529.4,626611,564738,9.3263e+06,132422,5.98563,1.20704e+06,3.70262e+06,14.2008,17490.8,468.077,130625
63.1,-0.0033181,1.4606e+06,18.4862,-0.0413389,50494.6,626165,564739,9.30798e+06,132470,5.9639,1.20664e+06,3.70507e+06,14.1536,17489,467.126,130618
63.2,-0.0033181,1.4606e+06,18.4124,-0.0413389,50460.1,625720,564739,9.28966e+06,132518,5.94225,1.20625e+06,3.70751e+06,14.1065,17487.3,466.174,130612
63.3,-0.0033181,1.4606e+06,18.3389,-0.0413389,50425.8,625274,564740,9.27134e+06,132566,5.92068,1.20585e+06,3.70994e+06,14.0595,17485.5,465.223,130607
63.4,-0.0033181,1.4606e+06,18.2657,-0.0413389,50391.8,624829,564741,9.25301e+06,132615,5.89919,1.20545e+06,3.71236e+06,14.0127,17483.6,464.272,130601
63.5,-0.0033181,1.4606e+06,18.1928,-0.0413389,50358.1,624383,564742,9.23469e+06,132663,5.87777,1.20505e+06,3.71477e+06,13.966,17481.8,463.321,130595
63.6,-0.0033181,1.4606e+06,18.1201,-0.0413389,50324.6,623938,564743,9.21636e+06,132711,5.85644,1.20465e+06,3.71717e+06,13.9194,17479.9,462.37,130589
63.7,-0.0033181,1.4606e+06,18.0478,-0.0413389,50291.3,623493,564743,9.19803e+06,132760,5.83518,1.20425e+06,3.71956e+06,13.873,17478,461.42,130583
63.8,-0.0033181,1.4606e+06,17.9758,-0.0413389,50258.3,623048,564744,9.1797e+06,132808,5.814,1.20385e+06,3.72194e+06,13.8268,17476.1,460.469,130578
63.9,-0.0033181,1.4606e+06,17.904,-0.0413389,50225.6,622603,564745,9.16137e+06,132856,5.7929,1.20346e+06,3.72431e+06,13.7806,17474.1,459.519,130572
64,-0.0033181,1.4606e+06,17.8325,-0.0413389,50193.1,622158,564746,9.14303e+06,132905,5.77188,1.20306e+06,3.72667e+06,13.7346,17472.1,458.569,130567
64.1,-0.0033181,1.4606e+06,17.7613,-0.0413389,50160.9,621714,564747,9.1247e+06,132953,5.75094,1.20266e+06,3.72902e+06,13.6888,17470.1,457.62,130561
64.2,-0.0033181,1.4606e+06,17.6904,-0.0413389,50128.9,621269,564747,9.10637e+06,133002,5.73007,1.20226e+06,3.73136e+06,13.6431,17468.1,456.67,130556
64.3,-0.0033181,1.4606e+06,17.6198,-0.0413389,50097.2,620825,564748,9.08803e+06,133050,5.70928,1.20185e+06,3.73369e+06,13.5975,17466,455.721,130550
64.4,-0.0033181,1.4606e+06,17.5495,-0.0413389,50065.7,620380,564749,9.0697e+06,133099,5.68856,1.20145e+06,3.736e+06,13.552,17463.9,454.772,130545
64.5,-0.00331811,1.4606e+06,17.4794,-0.0413389,50034.4,619936,564750,9.05137e+06,133147,5.66791,1.20105e+06,3.73831e+06,13.5067,17461.8,453.824,130540
64.6,-0.00331811,1.4606e+06,17.4096,-0.0413389,50003.4,619492,564750,9.03305e+06,133196,5.64734,1.20065e+06,3.74061e+06,13.4616,17459.7,452.876,130534
64.7,-0.00331811,1.4606e+06,17.3401,-0.0413389,49972.6,619048,564751,9.01472e+06,133244,5.62685,1.20025e+06,3.7429e+06,13.4165,17457.5,451.928,130529
64.8,-0.00331811,1.4606e+06,17.2709,-0.0413389,49942,618604,564752,8.9964e+06,133293,5.60643,1.19985e+06,3.74518e+06,13.3717,17455.3,450.98,130524
64.9,-0.00331811,1.4606e+06,17.2019,-0.0413389,49911.7,618160,564753,8.97807e+06,133342,5.58608,1.19945e+06,3.74745e+06,13.3269,17453.1,450.033,130519
65,-0.00331811,1.4606e+06,17.1332,-0.0413389,49881.6,617717,564753,8.95975e+06,133390,5.56581,1.19904e+06,3.7497e+06,13.2823,17450.9,449.087,130514
65.1,-0.00331811,1.4606e+06,17.0648,-0.0413389,49851.8,617273,564754,8.94144e+06,133439,5.54561,1.19864e+06,3.75195e+06,13.2378,17448.6,448.14,130509
65.2,-0.00331811,1.4606e+06,16.9967,-0.0413389,49822.2,616830,564755,8.92312e+06,133488,5.52549,1.19824e+06,3.75419e+06,13.1935,17446.3,447.194,130504
65.3,-0.00331811,1.4606e+06,16.9289,-0.0413389,49792.8,616386,564756,8.90481e+06,133536,5.50544,1.19784e+06,3.75642e+06,13.1493,17444,446.248,130499
65.4,-0.00331811,1.4606e+06,16.8613,-0.0413389,49763.6,615943,564756,8.88651e+06,133585,5.48547,1.19743e+06,3.75864e+06,13.1052,17441.7,445.303,130494
65.5,-0.00331811,1.4606e+06,16.794,-0.0413389,49734.7,615500,564757,8.8682e+06,133634,5.46556,1.19703e+06,3.76085e+06,13.0612,17439.3,444.359,130489
65.6,-0.00331811,1.4606e+06,16.7269,-0.0413389,49706,615057,564758,8.8499e+06,133683,5.44573,1.19663e+06,3.76305e+06,13.0174,17436.9,443.414,130485
65.7,-0.00331811,1.4606e+06,16.6601,-0.0413389,49677.5,614615,564759,8.83161e+06,133731,5.42598,1.19622e+06,3.76524e+06,12.9738,17434.5,442.47,130480
65.8,-0.00331811,1.4606e+06,16.5936,-0.0413389,49649.3,614172,564759,8.81332e+06,133780,5.40629,1.19582e+06,3.76742e+06,12.9302,17432.1,441.527,130475
65.9,-0.00331811,1.4606e+06,16.5274,-0.0413389,49621.2,613729,564760,8.79503e+06,133829,5.38668,1.19541e+06,3.76959e+06,12.8868,17429.6,440.584,130471
66,-0.00331811,1.4606e+06,16.4614,-0.0413389,49593.4,613287,564761,8.77675e+06,133878,5.36714,1.19501e+06,3.77175e+06,12.8435,17427.2,439.641,130466
66.1,-0.00331811,1.4606e+06,16.3957,-0.0413389,49565.9,612845,564761,8.75848e+06,133927,5.34767,1.1946e+06,3.7739e+06,12.8004,17424.7,438.699,130462
66.2,-0.00331811,1.4606e+06,16.3302,-0.0413389,49538.5,612403,564762,8.74021e+06,133976,5.32827,1.1942e+06,3.77604e+06,12.7574,17422.1,437.758,130457
66.3,-0.00331811,1.4606e+06,16.265,-0.0413389,49511.4,611961,564763,8.72195e+06,134025,5.30894,1.19379e+06,3.77817e+06,12.7145,17419.6,436.817,130453
66.4,-0.00331811,1.4606e+06,16.2001,-0.0413389,49484.4,611519,564764,8.70369e+06,134074,5.28968,1.19339e+06,3.7803e+06,12.6718,17417,435.877,130448
66.5,-0.00331811,1.4606e+06,16.1354,-0.0413389,49457.7,611077,564764,8.68544e+06,134122,5.2705,1.19298e+06,3.78241e+06,12.6292,17414.4,434.937,130444
66.6,-0.00331811,1.4606e+06,16.071,-0.0413389,49431.2,610636,564765,8.66719e+06,134171,5.25138,1.19258e+06,3.78451e+06,12.5867,17411.8,433.997,130440
66.7,-0.00331811,1.4606e+06,16.0068,-0.0413389,49405,610194,564766,8.64896e+06,134220,5.23233,1.19217e+06,3.78661e+06,12.5443,17409.2,433.059,130435
66.8,-0.00331811,1.4606e+06,15.9429,-0.0413389,49378.9,609753,564766,8.63073e+06,134270,5.21336,1.19176e+06,3.78869e+06,12.5021,17406.5,432.12,130431
66.9,-0.00331811,1.4606e+06,15.8793,-0.0413389,49353.1,609312,564767,8.6125e+06,134319,5.19445,1.19136e+06,3.79077e+06,12.46,17403.9,431.183,130427
67,-0.00331811,1.4606e+06,15.8159,-0.0413389,49327.4,608871,564768,8.59429e+06,134368,5.17561,1.19095e+06,3.79283e+06,12.418,17401.2,430.246,130423
67.1,-0.00331811,1.4606e+06,15.7528,-0.0413389,49302,608430,564768,8.57608e+06,134417,5.15684,1.19054e+06,3.79489e+06,12.3762,17398.4,429.309,130419
67.2,-0.00331811,1.4606e+06,15.6899,-0.0413389,49276.8,607989,564769,8.55788e+06,134466,5.13814,1.19013e+06,3.79694e+06,12.3345,17395.7,428.374,130415
67.3,-0.00331811,1.4606e+06,15.6272,-0.0413389,49251.8,607548,564770,8.53969e+06,134515,5.11951,1.18973e+06,3.79897e+06,12.2929,17392.9,427.438,130411
67.4,-0.00331811,1.4606e+06,15.5648,-0.0413389,49227,607108,564770,8.52151e+06,134564,5.10094,1.18932e+06,3.801e+06,12.2515,17390.1,426.504,130407
67.5,-0.00331811,1.4606e+06,15.5027,-0.0413389,49202.4,606668,564771,8.50333e+06,134613,5.08244,1.18891e+06,3.80302e+06,12.2102,17387.3,425.57,130403
67.6,-0.00331811,1.4606e+06,15.4408,-0.0413389,49178,606228,564772,8.48517e+06,134662,5.06401,1.1885e+06,3.80503e+06,12.169,17384.5,424.637,130399
67.7,-0.00331811,1.4606e+06,15.3792,-0.0413389,49153.8,605788,564772,8.46702e+06,134712,5.04564,1.18809e+06,3.80703e+06,12.1279,17381.6,423.704,130395
67.8,-0.00331811,1.4606e+06,15.3178,-0.0413389,49129.8,605348,564773,8.44887e+06,134761,5.02734,1.18768e+06,3.80902e+06,12.087,17378.8,422.772,130391
67.9,-0.00331811,1.4606e+06,15.2566,-0.0413389,49106,604908,564774,8.43074e+06,134810,5.0091,1.18727e+06,3.811e+06,12.0462,17375.9,421.841,130387
68,-0.00331811,1.4606e+06,15.1957,-0.0413389,49082.4,604469,564774,8.41261e+06,134859,4.99093,1.18687e+06,3.81298e+06,12.0055,17373,420.911,130384
68.1,-0.00331811,1.4606e+06,15.1351,-0.0413389,49059,604029,564775,8.3945e+06,134909,4.97283,1.18646e+06,3.81494e+06,11.965,17370,419.981,130380
68.2,-0.00331811,1.4606e+06,15.0746,-0.0413389,49035.7,603590,564776,8.37639e+06,134958,4.95479,1.18605e+06,3.81689e+06,11.9245,17367.1,419.052,130376
68.3,-0.00331811,1.4606e+06,15.0144,-0.0413389,49012.7,603151,564776,8.3583e+06,135007,4.93682,1.18564e+06,3.81884e+06,11.8842,17364.1,418.124,130373
68.4,-0.00331811,1.4606e+06,14.9545,-0.0413389,48989.9,602712,564777,8.34022e+06,135057,4.91891,1.18523e+06,3.82078e+06,11.8441,17361.1,417.196,130369
68.5,-0.00331811,1.4606e+06,14.8948,-0.0413389,48967.3,602273,564778,8.32215e+06,135106,4.90107,1.18482e+06,3.8227e+06,11.804,17358.1,416.27,130365
68.6,-0.00331811,1.4606e+06,14.8353,-0.0413389,48944.9,601835,564778,8.30409e+06,135155,4.88329,1.18441e+06,3.82462e+06,11.7641,17355.1,415.344,130362
68.7,-0.00331811,1.4606e+06,14.7761,-0.0413389,48922.6,601396,564779,8.28604e+06,135205,4.86558,1.18399e+06,3.82653e+06,11.7243,17352,414.418,130358
68.8,-0.00331811,1.4606e+06,14.7171,-0.0413389,48900.6,600958,564779,8.268e+06,135254,4.84793,1.18358e+06,3.82843e+06,11.6846,17348.9,413.494,130355
68.9,-0.00331811,1.4606e+06,14.6584,-0.0413389,48878.7,600520,564780,8.24998e+06,135304,4.83034,1.18317e+06,3.83032e+06,11.6451,17345.8,412.57,130351
69,-0.00331811,1.4606e+06,14.5999,-0.0413389,48857.1,600082,564781,8.23196e+06,135353,4.81282,1.18276e+06,3.83221e+06,11.6056,17342.7,411.647,130348
69.1,-0.00331811,1.4606e+06,14.5416,-0.0413389,48835.6,599644,564781,8.21396e+06,135402,4.79536,1.18235e+06,3.83408e+06,11.5663,17339.6,410.725,130345
69.2,-0.00331811,1.4606e+06,14.4835,-0.0413389,48814.3,599207,564782,8.19597e+06,135452,4.77796,1.18194e+06,3.83594e+06,11.5271,17336.5,409.804,130341
69.3,-0.00331811,1.4606e+06,14.4257,-0.0413389,48793.2,598769,564783,8.178e+06,135501,4.76063,1.18153e+06,3.8378e+06,11.4881,17333.3,408.883,130338
69.4,-0.00331811,1.4606e+06,14.3681,-0.0413389,48772.3,598332,564783,8.16004e+06,135551,4.74336,1.18111e+06,3.83965e+06,11.4491,17330.1,407.964,130335
69.5,-0.00331811,1.4606e+06,14.3107,-0.0413389,48751.6,597895,564784,8.14209e+06,135601,4.72615,1.1807e+06,3.84149e+06,11.4103,17326.9,407.045,130331
69.6,-0.00331811,1.4606e+06,14.2536,-0.0413389,48731,597458,564785,8.12415e+06,135650,4.709,1.18029e+06,3.84332e+06,11.3716,17323.7,406.127,130328
69.7,-0.00331811,1.4606e+06,14.1967,-0.0413389,48710.6,597021,564785,8.10623e+06,135700,4.69191,1.17988e+06,3.84514e+06,11.3331,17320.4,405.21,130325
69.8,-0.00331811,1.4606e+06,14.14,-0.0413389,48690.4,596585,564786,8.08832e+06,135749,4.67488,1.17946e+06,3.84695e+06,11.2946,17317.1,404.294,130322
69.9,-0.00331811,1.4606e+06,14.0836,-0.0413389,48670.4,596148,564786,8.07042e+06,135799,4.65792,1.17905e+06,3.84875e+06,11.2563,17313.9,403.378,130319
70,-0.00331811,1.4606e+06,14.0274,-0.0413389,48650.6,595712,564787,8.05254e+06,135849,4.64102,1.17864e+06,3.85055e+06,11.2181,17310.6,402.464,130316
