Time,V,Ap,ApM,I,ThN,ThE,TkN,TkE,B,Ps,Pl,Bm,IgM,IgG,C,NK
0,61,1e+06,0,0,1e+06,0,500000,0,250000,0,0,0,0,0,0,200000
0.1,53.7502,4.62179e+06,90.7628,1.19042,997841,2158.86,615280,2001.73,242231,4.85872,73.9954,14.9152,0.0121906,0.00166243,77.8562,207103
0.2,25.9545,4.76831e+06,184.344,1.08143,989143,10852.2,618671,23946.3,236074,22.2692,781.881,158.893,0.123653,0.0359892,160.596,226375
0.3,7.57527,4.76807e+06,216.848,0.295209,976946,23036.1,618248,66958.8,230462,42.6701,2681.33,550.1,0.405361,0.197507,191.376,234314
0.4,1.51349,4.76805e+06,224.066,0.0491574,963876,36082.9,618155,118012,225103,60.0165,5896.36,1222.27,0.850713,0.612943,200.203,235115
0.5,0.216188,4.76804e+06,224.592,0.00600772,950805,49120.6,618146,170964,219966,73.2542,10354.1,2169.8,1.42539,1.40877,203.152,234263
0.6,0.0218225,4.76804e+06,223.878,0.00049754,937928,61954.7,618155,224278,215067,82.9313,15936.4,3377.35,2.09482,2.70036,205.004,233186
0.7,0.00175122,4.76804e+06,223.001,-0.00813484,925271,74557.9,618165,277695,210416,89.8066,22525.9,4828.82,2.8308,4.59041,206.712,232119
0.8,9.27528e-05,4.76804e+06,222.112,-0.00141332,912835,86931.1,618175,331182,206014,94.527,30014.4,6509.26,3.61149,7.16962,208.414,231077
0.9,3.61702e-06,4.76804e+06,221.225,-0.00627725,900615,99078.8,618185,384735,201854,97.602,38304.1,8404.97,4.42019,10.5178,210.121,230074
1,1.26712e-07,4.76804e+06,220.342,-0.00622745,888607,111005,618196,438353,197925,99.4277,47306,10503.5,5.24423,14.7049,211.835,229101
1.1,-1.3144e-07,4.76804e+06,219.462,-0.00631626,876806,122715,618206,492034,194217,100.309,56940.3,12793.4,6.07416,19.7918,213.555,228160
1.2,-2.57514e-06,4.76804e+06,218.586,-0.00641209,865208,134213,618216,545777,190713,100.482,67133.9,15264.4,6.90282,25.8312,215.281,227249
1.3,-8.0333e-06,4.76804e+06,217.714,-0.00644575,853810,145503,618226,599581,187402,100.133,77820.6,17906.7,7.72483,32.8694,217.014,226367
1.4,-1.32518e-05,4.76804e+06,216.845,-0.00644679,842606,156589,618237,653446,184268,99.4046,88939.9,20711.5,8.53629,40.9455,218.753,225514
1.5,-1.44379e-05,4.76804e+06,215.979,-0.00644349,831594,167475,618247,707368,181300,98.4029,100437,23670.8,9.33448,50.0927,220.498,224689
1.6,-1.03973e-05,4.76804e+06,215.117,-0.00644254,820768,178166,618257,761348,178486,97.2076,112263,26776.9,10.1176,60.3382,222.249,223890
1.7,-4.19139e-06,4.76804e+06,214.258,-0.00644437,810127,188664,618267,815385,175813,95.8828,124371,30023,10.8842,71.7052,224.006,223117
1.8,-8.75804e-06,4.76804e+06,213.403,-0.00644762,799665,198975,618277,869475,173272,94.4763,136721,33402.4,11.6335,84.2121,225.769,222370
1.9,-3.19673e-05,4.76804e+06,212.551,-0.00644496,789380,209102,618287,923620,170854,93.0236,149273,36909.2,12.3652,97.8732,227.537,221646
2,-7.62238e-05,4.76804e+06,211.702,-0.00643514,779268,219047,618297,977816,168549,91.5509,161994,40537.6,13.079,112.699,229.312,220946
2.1,-0.000135016,4.76804e+06,210.857,-0.00642,769325,228816,618307,1.03206e+06,166350,90.0776,174851,44282.3,13.7749,128.697,231.092,220268
2.2,-0.000193119,4.76804e+06,210.015,-0.00640425,759548,238411,618316,1.08636e+06,164250,88.6179,187816,48138.4,14.4532,145.87,232.877,219613
2.3,-0.000234298,4.76804e+06,209.177,-0.0063927,749934,247836,618326,1.1407e+06,162243,87.1793,200862,52101.2,15.1142,164.22,234.668,218978
2.4,-0.000238967,4.76804e+06,208.342,-0.00639023,740479,257094,618336,1.19509e+06,160322,85.7711,213965,56166.4,15.7581,183.746,236.464,218364
2.5,-0.000208494,4.76804e+06,207.51,-0.0064101,731182,266188,618346,1.24953e+06,158483,84.3929,227104,60329.9,16.3856,204.442,238.265,217770
2.6,-0.000198253,4.76804e+06,206.682,-0.00647696,722037,275122,618355,1.30401e+06,156720,83.0522,240258,64587.6,16.9969,226.305,240.072,217195
2.7,-0.000229151,4.76804e+06,205.856,-0.0065826,713043,283899,618365,1.35853e+06,155028,81.7468,253408,68936.1,17.5926,249.325,241.883,216639
2.8,-0.000332918,4.76804e+06,205.034,-0.00663707,704197,292521,618375,1.41309e+06,153404,80.4811,266538,73371.8,18.173,273.495,243.699,216101
2.9,-0.000552662,4.76804e+06,204.216,-0.00661668,695495,300991,618384,1.46769e+06,151844,79.2538,279633,77891.4,18.7386,298.802,245.521,215580
3,-0.000901001,4.76804e+06,203.401,-0.00655647,686935,309314,618394,1.52233e+06,150344,78.0662,292678,82491.6,19.2898,325.235,247.347,215076
3.1,-0.00140697,4.76804e+06,202.589,-0.00643295,678515,317490,618403,1.577e+06,148900,76.9172,305661,87169.7,19.827,352.78,249.178,214588
3.2,-0.00203804,4.76804e+06,201.781,-0.00626552,670231,325524,618413,1.63171e+06,147510,75.8061,318569,91922.7,20.3507,381.424,251.014,214116
3.3,-0.0027802,4.76804e+06,200.976,-0.00606874,662081,333418,618422,1.68646e+06,146171,74.7317,331393,96747.9,20.8612,411.15,252.855,213660
3.4,-0.00354752,4.76804e+06,200.174,-0.00586058,654062,341175,618431,1.74123e+06,144881,73.6927,344123,101643,21.3591,441.942,254.7,213218
3.5,-0.00426175,4.76804e+06,199.375,-0.00567175,646172,348796,618441,1.79603e+06,143636,72.6873,356751,106605,21.8446,473.782,256.549,212790
3.6,-0.00480843,4.76804e+06,198.58,-0.00552729,638408,356286,618450,1.85087e+06,142434,71.7143,369268,111632,22.3181,506.654,258.402,212376
3.7,-0.00505351,4.76804e+06,197.787,-0.00546339,630768,363645,618459,1.90573e+06,141274,70.7719,381669,116722,22.78,540.537,260.26,211976
3.8,-0.00503009,4.76804e+06,196.998,-0.00547328,623250,370878,618469,1.96061e+06,140153,69.8595,393945,121873,23.2307,575.415,262.121,211589
3.9,-0.00459054,4.76804e+06,196.211,-0.00559208,615852,377985,618478,2.01552e+06,139070,68.9751,406093,127082,23.6704,611.267,263.986,211214
4,-0.00360702,4.76804e+06,195.427,-0.00584905,608570,384970,618487,2.07045e+06,138022,68.1173,418107,132348,24.0996,648.071,265.855,210851
4.1,-0.00222684,4.76804e+06,194.646,-0.00615742,601404,391834,618496,2.1254e+06,137009,67.2849,429983,137669,24.5184,685.81,267.727,210500
4.2,-0.000625776,4.76804e+06,193.869,-0.00641418,594350,398580,618505,2.18037e+06,136028,66.4769,441717,143042,24.9272,724.461,269.604,210160
4.3,0.000596633,4.76804e+06,193.094,-0.00658362,587407,405211,618514,2.23535e+06,135078,65.6921,453307,148468,25.3262,764.005,271.484,209832
4.4,0.000550472,4.76804e+06,192.323,-0.00661158,580572,411727,618523,2.29035e+06,134158,64.9298,464749,153943,25.7157,804.42,273.367,209514
4.5,-0.00161696,4.76804e+06,191.556,-0.00641183,573845,418132,618532,2.34537e+06,133267,64.1889,476040,159466,26.096,845.686,275.255,209206
4.6,-0.00699141,4.76804e+06,190.792,-0.00590704,567221,424428,618541,2.40039e+06,132403,63.4685,487179,165036,26.4674,887.781,277.146,208908
4.7,-0.0167317,4.76804e+06,190.032,-0.00500215,560701,430615,618550,2.45543e+06,131565,62.7679,498165,170651,26.8299,930.686,279.041,208620
4.8,-0.0319955,4.76804e+06,189.275,-0.0035918,554281,436698,618559,2.51048e+06,130752,62.086,508994,176310,27.184,974.378,280.94,208341
4.9,-0.0428461,4.76804e+06,188.521,-0.00178938,547960,442677,618568,2.56553e+06,129963,61.4222,519668,182011,27.5297,1018.84,282.841,208071
5,-0.0430141,4.76804e+06,187.769,-0.00377562,541737,448554,618576,2.62059e+06,129197,60.7755,530184,187754,27.8674,1064.04,284.744,207810
5.1,-0.0428192,4.76804e+06,187.019,-0.0112082,535609,454331,618585,2.67566e+06,128453,60.1452,540543,193537,28.1971,1109.97,286.65,207558
5.2,-0.0428729,4.76804e+06,186.273,2.72448e-05,529574,460010,618594,2.73072e+06,127730,59.5305,550744,199358,28.5192,1156.6,288.559,207313
5.3,-0.0428729,4.76804e+06,185.529,-0.00654043,523631,465592,618603,2.78579e+06,127028,58.9309,560787,205217,28.8338,1203.92,290.47,207077
5.4,-0.0428729,4.76804e+06,184.788,-0.00677697,517779,471080,618611,2.84085e+06,126346,58.3458,570673,211113,29.141,1251.9,292.384,206848
5.5,-0.0428729,4.76804e+06,184.051,-0.00682595,512015,476476,618620,2.89591e+06,125683,57.7746,580401,217044,29.4411,1300.52,294.301,206626
5.6,-0.0428729,4.76804e+06,183.316,-0.00684243,506338,481780,618628,2.95096e+06,125038,57.2166,589972,223010,29.7342,1349.76,296.219,206412
5.7,-0.0428729,4.76804e+06,182.584,-0.00685505,500746,486996,618637,3.00601e+06,124410,56.6713,599388,229008,30.0206,1399.59,298.14,206204
5.8,-0.0428729,4.76804e+06,181.855,-0.00686072,495237,492124,618646,3.06104e+06,123799,56.1382,608649,235039,30.3003,1450,300.064,206003
5.9,-0.0428729,4.76804e+06,181.129,-0.00686669,489809,497167,618654,3.11607e+06,123204,55.6168,617756,241101,30.5737,1500.95,301.989,205809
6,-0.0428729,4.76804e+06,180.406,-0.00686871,484465,502123,618662,3.17108e+06,122625,55.1073,626709,247194,30.8405,1552.47,303.916,205621
6.1,-0.0428729,4.76804e+06,179.686,-0.00687123,479197,506998,618671,3.22608e+06,122061,54.6083,635512,253315,31.1013,1604.49,305.845,205438
6.2,-0.0428729,4.76804e+06,178.969,-0.00687248,474009,511791,618679,3.28106e+06,121512,54.1204,644163,259467,31.3559,1657.03,307.776,205262
6.3,-0.0428729,4.76804e+06,178.254,-0.00687313,468897,516502,618688,3.33602e+06,120978,53.6428,652665,265646,31.6046,1710.05,309.708,205091
6.4,-0.0428729,4.76804e+06,177.543,-0.00687374,463860,521136,618696,3.39097e+06,120456,53.1749,661020,271853,31.8474,1763.54,311.643,204926
6.5,-0.0428729,4.76804e+06,176.834,-0.00687395,458899,525690,618704,3.44589e+06,119949,52.7171,669227,278086,32.0845,1817.5,313.578,204767
6.6,-0.0428729,4.76804e+06,176.128,-0.0068742,454007,530172,618713,3.50079e+06,119453,52.2677,677294,284344,32.3162,1871.84,315.515,204612
6.7,-0.0428729,4.76804e+06,175.425,-0.00687435,449186,534578,618721,3.55566e+06,118970,51.8272,685218,290627,32.5426,1926.59,317.453,204462
6.8,-0.0428729,4.76804e+06,174.724,-0.00687441,444437,538911,618729,3.6105e+06,118499,51.3956,693000,296934,32.7635,1981.76,319.393,204317
6.9,-0.0428729,4.76804e+06,174.027,-0.00687443,439757,543170,618737,3.66532e+06,118041,50.9727,700640,303266,32.979,2037.32,321.334,204177
7,-0.0428729,4.76804e+06,173.332,-0.00687443,435148,547355,618745,3.72011e+06,117594,50.5585,708138,309622,33.1892,2093.29,323.276,204042
7.1,-0.0428729,4.76804e+06,172.64,-0.00687434,430603,551473,618753,3.77486e+06,117157,50.1514,715506,316000,33.3946,2149.56,325.218,203910
7.2,-0.0428729,4.76804e+06,171.951,-0.00687423,426124,555522,618761,3.82958e+06,116731,49.752,722738,322399,33.595,2206.18,327.162,203783
7.3,-0.0428729,4.76804e+06,171.264,-0.00687412,421710,559503,618769,3.88426e+06,116314,49.36,729837,328820,33.7905,2263.13,329.106,203661
7.4,-0.0428729,4.76804e+06,170.581,-0.00687404,417360,563416,618777,3.93891e+06,115908,48.9752,736804,335262,33.9812,2320.39,331.051,203542
7.5,-0.0428729,4.76804e+06,169.9,-0.006874,413073,567263,618785,3.99352e+06,115512,48.5974,743640,341725,34.1672,2377.96,332.997,203427
7.6,-0.0428729,4.76804e+06,169.222,-0.00687391,408848,571046,618793,4.04809e+06,115125,48.2264,750350,348208,34.3486,2435.8,334.943,203316
7.7,-0.0428729,4.76804e+06,168.546,-0.00687381,404683,574765,618801,4.10262e+06,114747,47.8619,756934,354709,34.5256,2493.9,336.889,203209
7.8,-0.0428729,4.76804e+06,167.873,-0.00687372,400577,578423,618809,4.1571e+06,114379,47.5037,763395,361229,34.6982,2552.25,338.836,203105
7.9,-0.0428729,4.76804e+06,167.203,-0.00687366,396529,582019,618817,4.21153e+06,114019,47.1515,769733,367767,34.8664,2610.83,340.783,203005
8,-0.0428729,4.76804e+06,166.535,-0.00687364,392539,585556,618825,4.26592e+06,113667,46.8052,775950,374322,35.0305,2669.63,342.73,202908
8.1,-0.0428729,4.76804e+06,165.871,-0.0068736,388605,589033,618832,4.32025e+06,113323,46.4648,782050,380894,35.1904,2728.64,344.677,202814
8.2,-0.0428729,4.76804e+06,165.208,-0.00687355,384727,592452,618840,4.37454e+06,112988,46.1299,788034,387483,35.3462,2787.85,346.624,202723
8.3,-0.0428729,4.76804e+06,164.549,-0.00687352,380903,595814,618848,4.42877e+06,112659,45.8003,793905,394088,35.498,2847.24,348.571,202635
8.4,-0.0428729,4.76804e+06,163.892,-0.00687349,377132,599120,618856,4.48294e+06,112338,45.4759,799663,400708,35.646,2906.78,350.518,202550
8.5,-0.0428729,4.76804e+06,163.238,-0.00687348,373414,602371,618863,4.53706e+06,112024,45.1564,805311,407344,35.7902,2966.48,352.464,202467
8.6,-0.0428729,4.76804e+06,162.586,-0.00687347,369747,605569,618871,4.59112e+06,111717,44.8419,810851,413994,35.9306,3026.33,354.41,202388
8.7,-0.0428729,4.76804e+06,161.937,-0.00687346,366131,608712,618879,4.64512e+06,111417,44.5324,816284,420658,36.0673,3086.3,356.355,202311
8.8,-0.0428729,4.76804e+06,161.291,-0.00687345,362565,611804,618886,4.69905e+06,111123,44.2276,821613,427336,36.2003,3146.4,358.299,202236
8.9,-0.0428729,4.76804e+06,160.647,-0.00687345,359048,614844,618894,4.75292e+06,110836,43.9272,826839,434027,36.3299,3206.6,360.243,202164
9,-0.0428729,4.76804e+06,160.006,-0.00687345,355579,617834,618901,4.80672e+06,110555,43.6312,831964,440731,36.4559,3266.89,362.186,202094
9.1,-0.0428729,4.76804e+06,159.367,-0.00687345,352157,620774,618909,4.86045e+06,110280,43.3396,836990,447448,36.5786,3327.27,364.128,202026
9.2,-0.0428729,4.76804e+06,158.731,-0.00687345,348783,623665,618916,4.91411e+06,110012,43.0522,841919,454177,36.6978,3387.73,366.069,201961
9.3,-0.0428729,4.76804e+06,158.097,-0.00687345,345454,626508,618923,4.96771e+06,109748,42.7688,846752,460918,36.8138,3448.25,368.008,201898
9.4,-0.0428729,4.76804e+06,157.466,-0.00687346,342170,629303,618931,5.02122e+06,109491,42.4895,851492,467670,36.9265,3508.82,369.947,201836
9.5,-0.0428729,4.76804e+06,156.837,-0.00687346,338930,632053,618938,5.07466e+06,109238,42.2139,856140,474433,37.036,3569.44,371.884,201777
9.6,-0.0428729,4.76804e+06,156.211,-0.00687346,335734,634756,618946,5.12803e+06,108991,41.9421,860698,481208,37.1424,3630.09,373.82,201720
9.7,-0.0428729,4.76804e+06,155.588,-0.00687346,332582,637414,618953,5.18131e+06,108750,41.6741,865166,487992,37.2457,3690.77,375.754,201664
9.8,-0.0428729,4.76804e+06,154.966,-0.00687347,329471,640028,618960,5.23451e+06,108514,41.4098,869547,494787,37.346,3751.47,377.687,201610
9.9,-0.0428729,4.76804e+06,154.348,-0.00687347,326402,642599,618967,5.28763e+06,108282,41.1489,873844,501592,37.4433,3812.18,379.617,201558
10,-0.0428729,4.76804e+06,153.732,-0.00687347,323374,645126,618975,5.34067e+06,108056,40.8915,878056,508406,37.5377,3872.88,381.547,201508
10.1,-0.0428729,4.76804e+06,153.118,-0.00687347,320386,647612,618982,5.39362e+06,107834,40.6374,882186,515229,37.6293,3933.58,383.474,201459
10.2,-0.0428729,4.76804e+06,152.507,-0.00687348,317438,650056,618989,5.44648e+06,107617,40.3867,886236,522061,37.7179,3994.26,385.399,201412
10.3,-0.0428729,4.76804e+06,151.898,-0.00687348,314529,652459,618996,5.49925e+06,107404,40.1392,890206,528901,37.8038,4054.92,387.322,201366
10.4,-0.0428729,4.76804e+06,151.292,-0.00687348,311658,654821,619003,5.55193e+06,107195,39.8948,894098,535750,37.887,4115.55,389.244,201322
10.5,-0.0428729,4.76804e+06,150.688,-0.00687348,308825,657145,619010,5.60452e+06,106991,39.6534,897915,542607,37.9675,4176.14,391.162,201280
10.6,-0.0428729,4.76804e+06,150.086,-0.00687348,306029,659429,619017,5.65701e+06,106791,39.4149,901658,549472,38.0454,4236.67,393.079,201238
10.7,-0.0428729,4.76804e+06,149.487,-0.00687348,303270,661674,619024,5.7094e+06,106595,39.1796,905325,556345,38.1206,4297.18,394.993,201198
10.8,-0.0428729,4.76804e+06,148.89,-0.00687348,300547,663881,619031,5.7617e+06,106404,38.9472,908920,563224,38.1933,4357.62,396.905,201160
10.9,-0.0428729,4.76804e+06,148.296,-0.00687349,297860,666052,619038,5.8139e+06,106216,38.7175,912444,570111,38.2634,4418,398.814,201122
11,-0.0428729,4.76804e+06,147.704,-0.00687349,295208,668185,619045,5.86599e+06,106032,38.4906,915899,577005,38.331,4478.3,400.72,201086
11.1,-0.0428729,4.76804e+06,147.114,-0.00687349,292590,670283,619052,5.91798e+06,105852,38.2664,919287,583904,38.3963,4538.53,402.624,201051
11.2,-0.0428729,4.76804e+06,146.527,-0.00687349,290006,672345,619059,5.96987e+06,105675,38.0447,922609,590810,38.4591,4598.66,404.525,201017
11.3,-0.0428729,4.76804e+06,145.942,-0.00687349,287455,674373,619066,6.02164e+06,105502,37.8255,925866,597722,38.5197,4658.7,406.423,200985
11.4,-0.0428729,4.76804e+06,145.359,-0.00687349,284936,676367,619073,6.07331e+06,105332,37.6087,929061,604639,38.5779,4718.63,408.318,200953
11.5,-0.0428729,4.76804e+06,144.779,-0.00687349,282450,678326,619079,6.12487e+06,105166,37.3947,932190,611562,38.6338,4778.48,410.209,200922
11.6,-0.0428729,4.76804e+06,144.201,-0.00687349,279997,680252,619086,6.17632e+06,105004,37.1831,935256,618491,38.6875,4838.23,412.098,200893
11.7,-0.0428729,4.76804e+06,143.625,-0.00687349,277575,682145,619093,6.22765e+06,104845,36.974,938262,625424,38.7389,4897.86,413.983,200864
11.8,-0.0428729,4.76804e+06,143.052,-0.0068735,275183,684005,619100,6.27887e+06,104689,36.7672,941209,632362,38.7882,4957.37,415.865,200836
11.9,-0.0428729,4.76804e+06,142.481,-0.0068735,272822,685834,619106,6.32997e+06,104536,36.5626,944099,639305,38.8354,5016.76,417.744,200809
12,-0.0428729,4.76804e+06,141.912,-0.0068735,270490,687633,619113,6.38096e+06,104386,36.3603,946932,646252,38.8805,5076.01,419.619,200783
12.1,-0.0428729,4.76804e+06,141.346,-0.0068735,268187,689400,619120,6.43182e+06,104240,36.1601,949710,653202,38.9235,5135.12,421.49,200758
12.2,-0.0428729,4.76804e+06,140.782,-0.0068735,265912,691138,619126,6.48256e+06,104096,35.9619,952435,660157,38.9646,5194.09,423.358,200734
12.3,-0.0428729,4.76804e+06,140.22,-0.0068735,263667,692846,619133,6.53318e+06,103955,35.7659,955105,667115,39.0036,5252.92,425.221,200710
12.4,-0.0428729,4.76804e+06,139.66,-0.0068735,261451,694523,619139,6.58367e+06,103817,35.5719,957722,674077,39.0407,5311.62,427.081,200687
12.5,-0.0428729,4.76804e+06,139.102,-0.0068735,259262,696172,619146,6.63403e+06,103681,35.3799,960287,681043,39.0757,5370.17,428.937,200665
12.6,-0.0428729,4.76804e+06,138.547,-0.0068735,257100,697792,619152,6.68427e+06,103548,35.1898,962802,688012,39.1089,5428.56,430.79,200644
12.7,-0.0428729,4.76804e+06,137.994,-0.0068735,254965,699384,619159,6.73438e+06,103418,35.0016,965268,694983,39.1403,5486.79,432.637,200623
12.8,-0.0428729,4.76804e+06,137.443,-0.0068735,252856,700949,619165,6.78436e+06,103290,34.8152,967687,701957,39.1698,5544.85,434.481,200603
12.9,-0.0428729,4.76804e+06,136.894,-0.0068735,250772,702487,619172,6.8342e+06,103164,34.6305,970059,708934,39.1975,5602.74,436.321,200584
13,-0.0428729,4.76804e+06,136.348,-0.0068735,248714,703999,619178,6.88391e+06,103040,34.4475,972386,715913,39.2234,5660.45,438.156,200565
13.1,-0.0428729,4.76804e+06,135.804,-0.0068735,246681,705484,619184,6.93348e+06,102919,34.2663,974667,722894,39.2476,5717.99,439.986,200547
13.2,-0.0428729,4.76804e+06,135.261,-0.00687351,244674,706942,619191,6.98292e+06,102801,34.0872,976900,729877,39.2701,5775.37,441.813,200530
13.3,-0.0428729,4.76804e+06,134.721,-0.00687351,242692,708375,619197,7.03221e+06,102686,33.9098,979090,736863,39.2908,5832.57,443.634,200513
13.4,-0.0428729,4.76804e+06,134.184,-0.00687351,240733,709783,619203,7.08137e+06,102572,33.7342,981237,743850,39.3098,5889.58,445.451,200496
13.5,-0.0428729,4.76804e+06,133.648,-0.00687351,238799,711165,619210,7.13038e+06,102461,33.5602,983342,750838,39.3272,5946.41,447.264,200480
13.6,-0.0428729,4.76804e+06,133.114,-0.00687351,236887,712524,619216,7.17926e+06,102353,33.3879,985406,757827,39.343,6003.04,449.071,200465
13.7,-0.0428729,4.76804e+06,132.583,-0.00687351,234999,713858,619222,7.22798e+06,102246,33.2173,987430,764818,39.3572,6059.48,450.874,200450
13.8,-0.0428729,4.76804e+06,132.054,-0.00687351,233132,715170,619228,7.27656e+06,102142,33.0482,989415,771809,39.3699,6115.72,452.671,200435
13.9,-0.0428729,4.76804e+06,131.527,-0.00687351,231288,716458,619235,7.32499e+06,102040,32.8807,991362,778801,39.381,6171.76,454.464,200421
14,-0.0428729,4.76804e+06,131.002,-0.00687351,229467,717722,619241,7.37327e+06,101940,32.7145,993269,785794,39.3906,6227.62,456.251,200408
14.1,-0.0428729,4.76804e+06,130.479,-0.00687351,227668,718963,619247,7.42141e+06,101841,32.5498,995139,792788,39.3986,6283.27,458.033,200395
14.2,-0.0428729,4.76804e+06,129.958,-0.00687351,225890,720182,619253,7.46939e+06,101745,32.3864,996972,799783,39.4051,6338.72,459.811,200382
14.3,-0.0428729,4.76804e+06,129.439,-0.00687351,224133,721378,619259,7.51721e+06,101649,32.2244,998771,806777,39.4103,6393.96,461.582,200370
14.4,-0.0428729,4.76804e+06,128.922,-0.00687351,222397,722554,619265,7.56488e+06,101556,32.0637,1.00053e+06,813772,39.4139,6449,463.349,200358
14.5,-0.0428729,4.76804e+06,128.408,-0.00687351,220681,723708,619271,7.6124e+06,101464,31.9043,1.00226e+06,820767,39.4162,6503.82,465.109,200346
14.6,-0.0428729,4.76804e+06,127.895,-0.00687352,218986,724841,619277,7.65975e+06,101374,31.7461,1.00396e+06,827761,39.4171,6558.42,466.865,200335
14.7,-0.0428729,4.76804e+06,127.384,-0.00687352,217309,725953,619283,7.70695e+06,101285,31.5891,1.00563e+06,834755,39.4167,6612.81,468.614,200325
14.8,-0.0428729,4.76804e+06,126.876,-0.00687352,215654,727045,619289,7.75399e+06,101199,31.4338,1.00726e+06,841749,39.4149,6666.98,470.358,200314
14.9,-0.0428729,4.76804e+06,126.369,-0.00687352,214017,728116,619295,7.80087e+06,101115,31.2801,1.00885e+06,848742,39.4117,6720.95,472.097,200304
15,-0.0428729,4.76804e+06,125.865,-0.00687352,212400,729167,619301,7.84758e+06,101033,31.1278,1.01042e+06,855734,39.4073,6774.7,473.829,200294
15.1,-0.0428729,4.76804e+06,125.363,-0.00687352,210802,730199,619307,7.89413e+06,100953,30.9768,1.01195e+06,862725,39.4015,6828.22,475.556,200285
15.2,-0.0428729,4.76804e+06,124.862,-0.00687352,209222,731211,619313,7.94051e+06,100874,30.8272,1.01346e+06,869716,39.3946,6881.52,477.276,200276
15.3,-0.0428729,4.76804e+06,124.364,-0.00687352,207660,732204,619319,7.98673e+06,100798,30.6789,1.01494e+06,876705,39.3863,6934.6,478.991,200267
15.4,-0.0428729,4.76804e+06,123.867,-0.00687352,206116,733179,619325,8.03278e+06,100723,30.532,1.01638e+06,883692,39.3769,6987.44,480.699,200258
15.5,-0.0428729,4.76804e+06,123.373,-0.00687352,204590,734136,619331,8.07866e+06,100651,30.3864,1.0178e+06,890678,39.3663,7040.06,482.402,200250
15.6,-0.0428729,4.76804e+06,122.88,-0.00687352,203082,735074,619337,8.12436e+06,100579,30.2419,1.01919e+06,897662,39.3545,7092.45,484.098,200242
15.7,-0.0428729,4.76804e+06,122.39,-0.00687352,201591,735993,619342,8.1699e+06,100508,30.098,1.02055e+06,904646,39.3414,7144.63,485.788,200234
15.8,-0.0428729,4.76804e+06,121.901,-0.00687353,200117,736895,619348,8.21526e+06,100438,29.9551,1.02189e+06,911628,39.3272,7196.57,487.471,200227
15.9,-0.0428729,4.76804e+06,121.415,-0.00687353,198660,737779,619353,8.26045e+06,100370,29.8132,1.0232e+06,918607,39.3119,7248.28,489.149,200219
16,-0.0428729,4.76804e+06,120.93,-0.00687353,197220,738646,619358,8.30547e+06,100302,29.6722,1.02449e+06,925585,39.2955,7299.76,490.819,200212
16.1,-0.0428729,4.76804e+06,120.447,-0.00687353,195796,739497,619363,8.3503e+06,100235,29.5321,1.02575e+06,932561,39.2779,7351.01,492.483,200205
16.2,-0.0428729,4.76804e+06,119.966,-0.00687353,194387,740330,619368,8.39496e+06,100169,29.3929,1.02699e+06,939535,39.2593,7402.02,494.141,200199
16.3,-0.0428729,4.76804e+06,119.487,-0.00687353,192995,741147,619373,8.43944e+06,100104,29.2544,1.02821e+06,946507,39.2397,7452.79,495.792,200192
16.4,-0.0428729,4.76804e+06,119.01,-0.00687353,191618,741949,619378,8.48374e+06,100040,29.1168,1.0294e+06,953476,39.219,7503.33,497.436,200186
16.5,-0.0428729,4.76804e+06,118.535,-0.00687353,190257,742733,619383,8.52786e+06,99979.2,28.981,1.03056e+06,960442,39.1972,7553.64,499.074,200180
16.6,-0.0428729,4.76804e+06,118.062,-0.00687353,188912,743501,619388,8.57179e+06,99919.6,28.8462,1.03171e+06,967406,39.1744,7603.71,500.704,200174
16.7,-0.0428729,4.76804e+06,117.591,-0.00687353,187581,744254,619392,8.61555e+06,99861.4,28.7125,1.03283e+06,974367,39.1506,7653.55,502.328,200169
16.8,-0.0428729,4.76804e+06,117.121,-0.00687353,186266,744992,619397,8.65911e+06,99804.8,28.5798,1.03392e+06,981325,39.1258,7703.15,503.945,200163
16.9,-0.0428729,4.76804e+06,116.654,-0.00687353,184965,745714,619402,8.7025e+06,99749.6,28.4482,1.035e+06,988280,39.1,7752.51,505.555,200158
17,-0.0428729,4.76804e+06,116.188,-0.00687354,183678,746422,619406,8.74569e+06,99695.9,28.3177,1.03606e+06,995231,39.0733,7801.63,507.157,200153
17.1,-0.0428729,4.76804e+06,115.724,-0.00687354,182405,747114,619411,8.7887e+06,99643.8,28.1882,1.03709e+06,1.00218e+06,39.0457,7850.51,508.753,200148
17.2,-0.0428729,4.76804e+06,115.262,-0.00687354,181146,747793,619415,8.83151e+06,99593.2,28.0598,1.0381e+06,1.00912e+06,39.0172,7899.15,510.341,200143
17.3,-0.0428729,4.76804e+06,114.802,-0.00687354,179902,748456,619421,8.87414e+06,99543.1,27.9321,1.0391e+06,1.01607e+06,38.9877,7947.55,511.923,200139
17.4,-0.0428729,4.76804e+06,114.344,-0.00687354,178671,749106,619427,8.91658e+06,99493.8,27.8052,1.04007e+06,1.02301e+06,38.9573,7995.72,513.497,200134
17.5,-0.0428729,4.76804e+06,113.888,-0.00687354,177454,749741,619434,8.95883e+06,99445.6,27.6793,1.04103e+06,1.02994e+06,38.926,8043.64,515.063,200130
17.6,-0.0428729,4.76804e+06,113.433,-0.00687354,176250,750363,619442,9.00088e+06,99398.5,27.5542,1.04196e+06,1.03687e+06,38.8939,8091.33,516.623,200126
17.7,-0.0428729,4.76804e+06,112.98,-0.00687354,175059,750971,619450,9.04274e+06,99352.3,27.43,1.04288e+06,1.0438e+06,38.8609,8138.77,518.175,200122
17.8,-0.0428729,4.76804e+06,112.529,-0.00687354,173881,751565,619459,9.0844e+06,99307.1,27.3067,1.04378e+06,1.05072e+06,38.827,8185.98,519.719,200118
17.9,-0.0428729,4.76804e+06,112.08,-0.00687354,172716,752147,619469,9.12587e+06,99262.8,27.1842,1.04466e+06,1.05764e+06,38.7924,8232.94,521.256,200114
18,-0.0428729,4.76804e+06,111.632,-0.00687354,171563,752716,619480,9.16715e+06,99219.4,27.0625,1.04553e+06,1.06456e+06,38.7569,8279.65,522.785,200110
18.1,-0.0428729,4.76804e+06,111.187,-0.00687355,170423,753271,619487,9.20822e+06,99177.3,26.9418,1.04637e+06,1.07147e+06,38.7206,8326.13,524.307,200107
18.2,-0.0428729,4.76804e+06,110.743,-0.00687355,169295,753814,619488,9.24909e+06,99136.6,26.8222,1.0472e+06,1.07837e+06,38.6836,8372.37,525.821,200103
18.3,-0.0428729,4.76804e+06,110.301,-0.00687355,168180,754344,619487,9.28977e+06,99097.1,26.7035,1.04801e+06,1.08528e+06,38.6457,8418.37,527.327,200100
18.4,-0.0428729,4.76804e+06,109.861,-0.00687355,167076,754862,619484,9.33024e+06,99058.8,26.5858,1.04881e+06,1.09217e+06,38.6071,8464.13,528.826,200097
18.5,-0.0428729,4.76804e+06,109.422,-0.00687355,165985,755368,619478,9.37051e+06,99021.5,26.469,1.04958e+06,1.09907e+06,38.5678,8509.65,530.316,200094
18.6,-0.0428729,4.76804e+06,108.985,-0.00687355,164904,755861,619468,9.41058e+06,98985.4,26.353,1.05035e+06,1.10596e+06,38.5277,8554.93,531.799,200091
18.7,-0.0428729,4.76804e+06,108.55,-0.00687355,163836,756343,619455,9.45045e+06,98950.4,26.2381,1.05109e+06,1.11284e+06,38.4869,8599.96,533.274,200088
18.8,-0.0428729,4.76804e+06,108.117,-0.00687355,162778,756814,619438,9.4901e+06,98916.5,26.124,1.05182e+06,1.11972e+06,38.4454,8644.75,534.74,200085
18.9,-0.0428729,4.76804e+06,107.685,-0.00687355,161732,757272,619422,9.52956e+06,98883.4,26.0107,1.05254e+06,1.12659e+06,38.4032,8689.3,536.199,200082
19,-0.0428729,4.76804e+06,107.255,-0.00687355,160697,757719,619422,9.56881e+06,98850.5,25.8977,1.05324e+06,1.13346e+06,38.3603,8733.62,537.65,200080
19.1,-0.0428729,4.76804e+06,106.827,-0.00687355,159673,758155,619425,9.60786e+06,98818.2,25.7854,1.05393e+06,1.14033e+06,38.3167,8777.69,539.093,200077
19.2,-0.0428729,4.76804e+06,106.401,-0.00687356,158660,758580,619433,9.6467e+06,98786.6,25.6737,1.0546e+06,1.14718e+06,38.2724,8821.53,540.527,200075
19.3,-0.0428729,4.76804e+06,105.976,-0.00687356,157657,758993,619445,9.68533e+06,98755.6,25.5626,1.05526e+06,1.15404e+06,38.2275,8865.12,541.954,200072
19.4,-0.0428729,4.76804e+06,105.553,-0.00687356,156665,759396,619462,9.72376e+06,98725.1,25.4521,1.05591e+06,1.16089e+06,38.1819,8908.48,543.372,200070
19.5,-0.0428729,4.76804e+06,105.131,-0.00687356,155683,759789,619485,9.76197e+06,98695.2,25.3422,1.05654e+06,1.16773e+06,38.1358,8951.59,544.782,200068
19.6,-0.0428729,4.76804e+06,104.712,-0.00687356,154711,760171,619515,9.79998e+06,98665.7,25.2328,1.05716e+06,1.17457e+06,38.089,8994.47,546.184,200066
19.7,-0.0428729,4.76804e+06,104.294,-0.00687356,153750,760542,619551,9.83778e+06,98636.6,25.1239,1.05777e+06,1.1814e+06,38.0415,9037.11,547.578,200063
19.8,-0.0428729,4.76804e+06,103.877,-0.00687356,152798,760903,619568,9.87536e+06,98609.2,25.0159,1.05836e+06,1.18823e+06,37.9935,9079.51,548.963,200061
19.9,-0.0428729,4.76804e+06,103.463,-0.00687356,151857,761254,619581,9.91274e+06,98582.5,24.9087,1.05894e+06,1.19505e+06,37.9448,9121.68,550.34,200059
20,-0.0428729,4.76804e+06,103.05,-0.00687356,150925,761595,619593,9.9499e+06,98556.6,24.802,1.05951e+06,1.20186e+06,37.8956,9163.6,551.708,200057
20.1,-0.0428729,4.76804e+06,102.638,-0.00687356,150003,761926,619601,9.98685e+06,98531.5,24.6959,1.06007e+06,1.20867e+06,37.8458,9205.3,553.068,200056
20.2,-0.0428729,4.76804e+06,102.229,-0.00687357,149090,762248,619607,1.00236e+07,98507.1,24.5905,1.06061e+06,1.21548e+06,37.7954,9246.75,554.42,200054
20.3,-0.0428729,4.76804e+06,101.821,-0.00687357,148187,762559,619608,1.00601e+07,98483.5,24.4856,1.06115e+06,1.22227e+06,37.7445,9287.97,555.763,200052
20.4,-0.0428729,4.76804e+06,101.414,-0.00687357,147293,762862,619605,1.00964e+07,98460.6,24.3813,1.06167e+06,1.22906e+06,37.693,9328.96,557.097,200050
20.5,-0.0428729,4.76804e+06,101.009,-0.00687357,146407,763155,619598,1.01325e+07,98438.6,24.2776,1.06218e+06,1.23585e+06,37.641,9369.7,558.423,200049
20.6,-0.0428729,4.76804e+06,100.606,-0.00687357,145531,763439,619597,1.01684e+07,98417.1,24.1745,1.06268e+06,1.24263e+06,37.5884,9410.22,559.74,200047
20.7,-0.0428729,4.76804e+06,100.204,-0.00687357,144664,763713,619601,1.0204e+07,98396.4,24.0721,1.06317e+06,1.2494e+06,37.5353,9450.5,561.049,200046
20.8,-0.0428729,4.76804e+06,99.8044,-0.00687357,143806,763979,619605,1.02395e+07,98376.3,23.9703,1.06365e+06,1.25617e+06,37.4817,9490.56,562.349,200044
20.9,-0.0428729,4.76804e+06,99.406,-0.00687357,142957,764236,619610,1.02747e+07,98356.9,23.8691,1.06412e+06,1.26293e+06,37.4276,9530.37,563.64,200043
21,-0.0428729,4.76804e+06,99.0092,-0.00687357,142116,764484,619616,1.03097e+07,98338.2,23.7685,1.06457e+06,1.26968e+06,37.373,9569.96,564.922,200041
21.1,-0.0428729,4.76804e+06,98.6139,-0.00687357,141283,764723,619623,1.03445e+07,98320.2,23.6685,1.06502e+06,1.27643e+06,37.318,9609.32,566.196,200040
21.2,-0.0428729,4.76804e+06,98.2203,-0.00687358,140459,764954,619631,1.03791e+07,98302.9,23.5691,1.06546e+06,1.28317e+06,37.2624,9648.44,567.461,200039
21.3,-0.0428729,4.76804e+06,97.8282,-0.00687358,139643,765176,619640,1.04134e+07,98286.2,23.4703,1.06589e+06,1.28991e+06,37.2064,9687.33,568.717,200038
21.4,-0.0428729,4.76804e+06,97.4376,-0.00687358,138835,765390,619649,1.04475e+07,98270.1,23.3721,1.0663e+06,1.29663e+06,37.1499,9726,569.964,200036
21.5,-0.0428729,4.76804e+06,97.0487,-0.00687358,138035,765596,619653,1.04814e+07,98254.6,23.2744,1.06671e+06,1.30335e+06,37.0929,9764.43,571.202,200035
21.6,-0.0428729,4.76804e+06,96.6613,-0.00687358,137244,765794,619657,1.05151e+07,98239.7,23.1773,1.06711e+06,1.31007e+06,37.0355,9802.64,572.432,200034
21.7,-0.0428729,4.76804e+06,96.2754,-0.00687358,136460,765984,619660,1.05486e+07,98225.4,23.0808,1.0675e+06,1.31677e+06,36.9777,9840.62,573.652,200033
21.8,-0.0428729,4.76804e+06,95.8911,-0.00687358,135684,766165,619662,1.05818e+07,98211.6,22.9848,1.06788e+06,1.32347e+06,36.9194,9878.38,574.864,200032
21.9,-0.0428729,4.76804e+06,95.5083,-0.00687358,134916,766339,619664,1.06149e+07,98198.5,22.8894,1.06825e+06,1.33017e+06,36.8607,9915.91,576.066,200031
22,-0.0428729,4.76804e+06,95.127,-0.00687358,134155,766506,619664,1.06477e+07,98185.9,22.7945,1.06861e+06,1.33685e+06,36.8016,9953.21,577.259,200030
22.1,-0.0428729,4.76804e+06,94.7473,-0.00687359,133401,766664,619663,1.06802e+07,98173.8,22.7002,1.06897e+06,1.34353e+06,36.7421,9990.29,578.444,200029
22.2,-0.0428729,4.76804e+06,94.369,-0.00687359,132655,766816,619662,1.07126e+07,98162.3,22.6064,1.06931e+06,1.3502e+06,36.6822,10027.1,579.619,200028
22.3,-0.0428729,4.76804e+06,93.9923,-0.00687359,131917,766959,619665,1.07447e+07,98151.3,22.5131,1.06965e+06,1.35687e+06,36.6219,10063.8,580.785,200027
22.4,-0.0428729,4.76804e+06,93.6171,-0.00687359,131186,767096,619668,1.07766e+07,98140.9,22.4203,1.06998e+06,1.36352e+06,36.5612,10100.2,581.942,200026
22.5,-0.0428729,4.76804e+06,93.2434,-0.00687359,130461,767225,619673,1.08083e+07,98131,22.328,1.0703e+06,1.37017e+06,36.5001,10136.4,583.09,200025
22.6,-0.0428729,4.76804e+06,92.8712,-0.00687359,129744,767347,619678,1.08397e+07,98121.6,22.2363,1.07061e+06,1.37681e+06,36.4387,10172.3,584.229,200025
22.7,-0.0428729,4.76804e+06,92.5004,-0.00687359,129034,767462,619685,1.0871e+07,98112.8,22.1451,1.07092e+06,1.38345e+06,36.3768,10208.1,585.359,200024
22.8,-0.0428729,4.76804e+06,92.1312,-0.00687359,128331,767570,619692,1.0902e+07,98104.4,22.0543,1.07122e+06,1.39008e+06,36.3147,10243.6,586.48,200023
22.9,-0.0428729,4.76804e+06,91.7634,-0.00687359,127634,767671,619701,1.09327e+07,98096.6,21.9641,1.07151e+06,1.3967e+06,36.2522,10278.9,587.591,200022
23,-0.042873,4.76804e+06,91.397,-0.0068736,126944,767766,619712,1.09633e+07,98089.2,21.8743,1.07179e+06,1.40331e+06,36.1893,10314,588.693,200022
23.1,-0.042873,4.76804e+06,91.0322,-0.0068736,126261,767853,619719,1.09936e+07,98082.3,21.785,1.07206e+06,1.40991e+06,36.1261,10348.9,589.786,200021
23.2,-0.042873,4.76804e+06,90.6688,-0.0068736,125585,767934,619723,1.10237e+07,98075.9,21.6962,1.07233e+06,1.41651e+06,36.0626,10383.5,590.87,200020
23.3,-0.042873,4.76804e+06,90.3069,-0.0068736,124915,768009,619727,1.10536e+07,98070,21.6079,1.07259e+06,1.4231e+06,35.9987,10418,591.944,200020
23.4,-0.042873,4.76804e+06,89.9463,-0.0068736,124251,768077,619730,1.10832e+07,98064.6,21.52,1.07284e+06,1.42968e+06,35.9345,10452.2,593.009,200019
23.5,-0.042873,4.76804e+06,89.5873,-0.0068736,123594,768138,619732,1.11126e+07,98059.6,21.4326,1.07309e+06,1.43625e+06,35.87,10486.2,594.065,200018
23.6,-0.042873,4.76804e+06,89.2297,-0.0068736,122943,768194,619733,1.11418e+07,98055.1,21.3456,1.07333e+06,1.44281e+06,35.8053,10520,595.111,200018
23.7,-0.042873,4.76804e+06,88.8735,-0.0068736,122298,768243,619732,1.11708e+07,98051,21.2591,1.07356e+06,1.44937e+06,35.7402,10553.6,596.149,200017
23.8,-0.042873,4.76804e+06,88.5187,-0.0068736,121659,768286,619730,1.11995e+07,98047.4,21.1731,1.07379e+06,1.45592e+06,35.6748,10587,597.176,200017
23.9,-0.042873,4.76804e+06,88.1653,-0.00687361,121027,768323,619730,1.1228e+07,98044.2,21.0875,1.07401e+06,1.46246e+06,35.6091,10620.2,598.195,200016
24,-0.042873,4.76804e+06,87.8134,-0.00687361,120400,768354,619733,1.12563e+07,98041.5,21.0023,1.07422e+06,1.46899e+06,35.5432,10653.1,599.204,200016
24.1,-0.042873,4.76804e+06,87.4628,-0.00687361,119780,768379,619738,1.12843e+07,98039.2,20.9176,1.07443e+06,1.47552e+06,35.4769,10685.9,600.204,200015
24.2,-0.042873,4.76804e+06,87.1137,-0.00687361,119165,768398,619743,1.13122e+07,98037.4,20.8333,1.07463e+06,1.48203e+06,35.4104,10718.4,601.194,200015
24.3,-0.042873,4.76804e+06,86.7659,-0.00687361,118556,768411,619750,1.13397e+07,98035.9,20.7495,1.07483e+06,1.48854e+06,35.3436,10750.7,602.175,200014
24.4,-0.042873,4.76804e+06,86.4195,-0.00687361,117952,768419,619759,1.13671e+07,98034.9,20.6661,1.07502e+06,1.49504e+06,35.2766,10782.9,603.147,200014
24.5,-0.042873,4.76804e+06,86.0746,-0.00687361,117354,768421,619768,1.13942e+07,98034.3,20.5831,1.0752e+06,1.50153e+06,35.2093,10814.8,604.109,200013
24.6,-0.042873,4.76804e+06,85.7309,-0.00687361,116762,768418,619780,1.14212e+07,98034,20.5005,1.07538e+06,1.50801e+06,35.1418,10846.5,605.062,200013
24.7,-0.042873,4.76804e+06,85.3887,-0.00687361,116175,768409,619791,1.14478e+07,98034.2,20.4183,1.07555e+06,1.51449e+06,35.0741,10878,606.006,200012
24.8,-0.042873,4.76804e+06,85.0478,-0.00687362,115594,768394,619796,1.14743e+07,98034.8,20.3366,1.07571e+06,1.52095e+06,35.006,10909.3,606.94,200012
24.9,-0.042873,4.76804e+06,84.7083,-0.00687362,115018,768374,619800,1.15005e+07,98035.8,20.2553,1.07587e+06,1.52741e+06,34.9378,10940.4,607.864,200012
25,-0.042873,4.76804e+06,84.3702,-0.00687362,114448,768349,619803,1.15265e+07,98037.1,20.1743,1.07603e+06,1.53386e+06,34.8693,10971.3,608.779,200011
25.1,-0.042873,4.76804e+06,84.0334,-0.00687362,113883,768319,619803,1.15523e+07,98038.9,20.0938,1.07618e+06,1.54029e+06,34.8006,11002,609.685,200011
25.2,-0.042873,4.76804e+06,83.6979,-0.00687362,113323,768283,619802,1.15778e+07,98041,20.0137,1.07632e+06,1.54673e+06,34.7317,11032.5,610.581,200011
25.3,-0.042873,4.76804e+06,83.3638,-0.00687362,112768,768243,619799,1.16031e+07,98043.5,19.934,1.07646e+06,1.55315e+06,34.6626,11062.8,611.468,200010
25.4,-0.042873,4.76804e+06,83.031,-0.00687362,112218,768197,619794,1.16282e+07,98046.3,19.8547,1.07659e+06,1.55956e+06,34.5933,11092.9,612.345,200010
25.5,-0.042873,4.76804e+06,82.6995,-0.00687362,111673,768146,619786,1.1653e+07,98049.6,19.7757,1.07672e+06,1.56596e+06,34.5238,11122.8,613.213,200010
25.6,-0.042873,4.76804e+06,82.3694,-0.00687363,111134,768091,619788,1.16776e+07,98053.1,19.6972,1.07684e+06,1.57236e+06,34.454,11152.6,614.071,200009
25.7,-0.042873,4.76804e+06,82.0406,-0.00687363,110599,768030,619792,1.1702e+07,98057.1,19.6191,1.07696e+06,1.57875e+06,34.3841,11182.1,614.92,200009
25.8,-0.042873,4.76804e+06,81.7131,-0.00687363,110069,767965,619798,1.17262e+07,98061.4,19.5413,1.07707e+06,1.58512e+06,34.314,11211.4,615.76,200009
25.9,-0.042873,4.76804e+06,81.3869,-0.00687363,109544,767895,619805,1.17501e+07,98066,19.4639,1.07718e+06,1.59149e+06,34.2437,11240.5,616.59,200008
26,-0.042873,4.76804e+06,81.062,-0.00687363,109024,767820,619815,1.17738e+07,98071,19.3869,1.07728e+06,1.59785e+06,34.1733,11269.5,617.41,200008
26.1,-0.042873,4.76804e+06,80.7384,-0.00687363,108508,767740,619828,1.17973e+07,98076.3,19.3103,1.07738e+06,1.6042e+06,34.1026,11298.2,618.222,200008
26.2,-0.042873,4.76804e+06,80.4161,-0.00687363,107997,767657,619844,1.18205e+07,98081.9,19.234,1.07748e+06,1.61054e+06,34.0318,11326.8,619.024,200008
26.3,-0.042873,4.76804e+06,80.0951,-0.00687363,107491,767568,619863,1.18436e+07,98087.9,19.1581,1.07757e+06,1.61687e+06,33.9608,11355.1,619.816,200007
26.4,-0.042873,4.76804e+06,79.7753,-0.00687363,106989,767475,619874,1.18664e+07,98094.2,19.0826,1.07765e+06,1.6232e+06,33.8897,11383.3,620.599,200007
26.5,-0.042873,4.76804e+06,79.4569,-0.00687364,106492,767378,619878,1.18889e+07,98100.9,19.0074,1.07773e+06,1.62951e+06,33.8184,11411.3,621.372,200007
26.6,-0.042873,4.76804e+06,79.1397,-0.00687364,105999,767276,619880,1.19113e+07,98107.8,18.9326,1.07781e+06,1.63581e+06,33.7469,11439.1,622.136,200007
26.7,-0.042873,4.76804e+06,78.8238,-0.00687364,105510,767170,619878,1.19334e+07,98115.1,18.8582,1.07788e+06,1.64211e+06,33.6754,11466.7,622.89,200006
26.8,-0.042873,4.76804e+06,78.5091,-0.00687364,105026,767059,619874,1.19552e+07,98122.7,18.7841,1.07795e+06,1.64839e+06,33.6036,11494.2,623.635,200006
26.9,-0.042873,4.76804e+06,78.1957,-0.00687364,104547,766945,619865,1.19769e+07,98130.5,18.7104,1.07801e+06,1.65467e+06,33.5317,11521.4,624.37,200006
27,-0.042873,4.76804e+06,77.8835,-0.00687364,104071,766826,619853,1.19983e+07,98138.7,18.637,1.07807e+06,1.66094e+06,33.4597,11548.5,625.096,200006
27.1,-0.042873,4.76804e+06,77.5726,-0.00687364,103600,766703,619836,1.20195e+07,98147.2,18.564,1.07813e+06,1.66719e+06,33.3876,11575.3,625.812,200006
27.2,-0.042873,4.76804e+06,77.263,-0.00687364,103133,766576,619823,1.20405e+07,98156,18.4913,1.07818e+06,1.67344e+06,33.3153,11602,626.519,200005
27.3,-0.042873,4.76804e+06,76.9545,-0.00687365,102670,766445,619825,1.20612e+07,98165.1,18.4189,1.07822e+06,1.67968e+06,33.2429,11628.5,627.216,200005
27.4,-0.042873,4.76804e+06,76.6473,-0.00687365,102211,766311,619831,1.20817e+07,98174.5,18.3469,1.07827e+06,1.68591e+06,33.1704,11654.9,627.905,200005
27.5,-0.042873,4.76804e+06,76.3414,-0.00687365,101756,766172,619841,1.2102e+07,98184.1,18.2753,1.0783e+06,1.69213e+06,33.0977,11681,628.584,200005
27.6,-0.042873,4.76804e+06,76.0366,-0.00687365,101305,766029,619856,1.21221e+07,98194.1,18.2039,1.07834e+06,1.69834e+06,33.025,11707,629.253,200005
27.7,-0.042873,4.76804e+06,75.7331,-0.00687365,100859,765882,619876,1.2142e+07,98204.3,18.1329,1.07837e+06,1.70454e+06,32.9521,11732.8,629.914,200005
27.8,-0.042873,4.76804e+06,75.4308,-0.00687365,100416,765732,619902,1.21616e+07,98214.8,18.0623,1.0784e+06,1.71073e+06,32.8791,11758.4,630.565,200005
27.9,-0.042873,4.76804e+06,75.1296,-0.00687365,99976.5,765578,619935,1.2181e+07,98225.6,17.9919,1.07842e+06,1.71691e+06,32.8061,11783.9,631.207,200004
28,-0.042873,4.76804e+06,74.8297,-0.00687365,99541.2,765420,619971,1.22002e+07,98236.7,17.9219,1.07844e+06,1.72308e+06,32.7329,11809.1,631.839,200004
28.1,-0.042873,4.76804e+06,74.531,-0.00687366,99109.8,765259,619978,1.22191e+07,98248,17.8522,1.07846e+06,1.72924e+06,32.6596,11834.2,632.462,200004
28.2,-0.042873,4.76804e+06,74.2335,-0.00687366,98682.1,765094,619979,1.22378e+07,98259.6,17.7828,1.07847e+06,1.73539e+06,32.5863,11859.1,633.075,200004
28.3,-0.042873,4.76804e+06,73.9371,-0.00687366,98258.2,764925,619974,1.22563e+07,98271.4,17.7138,1.07848e+06,1.74153e+06,32.5128,11883.9,633.679,200004
28.4,-0.042873,4.76804e+06,73.642,-0.00687366,97837.9,764753,619962,1.22746e+07,98283.6,17.6451,1.07849e+06,1.74766e+06,32.4393,11908.5,634.273,200004
28.5,-0.042873,4.76804e+06,73.348,-0.00687366,97421.2,764577,619942,1.22926e+07,98295.9,17.5766,1.07849e+06,1.75378e+06,32.3657,11932.9,634.857,200004
28.6,-0.042873,4.76804e+06,73.0552,-0.00687366,97008.1,764398,619913,1.23105e+07,98308.6,17.5085,1.07849e+06,1.75989e+06,32.292,11957.1,635.433,200003
28.7,-0.042873,4.76804e+06,72.7636,-0.00687366,96598.6,764216,619874,1.2328e+07,98321.5,17.4407,1.07849e+06,1.76599e+06,32.2182,11981.2,635.998,200003
28.8,-0.042873,4.76804e+06,72.4731,-0.00687366,96192.6,764030,619825,1.23454e+07,98334.6,17.3732,1.07848e+06,1.77208e+06,32.1444,12005.1,636.554,200003
28.9,-0.042873,4.76804e+06,72.1838,-0.00687366,95790.1,763841,619812,1.23626e+07,98348,17.3061,1.07847e+06,1.77816e+06,32.0705,12028.8,637.102,200003
29,-0.042873,4.76804e+06,71.8956,-0.00687367,95391,763648,619817,1.23795e+07,98361.6,17.2392,1.07846e+06,1.78423e+06,31.9965,12052.4,637.641,200003
29.1,-0.042873,4.76804e+06,71.6086,-0.00687367,94995.4,763453,619831,1.23962e+07,98375.5,17.1726,1.07844e+06,1.7903e+06,31.9225,12075.7,638.171,200003
29.2,-0.042873,4.76804e+06,71.3228,-0.00687367,94603.1,763254,619856,1.24127e+07,98389.6,17.1063,1.07842e+06,1.79635e+06,31.8484,12099,638.691,200003
29.3,-0.042873,4.76804e+06,71.038,-0.00687367,94214.2,763052,619894,1.2429e+07,98403.9,17.0404,1.0784e+06,1.80239e+06,31.7743,12122,639.203,200003
29.4,-0.042873,4.76804e+06,70.7545,-0.00687367,93828.6,762846,619945,1.24451e+07,98418.5,16.9747,1.07837e+06,1.80842e+06,31.7001,12144.9,639.706,200003
29.5,-0.042873,4.76804e+06,70.472,-0.00687367,93446.2,762638,620011,1.2461e+07,98433.3,16.9093,1.07834e+06,1.81444e+06,31.6258,12167.7,640.2,200003
29.6,-0.042873,4.76804e+06,70.1907,-0.00687367,93067.1,762427,620094,1.24766e+07,98448.3,16.8442,1.07831e+06,1.82045e+06,31.5515,12190.3,640.685,200002
29.7,-0.042873,4.76804e+06,69.9105,-0.00687367,92691.2,762212,620155,1.24921e+07,98463.6,16.7794,1.07827e+06,1.82645e+06,31.4772,12212.7,641.161,200002
29.8,-0.042873,4.76804e+06,69.6314,-0.00687368,92318.5,761995,620180,1.25073e+07,98479.1,16.7149,1.07824e+06,1.83244e+06,31.4028,12234.9,641.627,200002
29.9,-0.042873,4.76804e+06,69.3534,-0.00687368,91948.9,761775,620195,1.25223e+07,98494.8,16.6507,1.07819e+06,1.83841e+06,31.3284,12257,642.084,200002
30,-0.042873,4.76804e+06,69.0766,-0.00687368,91582.5,761551,620201,1.2537e+07,98510.7,16.5867,1.07815e+06,1.84438e+06,31.2539,12279,642.532,200002
30.1,-0.042873,4.76804e+06,68.8008,-0.00687368,91219.1,761325,620195,1.25516e+07,98526.9,16.5231,1.0781e+06,1.85034e+06,31.1794,12300.8,642.971,200002
30.2,-0.042873,4.76804e+06,68.5262,-0.00687368,90858.8,761096,620175,1.25659e+07,98543.3,16.4597,1.07806e+06,1.85629e+06,31.1049,12322.4,643.401,200002
30.3,-0.042873,4.76804e+06,68.2526,-0.00687368,90501.5,760864,620140,1.25801e+07,98559.8,16.3966,1.078e+06,1.86223e+06,31.0303,12343.9,643.822,200002
30.4,-0.042873,4.76804e+06,67.9802,-0.00687368,90147.1,760629,620089,1.2594e+07,98576.6,16.3338,1.07795e+06,1.86815e+06,30.9557,12365.2,644.233,200002
30.5,-0.042873,4.76804e+06,67.7088,-0.00687369,89795.7,760392,620032,1.26076e+07,98593.6,16.2712,1.07789e+06,1.87407e+06,30.8811,12386.3,644.636,200002
30.6,-0.042873,4.76804e+06,67.4385,-0.00687369,89447.2,760152,620013,1.26211e+07,98610.8,16.2089,1.07783e+06,1.87998e+06,30.8065,12407.4,645.029,200002
30.7,-0.042873,4.76804e+06,67.1693,-0.00687369,89101.7,759909,619995,1.26344e+07,98628.2,16.1469,1.07777e+06,1.88587e+06,30.7319,12428.2,645.413,200002
30.8,-0.042873,4.76804e+06,66.9012,-0.00687369,88759,759664,619979,1.26474e+07,98645.8,16.0852,1.0777e+06,1.89176e+06,30.6572,12448.9,645.788,200002
30.9,-0.042873,4.76804e+06,66.6341,-0.00687369,88419.2,759415,619967,1.26602e+07,98663.7,16.0238,1.07764e+06,1.89763e+06,30.5825,12469.5,646.154,200002
31,-0.042873,4.76804e+06,66.3681,-0.00687369,88082.2,759165,619958,1.26728e+07,98681.7,15.9626,1.07757e+06,1.9035e+06,30.5079,12489.9,646.511,200002
31.1,-0.042873,4.76804e+06,66.1031,-0.00687369,87747.9,758911,619953,1.26852e+07,98699.9,15.9017,1.07749e+06,1.90935e+06,30.4332,12510.1,646.859,200002
31.2,-0.042873,4.76804e+06,65.8393,-0.00687369,87416.4,758655,619954,1.26974e+07,98718.3,15.841,1.07742e+06,1.91519e+06,30.3585,12530.2,647.198,200001
31.3,-0.042873,4.76804e+06,65.5764,-0.0068737,87087.6,758397,619961,1.27094e+07,98736.9,15.7806,1.07734e+06,1.92102e+06,30.2838,12550.2,647.527,200001
31.4,-0.042873,4.76804e+06,65.3147,-0.0068737,86761.5,758136,619957,1.27211e+07,98755.6,15.7205,1.07726e+06,1.92684e+06,30.2091,12570,647.848,200001
31.5,-0.042873,4.76804e+06,65.0539,-0.0068737,86438.1,757873,619954,1.27327e+07,98774.6,15.6606,1.07718e+06,1.93266e+06,30.1344,12589.6,648.161,200001
31.6,-0.042873,4.76804e+06,64.7942,-0.0068737,86117.4,757607,619952,1.2744e+07,98793.8,15.601,1.07709e+06,1.93846e+06,30.0597,12609.2,648.464,200001
31.7,-0.042873,4.76804e+06,64.5356,-0.0068737,85799.3,757339,619952,1.27551e+07,98813.1,15.5416,1.07701e+06,1.94424e+06,29.985,12628.5,648.759,200001
31.8,-0.042873,4.76804e+06,64.2779,-0.0068737,85483.8,757068,619953,1.2766e+07,98832.6,15.4825,1.07692e+06,1.95002e+06,29.9103,12647.8,649.044,200001
31.9,-0.042873,4.76804e+06,64.0213,-0.0068737,85170.8,756795,619956,1.27767e+07,98852.4,15.4237,1.07683e+06,1.95579e+06,29.8356,12666.9,649.321,200001
32,-0.042873,4.76804e+06,63.7658,-0.0068737,84860.4,756520,619961,1.27872e+07,98872.2,15.3651,1.07673e+06,1.96155e+06,29.761,12685.8,649.589,200001
32.1,-0.042873,4.76804e+06,63.5112,-0.00687371,84552.5,756243,619968,1.27975e+07,98892.3,15.3067,1.07664e+06,1.96729e+06,29.6863,12704.6,649.849,200001
32.2,-0.042873,4.76804e+06,63.2577,-0.00687371,84247.1,755963,619975,1.28076e+07,98912.5,15.2487,1.07654e+06,1.97303e+06,29.6117,12723.3,650.1,200001
32.3,-0.042873,4.76804e+06,63.0052,-0.00687371,83944.2,755681,619981,1.28175e+07,98933,15.1908,1.07644e+06,1.97875e+06,29.5371,12741.8,650.342,200001
32.4,-0.042873,4.76804e+06,62.7537,-0.00687371,83643.7,755397,619989,1.28271e+07,98953.5,15.1332,1.07633e+06,1.98447e+06,29.4625,12760.2,650.576,200001
32.5,-0.042873,4.76804e+06,62.5031,-0.00687371,83345.7,755110,619997,1.28366e+07,98974.3,15.0758,1.07623e+06,1.99017e+06,29.3879,12778.4,650.801,200001
32.6,-0.042873,4.76804e+06,62.2536,-0.00687371,83050,754822,620006,1.28459e+07,98995.2,15.0187,1.07612e+06,1.99586e+06,29.3134,12796.5,651.017,200001
32.7,-0.042873,4.76804e+06,62.0051,-0.00687371,82756.7,754531,620016,1.2855e+07,99016.3,14.9619,1.07601e+06,2.00154e+06,29.2389,12814.5,651.225,200001
32.8,-0.042873,4.76804e+06,61.7576,-0.00687371,82465.8,754238,620026,1.28638e+07,99037.6,14.9052,1.0759e+06,2.00721e+06,29.1644,12832.3,651.425,200001
32.9,-0.042873,4.76804e+06,61.5111,-0.00687372,82177.2,753943,620038,1.28725e+07,99059,14.8488,1.07579e+06,2.01287e+06,29.0899,12850,651.616,200001
33,-0.042873,4.76804e+06,61.2655,-0.00687372,81890.9,753646,620048,1.2881e+07,99080.6,14.7927,1.07567e+06,2.01852e+06,29.0155,12867.6,651.799,200001
33.1,-0.042873,4.76804e+06,61.0209,-0.00687372,81606.9,753347,620055,1.28892e+07,99102.3,14.7368,1.07556e+06,2.02416e+06,28.9411,12885,651.974,200001
33.2,-0.042873,4.76804e+06,60.7773,-0.00687372,81325.2,753046,620062,1.28973e+07,99124.3,14.6811,1.07544e+06,2.02978e+06,28.8667,12902.3,652.14,200001
33.3,-0.042873,4.76804e+06,60.5347,-0.00687372,81045.8,752743,620067,1.29052e+07,99146.3,14.6257,1.07532e+06,2.0354e+06,28.7924,12919.4,652.297,200001
33.4,-0.042873,4.76804e+06,60.2931,-0.00687372,80768.5,752438,620070,1.29129e+07,99168.5,14.5704,1.07519e+06,2.041e+06,28.7181,12936.5,652.446,200001
33.5,-0.042873,4.76804e+06,60.0524,-0.00687372,80493.5,752131,620072,1.29203e+07,99190.9,14.5155,1.07507e+06,2.0466e+06,28.6438,12953.4,652.587,200001
33.6,-0.042873,4.76804e+06,59.8127,-0.00687372,80220.6,751822,620071,1.29276e+07,99213.5,14.4607,1.07494e+06,2.05218e+06,28.5696,12970.1,652.72,200001
33.7,-0.042873,4.76804e+06,59.5739,-0.00687373,79949.9,751512,620069,1.29347e+07,99236.1,14.4062,1.07482e+06,2.05775e+06,28.4955,12986.8,652.844,200001
33.8,-0.042873,4.76804e+06,59.3361,-0.00687373,79681.3,751199,620065,1.29416e+07,99259,14.3519,1.07468e+06,2.06331e+06,28.4214,13003.3,652.961,200001
33.9,-0.042873,4.76804e+06,59.0992,-0.00687373,79414.9,750884,620066,1.29483e+07,99282,14.2978,1.07455e+06,2.06886e+06,28.3473,13019.7,653.068,200001
34,-0.042873,4.76804e+06,58.8633,-0.00687373,79150.6,750568,620066,1.29548e+07,99305.1,14.244,1.07442e+06,2.0744e+06,28.2733,13035.9,653.168,200001
34.1,-0.042873,4.76804e+06,58.6283,-0.00687373,78888.3,750250,620067,1.29611e+07,99328.4,14.1903,1.07428e+06,2.07992e+06,28.1993,13052,653.26,200001
34.2,-0.042873,4.76804e+06,58.3943,-0.00687373,78628.2,749930,620068,1.29672e+07,99351.8,14.1369,1.07415e+06,2.08544e+06,28.1254,13068.1,653.343,200001
34.3,-0.042873,4.76804e+06,58.1612,-0.00687373,78370,749608,620069,1.29731e+07,99375.4,14.0838,1.07401e+06,2.09094e+06,28.0515,13083.9,653.419,200001
34.4,-0.042873,4.76804e+06,57.929,-0.00687374,78113.9,749284,620071,1.29788e+07,99399.1,14.0308,1.07387e+06,2.09644e+06,27.9777,13099.7,653.486,200001
34.5,-0.042873,4.76804e+06,57.6977,-0.00687374,77859.8,748959,620073,1.29844e+07,99423,13.9781,1.07372e+06,2.10192e+06,27.904,13115.3,653.546,200001
34.6,-0.042873,4.76804e+06,57.4674,-0.00687374,77607.7,748632,620076,1.29897e+07,99447,13.9256,1.07358e+06,2.10739e+06,27.8303,13130.8,653.597,200000
34.7,-0.042873,4.76804e+06,57.238,-0.00687374,77357.5,748303,620079,1.29949e+07,99471.1,13.8733,1.07343e+06,2.11285e+06,27.7566,13146.2,653.64,200000
34.8,-0.042873,4.76804e+06,57.0095,-0.00687374,77109.3,747973,620083,1.29998e+07,99495.4,13.8212,1.07328e+06,2.1183e+06,27.6831,13161.4,653.676,200000
34.9,-0.042873,4.76804e+06,56.7819,-0.00687374,76863,747640,620088,1.30046e+07,99519.8,13.7693,1.07313e+06,2.12373e+06,27.6095,13176.6,653.703,200000
35,-0.042873,4.76804e+06,56.5552,-0.00687374,76618.6,747307,620094,1.30092e+07,99544.3,13.7176,1.07298e+06,2.12916e+06,27.5361,13191.6,653.723,200000
35.1,-0.042873,4.76804e+06,56.3295,-0.00687374,76376.1,746971,620101,1.30136e+07,99569,13.6662,1.07283e+06,2.13457e+06,27.4627,13206.5,653.734,200000
35.2,-0.042873,4.76804e+06,56.1046,-0.00687375,76135.6,746634,620104,1.30179e+07,99593.8,13.6149,1.07268e+06,2.13998e+06,27.3894,13221.3,653.738,200000
35.3,-0.042873,4.76804e+06,55.8807,-0.00687375,75896.9,746296,620107,1.30219e+07,99618.7,13.5639,1.07252e+06,2.14537e+06,27.3162,13235.9,653.734,200000
35.4,-0.042873,4.76804e+06,55.6576,-0.00687375,75660,745956,620109,1.30257e+07,99643.8,13.5131,1.07236e+06,2.15075e+06,27.243,13250.5,653.723,200000
35.5,-0.042873,4.76804e+06,55.4354,-0.00687375,75424.9,745614,620112,1.30294e+07,99669,13.4625,1.0722e+06,2.15612e+06,27.1699,13264.9,653.703,200000
35.6,-0.042873,4.76804e+06,55.2141,-0.00687375,75191.7,745271,620114,1.30329e+07,99694.3,13.4121,1.07204e+06,2.16148e+06,27.0968,13279.2,653.676,200000
35.7,-0.042873,4.76804e+06,54.9937,-0.00687375,74960.2,744926,620115,1.30362e+07,99719.8,13.3619,1.07188e+06,2.16682e+06,27.0239,13293.4,653.641,200000
35.8,-0.042873,4.76804e+06,54.7742,-0.00687375,74730.6,744580,620116,1.30393e+07,99745.4,13.3119,1.07172e+06,2.17216e+06,26.951,13307.5,653.598,200000
35.9,-0.042873,4.76804e+06,54.5555,-0.00687375,74502.7,744232,620117,1.30423e+07,99771.1,13.2621,1.07155e+06,2.17748e+06,26.8782,13321.4,653.548,200000
36,-0.042873,4.76804e+06,54.3377,-0.00687376,74276.5,743883,620116,1.3045e+07,99796.9,13.2125,1.07139e+06,2.1828e+06,26.8054,13335.3,653.49,200000
36.1,-0.042873,4.76804e+06,54.1208,-0.00687376,74052,743533,620115,1.30476e+07,99822.9,13.1631,1.07122e+06,2.1881e+06,26.7328,13349,653.425,200000
36.2,-0.042873,4.76804e+06,53.9048,-0.00687376,73829.3,743181,620114,1.305e+07,99848.9,13.114,1.07105e+06,2.19339e+06,26.6602,13362.6,653.352,200000
36.3,-0.042873,4.76804e+06,53.6896,-0.00687376,73608.2,742827,620111,1.30522e+07,99875.1,13.065,1.07088e+06,2.19867e+06,26.5877,13376.1,653.271,200000
36.4,-0.042873,4.76804e+06,53.4752,-0.00687376,73388.8,742472,620108,1.30543e+07,99901.4,13.0162,1.07071e+06,2.20394e+06,26.5153,13389.5,653.183,200000
36.5,-0.042873,4.76804e+06,53.2618,-0.00687376,73171.2,742116,620111,1.30561e+07,99927.8,12.9676,1.07053e+06,2.20919e+06,26.443,13402.8,653.088,200000
36.6,-0.042873,4.76804e+06,53.0492,-0.00687376,72955.1,741759,620114,1.30578e+07,99954.4,12.9192,1.07036e+06,2.21444e+06,26.3708,13416,652.985,200000
36.7,-0.042873,4.76804e+06,52.8374,-0.00687377,72740.7,741400,620118,1.30594e+07,99981.1,12.871,1.07018e+06,2.21967e+06,26.2986,13429.1,652.876,200000
36.8,-0.042873,4.76804e+06,52.6265,-0.00687377,72528,741040,620124,1.30607e+07,100008,12.823,1.07e+06,2.22489e+06,26.2265,13442,652.758,200000
36.9,-0.042873,4.76804e+06,52.4164,-0.00687377,72316.8,740678,620130,1.30619e+07,100035,12.7752,1.06983e+06,2.2301e+06,26.1545,13454.9,652.634,200000
37,-0.042873,4.76804e+06,52.2071,-0.00687377,72107.2,740315,620137,1.30629e+07,100062,12.7276,1.06965e+06,2.2353e+06,26.0826,13467.6,652.503,200000
37.1,-0.042873,4.76804e+06,51.9987,-0.00687377,71899.2,739951,620146,1.30637e+07,100089,12.6801,1.06946e+06,2.24049e+06,26.0108,13480.3,652.364,200000
37.2,-0.042873,4.76804e+06,51.7911,-0.00687377,71692.8,739586,620157,1.30644e+07,100116,12.6329,1.06928e+06,2.24567e+06,25.9391,13492.8,652.218,200000
37.3,-0.042873,4.76804e+06,51.5844,-0.00687377,71487.9,739219,620169,1.30649e+07,100143,12.5859,1.0691e+06,2.25083e+06,25.8675,13505.2,652.066,200000
37.4,-0.042873,4.76804e+06,51.3785,-0.00687377,71284.6,738851,620183,1.30653e+07,100171,12.539,1.06891e+06,2.25598e+06,25.796,13517.6,651.906,200000
37.5,-0.042873,4.76804e+06,51.1734,-0.00687378,71082.8,738482,620199,1.30654e+07,100198,12.4923,1.06872e+06,2.26113e+06,25.7245,13529.8,651.739,200000
37.6,-0.042873,4.76804e+06,50.9691,-0.00687378,70882.5,738112,620217,1.30655e+07,100226,12.4458,1.06854e+06,2.26626e+06,25.6532,13541.9,651.565,200000
37.7,-0.042873,4.76804e+06,50.7656,-0.00687378,70683.7,737740,620234,1.30653e+07,100254,12.3995,1.06835e+06,2.27138e+06,25.582,13553.9,651.385,200000
37.8,-0.042873,4.76804e+06,50.563,-0.00687378,70486.4,737367,620241,1.3065e+07,100282,12.3534,1.06816e+06,2.27648e+06,25.5108,13565.8,651.196,200000
37.9,-0.042873,4.76804e+06,50.3611,-0.00687378,70290.6,736994,620246,1.30645e+07,100310,12.3075,1.06796e+06,2.28158e+06,25.4398,13577.6,651.001,200000
38,-0.042873,4.76804e+06,50.1601,-0.00687378,70096.2,736619,620250,1.30638e+07,100338,12.2617,1.06777e+06,2.28666e+06,25.3688,13589.3,650.799,200000
38.1,-0.042873,4.76804e+06,49.9598,-0.00687378,69903.3,736242,620251,1.3063e+07,100366,12.2162,1.06758e+06,2.29174e+06,25.2979,13600.9,650.59,200000
38.2,-0.042873,4.76804e+06,49.7604,-0.00687379,69711.8,735865,620249,1.3062e+07,100394,12.1708,1.06738e+06,2.2968e+06,25.2272,13612.4,650.373,200000
38.3,-0.042873,4.76804e+06,49.5617,-0.00687379,69521.7,735487,620245,1.30608e+07,100423,12.1256,1.06718e+06,2.30185e+06,25.1565,13623.8,650.15,200000
38.4,-0.042873,4.76804e+06,49.3639,-0.00687379,69333.1,735107,620237,1.30595e+07,100451,12.0805,1.06699e+06,2.30689e+06,25.086,13635.1,649.92,200000
38.5,-0.042873,4.76804e+06,49.1668,-0.00687379,69145.8,734726,620226,1.3058e+07,100480,12.0357,1.06679e+06,2.31191e+06,25.0155,13646.3,649.683,200000
38.6,-0.042873,4.76804e+06,48.9705,-0.00687379,68960,734345,620210,1.30563e+07,100508,11.991,1.06659e+06,2.31693e+06,24.9452,13657.4,649.439,200000
38.7,-0.042873,4.76804e+06,48.7751,-0.00687379,68775.5,733962,620189,1.30545e+07,100537,11.9465,1.06639e+06,2.32193e+06,24.875,13668.4,649.188,200000
38.8,-0.042873,4.76804e+06,48.5803,-0.00687379,68592.4,733578,620164,1.30525e+07,100566,11.9022,1.06618e+06,2.32693e+06,24.8048,13679.3,648.931,200000
38.9,-0.042873,4.76804e+06,48.3864,-0.00687379,68410.6,733193,620132,1.30504e+07,100595,11.8581,1.06598e+06,2.33191e+06,24.7348,13690.2,648.666,200000
39,-0.042873,4.76804e+06,48.1933,-0.0068738,68230.2,732807,620103,1.30481e+07,100624,11.8141,1.06578e+06,2.33688e+06,24.6649,13700.9,648.395,200000
39.1,-0.042873,4.76804e+06,48.0009,-0.0068738,68051.1,732420,620091,1.30456e+07,100653,11.7703,1.06557e+06,2.34184e+06,24.595,13711.5,648.118,200000
39.2,-0.042873,4.76804e+06,47.8092,-0.0068738,67873.4,732032,620081,1.3043e+07,100683,11.7267,1.06536e+06,2.34678e+06,24.5253,13722,647.834,200000
39.3,-0.042873,4.76804e+06,47.6184,-0.0068738,67696.9,731643,620072,1.30403e+07,100712,11.6832,1.06515e+06,2.35172e+06,24.4557,13732.5,647.544,200000
39.4,-0.042873,4.76804e+06,47.4283,-0.0068738,67521.7,731254,620066,1.30374e+07,100741,11.6399,1.06495e+06,2.35664e+06,24.3862,13742.8,647.247,200000
39.5,-0.042873,4.76804e+06,47.239,-0.0068738,67347.8,730863,620063,1.30343e+07,100771,11.5968,1.06474e+06,2.36155e+06,24.3169,13753,646.944,200000
39.6,-0.042873,4.76804e+06,47.0504,-0.0068738,67175.2,730471,620063,1.30311e+07,100800,11.5539,1.06452e+06,2.36645e+06,24.2476,13763.2,646.635,200000
39.7,-0.042873,4.76804e+06,46.8626,-0.0068738,67003.9,730078,620067,1.30277e+07,100830,11.5111,1.06431e+06,2.37134e+06,24.1784,13773.3,646.319,200000
39.8,-0.042873,4.76804e+06,46.6755,-0.00687381,66833.8,729684,620076,1.30242e+07,100860,11.4685,1.0641e+06,2.37622e+06,24.1094,13783.2,645.997,200000
39.9,-0.042873,4.76804e+06,46.4891,-0.00687381,66665,729290,620090,1.30206e+07,100890,11.4261,1.06388e+06,2.38109e+06,24.0405,13793.1,645.668,200000
40,-0.042873,4.76804e+06,46.3036,-0.00687381,66497.4,728894,620110,1.30167e+07,100920,11.3838,1.06367e+06,2.38594e+06,23.9716,13802.9,645.334,200000
40.1,-0.042873,4.76804e+06,46.1187,-0.00687381,66331,728498,620136,1.30128e+07,100950,11.3417,1.06345e+06,2.39078e+06,23.9029,13812.6,644.993,200000
40.2,-0.042873,4.76804e+06,45.9346,-0.00687381,66165.8,728100,620170,1.30087e+07,100980,11.2998,1.06324e+06,2.39561e+06,23.8344,13822.2,644.646,200000
40.3,-0.042873,4.76804e+06,45.7512,-0.00687381,66001.9,727702,620202,1.30044e+07,101010,11.258,1.06302e+06,2.40043e+06,23.7659,13831.8,644.293,200000
40.4,-0.042873,4.76804e+06,45.5686,-0.00687381,65839.1,727303,620217,1.30001e+07,101041,11.2164,1.0628e+06,2.40524e+06,23.6975,13841.2,643.935,200000
40.5,-0.042873,4.76804e+06,45.3867,-0.00687382,65677.5,726903,620232,1.29955e+07,101071,11.1749,1.06258e+06,2.41004e+06,23.6293,13850.5,643.57,200000
40.6,-0.042873,4.76804e+06,45.2055,-0.00687382,65517.1,726502,620247,1.29908e+07,101102,11.1337,1.06236e+06,2.41482e+06,23.5612,13859.8,643.199,200000
40.7,-0.042873,4.76804e+06,45.025,-0.00687382,65357.8,726101,620261,1.2986e+07,101132,11.0925,1.06213e+06,2.4196e+06,23.4932,13869,642.822,200000
40.8,-0.042873,4.76804e+06,44.8453,-0.00687382,65199.7,725698,620274,1.29811e+07,101163,11.0516,1.06191e+06,2.42436e+06,23.4253,13878.1,642.44,200000
40.9,-0.042873,4.76804e+06,44.6663,-0.00687382,65042.8,725295,620287,1.2976e+07,101194,11.0108,1.06169e+06,2.42911e+06,23.3575,13887.1,642.051,200000
41,-0.042873,4.76804e+06,44.488,-0.00687382,64886.9,724891,620298,1.29708e+07,101224,10.9701,1.06146e+06,2.43385e+06,23.2899,13896,641.657,200000
41.1,-0.042873,4.76804e+06,44.3104,-0.00687382,64732.2,724486,620306,1.29654e+07,101255,10.9296,1.06124e+06,2.43858e+06,23.2223,13904.8,641.258,200000
41.2,-0.042873,4.76804e+06,44.1335,-0.00687382,64578.7,724080,620313,1.29599e+07,101286,10.8893,1.06101e+06,2.44329e+06,23.1549,13913.6,640.852,200000
41.3,-0.042873,4.76804e+06,43.9573,-0.00687383,64426.2,723674,620317,1.29543e+07,101317,10.8491,1.06078e+06,2.448e+06,23.0876,13922.2,640.441,200000
41.4,-0.042873,4.76804e+06,43.7818,-0.00687383,64274.8,723266,620317,1.29485e+07,101349,10.8091,1.06055e+06,2.45269e+06,23.0205,13930.8,640.025,200000
41.5,-0.042873,4.76804e+06,43.607,-0.00687383,64124.6,722858,620314,1.29426e+07,101380,10.7692,1.06032e+06,2.45737e+06,22.9534,13939.3,639.603,200000
41.6,-0.042873,4.76804e+06,43.433,-0.00687383,63975.4,722450,620312,1.29366e+07,101411,10.7295,1.06009e+06,2.46204e+06,22.8865,13947.7,639.176,200000
41.7,-0.042873,4.76804e+06,43.2596,-0.00687383,63827.2,722040,620320,1.29304e+07,101443,10.69,1.05986e+06,2.4667e+06,22.8197,13956.1,638.742,200000
41.8,-0.042873,4.76804e+06,43.0869,-0.00687383,63680.2,721630,620327,1.29241e+07,101474,10.6506,1.05963e+06,2.47135e+06,22.753,13964.3,638.304,200000
41.9,-0.042873,4.76804e+06,42.9149,-0.00687383,63534.2,721219,620334,1.29177e+07,101506,10.6113,1.0594e+06,2.47598e+06,22.6865,13972.5,637.86,200000
42,-0.042873,4.76804e+06,42.7436,-0.00687383,63389.2,720807,620341,1.29111e+07,101537,10.5722,1.05916e+06,2.48061e+06,22.6201,13980.6,637.41,200000
42.1,-0.042873,4.76804e+06,42.5729,-0.00687384,63245.3,720395,620347,1.29045e+07,101569,10.5333,1.05893e+06,2.48522e+06,22.5538,13988.6,636.955,200000
42.2,-0.042873,4.76804e+06,42.403,-0.00687384,63102.4,719982,620354,1.28977e+07,101601,10.4945,1.05869e+06,2.48982e+06,22.4876,13996.5,636.495,200000
42.3,-0.042873,4.76804e+06,42.2337,-0.00687384,62960.5,719568,620361,1.28907e+07,101632,10.4558,1.05845e+06,2.49441e+06,22.4215,14004.4,636.03,200000
42.4,-0.042873,4.76804e+06,42.0651,-0.00687384,62819.6,719154,620368,1.28837e+07,101664,10.4173,1.05822e+06,2.49899e+06,22.3556,14012.1,635.559,200000
42.5,-0.042873,4.76804e+06,41.8972,-0.00687384,62679.8,718738,620375,1.28765e+07,101696,10.379,1.05798e+06,2.50355e+06,22.2898,14019.8,635.083,200000
42.6,-0.042873,4.76804e+06,41.7299,-0.00687384,62540.9,718323,620382,1.28692e+07,101728,10.3408,1.05774e+06,2.50811e+06,22.2242,14027.5,634.602,200000
42.7,-0.042873,4.76804e+06,41.5633,-0.00687384,62403,717906,620389,1.28617e+07,101760,10.3027,1.0575e+06,2.51265e+06,22.1586,14035,634.116,200000
42.8,-0.042873,4.76804e+06,41.3974,-0.00687385,62266.2,717489,620397,1.28542e+07,101793,10.2648,1.05726e+06,2.51718e+06,22.0932,14042.5,633.625,200000
42.9,-0.042873,4.76804e+06,41.2322,-0.00687385,62130.2,717071,620403,1.28465e+07,101825,10.2271,1.05702e+06,2.5217e+06,22.0279,14049.9,633.128,200000
43,-0.042873,4.76804e+06,41.0676,-0.00687385,61995.3,716653,620404,1.28387e+07,101857,10.1894,1.05678e+06,2.52621e+06,21.9628,14057.2,632.626,200000
43.1,-0.042873,4.76804e+06,40.9036,-0.00687385,61861.3,716234,620404,1.28307e+07,101890,10.152,1.05653e+06,2.53071e+06,21.8977,14064.4,632.119,200000
43.2,-0.042873,4.76804e+06,40.7403,-0.00687385,61728.3,715815,620402,1.28227e+07,101922,10.1146,1.05629e+06,2.5352e+06,21.8328,14071.6,631.606,200000
43.3,-0.042873,4.76804e+06,40.5777,-0.00687385,61596.2,715394,620398,1.28145e+07,101955,10.0775,1.05604e+06,2.53967e+06,21.7681,14078.7,631.089,200000
43.4,-0.042873,4.76804e+06,40.4157,-0.00687385,61465,714974,620393,1.28062e+07,101987,10.0404,1.0558e+06,2.54413e+06,21.7034,14085.7,630.566,200000
43.5,-0.042873,4.76804e+06,40.2544,-0.00687385,61334.8,714552,620386,1.27977e+07,102020,10.0035,1.05555e+06,2.54859e+06,21.6389,14092.6,630.038,200000
43.6,-0.042873,4.76804e+06,40.0937,-0.00687386,61205.5,714130,620377,1.27892e+07,102053,9.96675,1.05531e+06,2.55303e+06,21.5746,14099.5,629.504,200000
43.7,-0.042873,4.76804e+06,39.9336,-0.00687386,61077.1,713708,620365,1.27805e+07,102086,9.93013,1.05506e+06,2.55745e+06,21.5103,14106.3,628.966,200000
43.8,-0.042873,4.76804e+06,39.7742,-0.00687386,60949.6,713285,620351,1.27717e+07,102118,9.89366,1.05481e+06,2.56187e+06,21.4462,14113,628.422,200000
43.9,-0.042873,4.76804e+06,39.6154,-0.00687386,60823,712861,620335,1.27628e+07,102151,9.85732,1.05456e+06,2.56628e+06,21.3822,14119.7,627.874,200000
44,-0.042873,4.76804e+06,39.4573,-0.00687386,60697.3,712437,620315,1.27537e+07,102184,9.82112,1.05431e+06,2.57067e+06,21.3184,14126.3,627.32,200000
44.1,-0.042873,4.76804e+06,39.2998,-0.00687386,60572.5,712012,620293,1.27445e+07,102217,9.78505,1.05406e+06,2.57505e+06,21.2547,14132.8,626.761,200000
44.2,-0.042873,4.76804e+06,39.1429,-0.00687386,60448.5,711587,620276,1.27353e+07,102251,9.74913,1.05381e+06,2.57943e+06,21.1911,14139.2,626.197,200000
44.3,-0.042873,4.76804e+06,38.9866,-0.00687386,60325.5,711161,620268,1.27259e+07,102284,9.71334,1.05356e+06,2.58379e+06,21.1276,14145.6,625.63,200000
44.4,-0.042873,4.76804e+06,38.831,-0.00687387,60203.3,710735,620262,1.27164e+07,102317,9.67769,1.0533e+06,2.58813e+06,21.0643,14151.9,625.058,200000
44.5,-0.042873,4.76804e+06,38.676,-0.00687387,60081.9,710308,620258,1.27068e+07,102350,9.64218,1.05305e+06,2.59247e+06,21.0011,14158.1,624.482,200000
44.6,-0.042873,4.76804e+06,38.5216,-0.00687387,59961.4,709881,620257,1.26971e+07,102384,9.6068,1.0528e+06,2.5968e+06,20.9381,14164.3,623.901,200000
44.7,-0.042873,4.76804e+06,38.3678,-0.00687387,59841.8,709453,620260,1.26873e+07,102417,9.57155,1.05254e+06,2.60111e+06,20.8751,14170.4,623.315,200000
44.8,-0.042873,4.76804e+06,38.2146,-0.00687387,59723,709024,620266,1.26774e+07,102451,9.53644,1.05229e+06,2.60542e+06,20.8123,14176.4,622.725,200000
44.9,-0.042873,4.76804e+06,38.0621,-0.00687387,59605,708596,620276,1.26673e+07,102484,9.50146,1.05203e+06,2.60971e+06,20.7497,14182.4,622.131,200000
45,-0.042873,4.76804e+06,37.9101,-0.00687387,59487.9,708166,620292,1.26572e+07,102518,9.46662,1.05177e+06,2.61399e+06,20.6872,14188.3,621.532,200000
45.1,-0.042873,4.76804e+06,37.7588,-0.00687387,59371.6,707737,620312,1.2647e+07,102552,9.43191,1.05151e+06,2.61826e+06,20.6248,14194.1,620.93,200000
45.2,-0.042873,4.76804e+06,37.6081,-0.00687388,59256,707306,620339,1.26366e+07,102585,9.39733,1.05126e+06,2.62251e+06,20.5625,14199.9,620.323,200000
45.3,-0.042873,4.76804e+06,37.4579,-0.00687388,59141.4,706876,620373,1.26262e+07,102619,9.36288,1.051e+06,2.62676e+06,20.5004,14205.5,619.712,200000
45.4,-0.042873,4.76804e+06,37.3084,-0.00687388,59027.5,706444,620413,1.26157e+07,102653,9.32857,1.05074e+06,2.63099e+06,20.4385,14211.2,619.097,200000
45.5,-0.042873,4.76804e+06,37.1595,-0.00687388,58914.4,706013,620444,1.2605e+07,102687,9.29438,1.05048e+06,2.63522e+06,20.3766,14216.7,618.477,200000
45.6,-0.042873,4.76804e+06,37.0111,-0.00687388,58802,705581,620459,1.25943e+07,102721,9.26032,1.05022e+06,2.63943e+06,20.3149,14222.2,617.853,200000
45.7,-0.042873,4.76804e+06,36.8634,-0.00687388,58690.5,705148,620473,1.25834e+07,102755,9.22639,1.04995e+06,2.64363e+06,20.2533,14227.7,617.224,200000
45.8,-0.042873,4.76804e+06,36.7162,-0.00687388,58579.8,704715,620485,1.25725e+07,102789,9.19259,1.04969e+06,2.64782e+06,20.1919,14233,616.591,200000
45.9,-0.042873,4.76804e+06,36.5696,-0.00687388,58469.8,704282,620495,1.25614e+07,102823,9.15892,1.04943e+06,2.652e+06,20.1306,14238.3,615.954,200000
46,-0.042873,4.76804e+06,36.4237,-0.00687389,58360.6,703848,620501,1.25502e+07,102857,9.12538,1.04917e+06,2.65616e+06,20.0694,14243.6,615.312,200000
46.1,-0.042873,4.76804e+06,36.2783,-0.00687389,58252.1,703414,620504,1.2539e+07,102892,9.09196,1.0489e+06,2.66032e+06,20.0084,14248.8,614.667,200000
46.2,-0.042873,4.76804e+06,36.1334,-0.00687389,58144.4,702980,620502,1.25276e+07,102926,9.05867,1.04864e+06,2.66446e+06,19.9475,14253.9,614.017,200000
46.3,-0.042873,4.76804e+06,35.9892,-0.00687389,58037.5,702545,620495,1.25161e+07,102960,9.0255,1.04837e+06,2.6686e+06,19.8868,14258.9,613.364,200000
46.4,-0.042873,4.76804e+06,35.8455,-0.00687389,57931.2,702109,620483,1.25046e+07,102995,8.99246,1.04811e+06,2.67272e+06,19.8262,14263.9,612.706,200000
46.5,-0.042873,4.76804e+06,35.7024,-0.00687389,57825.8,701673,620463,1.24929e+07,103029,8.95955,1.04784e+06,2.67683e+06,19.7657,14268.9,612.044,200000
46.6,-0.042873,4.76804e+06,35.5599,-0.00687389,57721,701237,620437,1.24812e+07,103064,8.92676,1.04757e+06,2.68093e+06,19.7053,14273.7,611.378,200000
46.7,-0.042873,4.76804e+06,35.4179,-0.00687389,57617,700801,620402,1.24693e+07,103098,8.89409,1.0473e+06,2.68502e+06,19.6451,14278.5,610.708,200000
46.8,-0.042873,4.76804e+06,35.2766,-0.0068739,57513.8,700364,620381,1.24574e+07,103133,8.86155,1.04704e+06,2.68909e+06,19.5851,14283.3,610.035,200000
46.9,-0.042873,4.76804e+06,35.1357,-0.0068739,57411.2,699927,620376,1.24453e+07,103168,8.82913,1.04677e+06,2.69316e+06,19.5251,14288,609.358,200000
47,-0.042873,4.76804e+06,34.9955,-0.0068739,57309.3,699489,620371,1.24332e+07,103202,8.79683,1.0465e+06,2.69721e+06,19.4653,14292.6,608.678,200000
47.1,-0.042873,4.76804e+06,34.8558,-0.0068739,57208.2,699051,620369,1.2421e+07,103237,8.76465,1.04623e+06,2.70126e+06,19.4057,14297.2,607.995,200000
47.2,-0.042873,4.76804e+06,34.7166,-0.0068739,57107.7,698613,620369,1.24088e+07,103272,8.7326,1.04596e+06,2.70529e+06,19.3462,14301.7,607.308,200000
47.3,-0.042873,4.76804e+06,34.578,-0.0068739,57008,698174,620373,1.23964e+07,103307,8.70066,1.04568e+06,2.70931e+06,19.2868,14306.2,606.617,200000
47.4,-0.042873,4.76804e+06,34.44,-0.0068739,56908.9,697735,620379,1.2384e+07,103342,8.66885,1.04541e+06,2.71332e+06,19.2275,14310.6,605.923,200000
47.5,-0.042873,4.76804e+06,34.3025,-0.0068739,56810.5,697296,620390,1.23714e+07,103377,8.63715,1.04514e+06,2.71732e+06,19.1684,14314.9,605.226,200000
47.6,-0.042873,4.76804e+06,34.1656,-0.00687391,56712.8,696856,620406,1.23588e+07,103412,8.60558,1.04487e+06,2.7213e+06,19.1095,14319.2,604.525,200000
47.7,-0.042873,4.76804e+06,34.0292,-0.00687391,56615.8,696416,620427,1.23461e+07,103447,8.57412,1.04459e+06,2.72528e+06,19.0506,14323.4,603.822,200000
47.8,-0.042873,4.76804e+06,33.8933,-0.00687391,56519.4,695976,620455,1.23334e+07,103482,8.54278,1.04432e+06,2.72924e+06,18.9919,14327.6,603.115,200000
47.9,-0.042873,4.76804e+06,33.758,-0.00687391,56423.8,695535,620489,1.23205e+07,103517,8.51156,1.04404e+06,2.7332e+06,18.9334,14331.7,602.405,200000
48,-0.042873,4.76804e+06,33.6233,-0.00687391,56328.7,695094,620531,1.23076e+07,103553,8.48045,1.04377e+06,2.73714e+06,18.875,14335.7,601.692,200000
48.1,-0.042873,4.76804e+06,33.489,-0.00687391,56234.4,694653,620554,1.22946e+07,103588,8.44947,1.04349e+06,2.74107e+06,18.8167,14339.7,600.974,200000
48.2,-0.042873,4.76804e+06,33.3554,-0.00687391,56140.7,694212,620562,1.22814e+07,103623,8.41859,1.04322e+06,2.74499e+06,18.7586,14343.7,600.252,200000
48.3,-0.042873,4.76804e+06,33.2222,-0.00687391,56047.6,693770,620567,1.22682e+07,103659,8.38784,1.04294e+06,2.7489e+06,18.7006,14347.6,599.525,200000
48.4,-0.042873,4.76804e+06,33.0896,-0.00687392,55955.2,693328,620568,1.22549e+07,103694,8.3572,1.04266e+06,2.7528e+06,18.6427,14351.4,598.795,200000
48.5,-0.042873,4.76804e+06,32.9575,-0.00687392,55863.4,692886,620564,1.22415e+07,103730,8.32667,1.04238e+06,2.75669e+06,18.585,14355.2,598.061,200000
48.6,-0.042873,4.76804e+06,32.8259,-0.00687392,55772.2,692443,620556,1.22279e+07,103765,8.29626,1.04211e+06,2.76056e+06,18.5274,14358.9,597.323,200000
48.7,-0.042873,4.76804e+06,32.6949,-0.00687392,55681.7,692000,620541,1.22143e+07,103801,8.26597,1.04183e+06,2.76443e+06,18.47,14362.6,596.581,200000
48.8,-0.042873,4.76804e+06,32.5644,-0.00687392,55591.8,691557,620520,1.22006e+07,103836,8.23578,1.04155e+06,2.76828e+06,18.4127,14366.2,595.835,200000
48.9,-0.042873,4.76804e+06,32.4344,-0.00687392,55502.5,691113,620491,1.21868e+07,103872,8.20571,1.04127e+06,2.77212e+06,18.3555,14369.8,595.084,200000
49,-0.042873,4.76804e+06,32.3049,-0.00687392,55413.8,690670,620454,1.21729e+07,103908,8.17575,1.04099e+06,2.77596e+06,18.2985,14373.3,594.33,200000
49.1,-0.042873,4.76804e+06,32.1759,-0.00687392,55325.8,690226,620408,1.21589e+07,103944,8.14591,1.04071e+06,2.77978e+06,18.2416,14376.7,593.571,200000
49.2,-0.042873,4.76804e+06,32.0475,-0.00687393,55238.3,689782,620351,1.21448e+07,103979,8.11618,1.04042e+06,2.78359e+06,18.1848,14380.1,592.808,200000
49.3,-0.042873,4.76804e+06,31.9195,-0.00687393,55151.5,689337,620283,1.21305e+07,104015,8.08655,1.04014e+06,2.78739e+06,18.1282,14383.5,592.04,200000
49.4,-0.042873,4.76804e+06,31.7921,-0.00687393,55065.2,688892,620236,1.21163e+07,104051,8.05704,1.03986e+06,2.79117e+06,18.0717,14386.8,591.271,200000
49.5,-0.042873,4.76804e+06,31.6652,-0.00687393,54979.6,688447,620208,1.21019e+07,104087,8.02764,1.03958e+06,2.79495e+06,18.0154,14390,590.499,200000
49.6,-0.042873,4.76804e+06,31.5388,-0.00687393,54894.5,688002,620187,1.20875e+07,104123,7.99835,1.03929e+06,2.79872e+06,17.9592,14393.2,589.724,200000
49.7,-0.042873,4.76804e+06,31.4129,-0.00687393,54810,687557,620176,1.2073e+07,104159,7.96917,1.03901e+06,2.80247e+06,17.9031,14396.4,588.946,200000
49.8,-0.042873,4.76804e+06,31.2875,-0.00687393,54726.1,687111,620178,1.20585e+07,104195,7.94009,1.03872e+06,2.80622e+06,17.8472,14399.5,588.165,200000
49.9,-0.042873,4.76804e+06,31.1626,-0.00687393,54642.8,686665,620196,1.20439e+07,104231,7.91113,1.03844e+06,2.80995e+06,17.7914,14402.6,587.382,200000
50,-0.042873,4.76804e+06,31.0382,-0.00687394,54560.1,686219,620233,1.20292e+07,104268,7.88227,1.03815e+06,2.81367e+06,17.7358,14405.6,586.597,200000
50.1,-0.042873,4.76804e+06,30.9143,-0.00687394,54477.9,685773,620292,1.20145e+07,104304,7.85352,1.03787e+06,2.81738e+06,17.6803,14408.5,585.81,200000
50.2,-0.042873,4.76804e+06,30.7909,-0.00687394,54396.3,685327,620376,1.19997e+07,104340,7.82488,1.03758e+06,2.82108e+06,17.6249,14411.4,585.02,200000
50.3,-0.042873,4.76804e+06,30.668,-0.00687394,54315.2,684880,620443,1.19849e+07,104376,7.79634,1.03729e+06,2.82477e+06,17.5697,14414.3,584.228,200000
50.4,-0.042873,4.76804e+06,30.5455,-0.00687394,54234.7,684433,620487,1.19699e+07,104413,7.76792,1.03701e+06,2.82845e+06,17.5146,14417.1,583.434,200000
50.5,-0.042873,4.76804e+06,30.4236,-0.00687394,54154.8,683986,620519,1.1955e+07,104449,7.73959,1.03672e+06,2.83212e+06,17.4596,14419.8,582.637,200000
50.6,-0.042873,4.76804e+06,30.3021,-0.00687394,54075.4,683539,620533,1.194e+07,104485,7.71138,1.03643e+06,2.83578e+06,17.4048,14422.5,581.837,200000
50.7,-0.042873,4.76804e+06,30.1812,-0.00687394,53996.6,683091,620521,1.19249e+07,104522,7.68326,1.03614e+06,2.83942e+06,17.3502,14425.2,581.036,200000
50.8,-0.042873,4.76804e+06,30.0607,-0.00687395,53918.3,682644,620476,1.19097e+07,104558,7.65526,1.03585e+06,2.84306e+06,17.2956,14427.8,580.232,200000
50.9,-0.042873,4.76804e+06,29.9407,-0.00687395,53840.5,682196,620426,1.18945e+07,104595,7.62735,1.03556e+06,2.84668e+06,17.2412,14430.4,579.426,200000
51,-0.042873,4.76804e+06,29.8212,-0.00687395,53763.3,681748,620412,1.18793e+07,104631,7.59955,1.03527e+06,2.8503e+06,17.187,14432.9,578.617,200000
51.1,-0.042873,4.76804e+06,29.7021,-0.00687395,53686.6,681300,620399,1.18639e+07,104668,7.57186,1.03498e+06,2.8539e+06,17.1328,14435.4,577.806,200000
51.2,-0.042873,4.76804e+06,29.5835,-0.00687395,53610.4,680852,620390,1.18485e+07,104705,7.54426,1.03469e+06,2.85749e+06,17.0788,14437.8,576.992,200000
51.3,-0.042873,4.76804e+06,29.4654,-0.00687395,53534.8,680403,620391,1.18331e+07,104741,7.51677,1.0344e+06,2.86107e+06,17.025,14440.2,576.176,200000
51.4,-0.042873,4.76804e+06,29.3478,-0.00687395,53459.6,679955,620405,1.18176e+07,104778,7.48938,1.03411e+06,2.86464e+06,16.9713,14442.5,575.357,200000
51.5,-0.042873,4.76804e+06,29.2307,-0.00687395,53385,679506,620430,1.1802e+07,104815,7.46209,1.03381e+06,2.8682e+06,16.9177,14444.8,574.535,200000
51.6,-0.042873,4.76804e+06,29.114,-0.00687395,53310.9,679057,620429,1.17863e+07,104852,7.43491,1.03352e+06,2.87175e+06,16.8643,14447,573.711,200000
51.7,-0.042873,4.76804e+06,28.9978,-0.00687396,53237.3,678608,620427,1.17706e+07,104889,7.40782,1.03323e+06,2.87529e+06,16.811,14449.3,572.884,200000
51.8,-0.042873,4.76804e+06,28.882,-0.00687396,53164.3,678159,620425,1.17548e+07,104926,7.38084,1.03293e+06,2.87882e+06,16.7578,14451.4,572.054,200000
51.9,-0.042873,4.76804e+06,28.7667,-0.00687396,53091.7,677709,620421,1.1739e+07,104962,7.35395,1.03264e+06,2.88234e+06,16.7048,14453.5,571.222,200000
52,-0.042873,4.76804e+06,28.6519,-0.00687396,53019.6,677260,620416,1.1723e+07,104999,7.32717,1.03235e+06,2.88585e+06,16.6519,14455.6,570.386,200000
52.1,-0.042873,4.76804e+06,28.5375,-0.00687396,52948,676810,620407,1.1707e+07,105036,7.30048,1.03205e+06,2.88934e+06,16.5992,14457.6,569.548,200000
52.2,-0.042873,4.76804e+06,28.4236,-0.00687396,52876.9,676360,620406,1.1691e+07,105073,7.2739,1.03175e+06,2.89283e+06,16.5466,14459.6,568.708,200000
52.3,-0.042873,4.76804e+06,28.3101,-0.00687396,52806.4,675910,620408,1.16749e+07,105111,7.24741,1.03146e+06,2.8963e+06,16.4941,14461.5,567.866,200000
52.4,-0.042873,4.76804e+06,28.1971,-0.00687396,52736.2,675460,620412,1.16587e+07,105148,7.22102,1.03116e+06,2.89977e+06,16.4417,14463.4,567.022,200000
52.5,-0.042873,4.76804e+06,28.0845,-0.00687397,52666.6,675010,620420,1.16425e+07,105185,7.19473,1.03087e+06,2.90322e+06,16.3895,14465.3,566.176,200000
52.6,-0.042873,4.76804e+06,27.9724,-0.00687397,52597.5,674560,620433,1.16263e+07,105222,7.16853,1.03057e+06,2.90666e+06,16.3375,14467.1,565.329,200000
52.7,-0.042873,4.76804e+06,27.8607,-0.00687397,52528.8,674109,620450,1.161e+07,105259,7.14244,1.03027e+06,2.9101e+06,16.2855,14468.8,564.481,200000
52.8,-0.042873,4.76804e+06,27.7495,-0.00687397,52460.6,673659,620464,1.15937e+07,105297,7.11644,1.02997e+06,2.91352e+06,16.2338,14470.6,563.63,200000
52.9,-0.042873,4.76804e+06,27.6387,-0.00687397,52392.9,673208,620472,1.15773e+07,105334,7.09053,1.02968e+06,2.91693e+06,16.1821,14472.3,562.776,200000
53,-0.042873,4.76804e+06,27.5284,-0.00687397,52325.6,672758,620477,1.15609e+07,105371,7.06472,1.02938e+06,2.92033e+06,16.1306,14473.9,561.921,200000
53.1,-0.042873,4.76804e+06,27.4185,-0.00687397,52258.8,672307,620479,1.15444e+07,105409,7.03901,1.02908e+06,2.92372e+06,16.0792,14475.5,561.063,200000
53.2,-0.042873,4.76804e+06,27.3091,-0.00687397,52192.5,671856,620475,1.15278e+07,105446,7.01339,1.02878e+06,2.9271e+06,16.028,14477.1,560.204,200000
53.3,-0.042873,4.76804e+06,27.2,-0.00687397,52126.6,671405,620464,1.15112e+07,105483,6.98787,1.02848e+06,2.93047e+06,15.9768,14478.6,559.342,200000
53.4,-0.042873,4.76804e+06,27.0915,-0.00687398,52061.2,670954,620453,1.14946e+07,105521,6.96244,1.02818e+06,2.93383e+06,15.9259,14480,558.479,200000
53.5,-0.042873,4.76804e+06,26.9833,-0.00687398,51996.2,670503,620450,1.14779e+07,105558,6.9371,1.02788e+06,2.93718e+06,15.875,14481.5,557.614,200000
53.6,-0.042873,4.76804e+06,26.8756,-0.00687398,51931.7,670051,620448,1.14612e+07,105596,6.91186,1.02758e+06,2.94052e+06,15.8243,14482.9,556.748,200000
53.7,-0.042873,4.76804e+06,26.7683,-0.00687398,51867.6,669600,620448,1.14444e+07,105633,6.88671,1.02728e+06,2.94384e+06,15.7737,14484.2,555.88,200000
53.8,-0.042873,4.76804e+06,26.6614,-0.00687398,51804,669149,620452,1.14276e+07,105671,6.86166,1.02697e+06,2.94716e+06,15.7233,14485.6,555.01,200000
53.9,-0.042873,4.76804e+06,26.555,-0.00687398,51740.8,668697,620460,1.14107e+07,105709,6.8367,1.02667e+06,2.95047e+06,15.673,14486.8,554.14,200000
54,-0.042873,4.76804e+06,26.449,-0.00687398,51678,668245,620472,1.13939e+07,105746,6.81182,1.02637e+06,2.95377e+06,15.6229,14488.1,553.267,200000
54.1,-0.042873,4.76804e+06,26.3434,-0.00687398,51615.7,667794,620475,1.13769e+07,105784,6.78705,1.02607e+06,2.95705e+06,15.5728,14489.3,552.393,200000
54.2,-0.042873,4.76804e+06,26.2383,-0.00687399,51553.8,667342,620479,1.13599e+07,105822,6.76236,1.02576e+06,2.96033e+06,15.5229,14490.4,551.516,200000
54.3,-0.042873,4.76804e+06,26.1335,-0.00687399,51492.4,666890,620481,1.13429e+07,105860,6.73776,1.02546e+06,2.96359e+06,15.4732,14491.6,550.638,200000
54.4,-0.042873,4.76804e+06,26.0292,-0.00687399,51431.3,666438,620482,1.13258e+07,105897,6.71326,1.02516e+06,2.96685e+06,15.4235,14492.7,549.758,200000
54.5,-0.042873,4.76804e+06,25.9253,-0.00687399,51370.7,665986,620480,1.13087e+07,105935,6.68884,1.02485e+06,2.97009e+06,15.374,14493.7,548.876,200000
54.6,-0.042873,4.76804e+06,25.8218,-0.00687399,51310.5,665534,620476,1.12915e+07,105973,6.66452,1.02455e+06,2.97333e+06,15.3247,14494.7,547.991,200000
54.7,-0.042873,4.76804e+06,25.7187,-0.00687399,51250.7,665082,620475,1.12742e+07,106011,6.64028,1.02424e+06,2.97655e+06,15.2755,14495.7,547.106,200000
54.8,-0.042873,4.76804e+06,25.616,-0.00687399,51191.4,664630,620475,1.1257e+07,106049,6.61613,1.02394e+06,2.97977e+06,15.2264,14496.6,546.219,200000
54.9,-0.042873,4.76804e+06,25.5138,-0.00687399,51132.4,664178,620475,1.12397e+07,106087,6.59208,1.02363e+06,2.98297e+06,15.1774,14497.5,545.331,200000
55,-0.042873,4.76804e+06,25.4119,-0.00687399,51073.9,663726,620476,1.12223e+07,106125,6.56811,1.02332e+06,2.98617e+06,15.1286,14498.4,544.441,200000
55.1,-0.042873,4.76804e+06,25.3105,-0.006874,51015.8,663274,620477,1.1205e+07,106163,6.54423,1.02302e+06,2.98935e+06,15.0799,14499.2,543.55,200000
55.2,-0.042873,4.76804e+06,25.2094,-0.006874,50958,662822,620480,1.11875e+07,106201,6.52044,1.02271e+06,2.99252e+06,15.0313,14500,542.658,200000
55.3,-0.042873,4.76804e+06,25.1088,-0.006874,50900.7,662369,620482,1.11701e+07,106239,6.49673,1.0224e+06,2.99569e+06,14.9829,14500.7,541.764,200000
55.4,-0.042873,4.76804e+06,25.0086,-0.006874,50843.8,661917,620483,1.11526e+07,106277,6.47311,1.0221e+06,2.99884e+06,14.9346,14501.5,540.868,200000
55.5,-0.042873,4.76804e+06,24.9087,-0.006874,50787.3,661464,620485,1.11351e+07,106315,6.44958,1.02179e+06,3.00198e+06,14.8865,14502.1,539.971,200000
55.6,-0.042873,4.76804e+06,24.8093,-0.006874,50731.1,661012,620486,1.11175e+07,106354,6.42614,1.02148e+06,3.00512e+06,14.8384,14502.8,539.073,200000
55.7,-0.042873,4.76804e+06,24.7103,-0.006874,50675.4,660560,620488,1.10999e+07,106392,6.40278,1.02117e+06,3.00824e+06,14.7905,14503.4,538.173,200000
55.8,-0.042873,4.76804e+06,24.6116,-0.006874,50620.1,660107,620490,1.10822e+07,106430,6.37951,1.02086e+06,3.01135e+06,14.7428,14504,537.272,200000
55.9,-0.042873,4.76804e+06,24.5134,-0.006874,50565.1,659655,620492,1.10645e+07,106468,6.35632,1.02055e+06,3.01445e+06,14.6951,14504.5,536.369,200000
56,-0.042873,4.76804e+06,24.4155,-0.00687401,50510.5,659202,620493,1.10468e+07,106507,6.33322,1.02024e+06,3.01755e+06,14.6476,14505,535.466,200000
56.1,-0.042873,4.76804e+06,24.318,-0.00687401,50456.3,658750,620495,1.10291e+07,106545,6.31021,1.01993e+06,3.02063e+06,14.6003,14505.5,534.561,200000
56.2,-0.042873,4.76804e+06,24.221,-0.00687401,50402.5,658297,620497,1.10113e+07,106583,6.28728,1.01962e+06,3.0237e+06,14.553,14505.9,533.655,200000
56.3,-0.042873,4.76804e+06,24.1243,-0.00687401,50349.1,657845,620498,1.09935e+07,106622,6.26443,1.01931e+06,3.02676e+06,14.5059,14506.3,532.748,200000
56.4,-0.042873,4.76804e+06,24.028,-0.00687401,50296,657392,620499,1.09757e+07,106660,6.24167,1.019e+06,3.02982e+06,14.459,14506.7,531.84,200000
56.5,-0.042873,4.76804e+06,23.9321,-0.00687401,50243.3,656939,620501,1.09578e+07,106699,6.21899,1.01869e+06,3.03286e+06,14.4121,14507,530.93,200000
56.6,-0.042873,4.76804e+06,23.8365,-0.00687401,50191,656487,620502,1.09399e+07,106737,6.19639,1.01838e+06,3.03589e+06,14.3654,14507.3,530.02,200000
56.7,-0.042873,4.76804e+06,23.7414,-0.00687401,50139.1,656034,620503,1.09219e+07,106775,6.17388,1.01807e+06,3.03891e+06,14.3188,14507.6,529.108,200000
56.8,-0.042873,4.76804e+06,23.6466,-0.00687401,50087.5,655582,620504,1.0904e+07,106814,6.15145,1.01776e+06,3.04193e+06,14.2724,14507.9,528.195,200000
56.9,-0.042873,4.76804e+06,23.5522,-0.00687402,50036.2,655129,620505,1.0886e+07,106853,6.1291,1.01744e+06,3.04493e+06,14.226,14508.1,527.281,200000
57,-0.042873,4.76804e+06,23.4582,-0.00687402,49985.4,654676,620506,1.08679e+07,106891,6.10683,1.01713e+06,3.04792e+06,14.1798,14508.2,526.366,200000
57.1,-0.042873,4.76804e+06,23.3645,-0.00687402,49934.9,654224,620506,1.08499e+07,106930,6.08465,1.01682e+06,3.0509e+06,14.1338,14508.4,525.45,200000
57.2,-0.042873,4.76804e+06,23.2713,-0.00687402,49884.7,653771,620507,1.08318e+07,106968,6.06255,1.01651e+06,3.05388e+06,14.0878,14508.5,524.533,200000
57.3,-0.042873,4.76804e+06,23.1784,-0.00687402,49834.9,653319,620507,1.08137e+07,107007,6.04053,1.01619e+06,3.05684e+06,14.042,14508.6,523.615,200000
57.4,-0.042873,4.76804e+06,23.0858,-0.00687402,49785.5,652866,620508,1.07955e+07,107046,6.01859,1.01588e+06,3.05979e+06,13.9964,14508.6,522.696,200000
57.5,-0.042873,4.76804e+06,22.9937,-0.00687402,49736.4,652413,620509,1.07774e+07,107085,5.99673,1.01556e+06,3.06274e+06,13.9508,14508.6,521.777,200000
57.6,-0.042873,4.76804e+06,22.9019,-0.00687402,49687.7,651961,620511,1.07592e+07,107123,5.97495,1.01525e+06,3.06567e+06,13.9054,14508.6,520.856,200000
57.7,-0.042873,4.76804e+06,22.8105,-0.00687402,49639.3,651508,620512,1.0741e+07,107162,5.95325,1.01493e+06,3.0686e+06,13.8601,14508.5,519.935,200000
57.8,-0.042873,4.76804e+06,22.7195,-0.00687403,49591.3,651056,620513,1.07227e+07,107201,5.93164,1.01462e+06,3.07151e+06,13.8149,14508.4,519.012,200000
57.9,-0.042873,4.76804e+06,22.6288,-0.00687403,49543.6,650603,620514,1.07045e+07,107240,5.9101,1.0143e+06,3.07441e+06,13.7699,14508.3,518.089,200000
58,-0.042873,4.76804e+06,22.5385,-0.00687403,49496.3,650151,620515,1.06862e+07,107279,5.88864,1.01399e+06,3.07731e+06,13.725,14508.2,517.165,200000
58.1,-0.042873,4.76804e+06,22.4485,-0.00687403,49449.3,649698,620517,1.06678e+07,107317,5.86726,1.01367e+06,3.08019e+06,13.6802,14508,516.24,200000
58.2,-0.042873,4.76804e+06,22.3589,-0.00687403,49402.6,649246,620518,1.06495e+07,107356,5.84595,1.01336e+06,3.08307e+06,13.6355,14507.8,515.315,200000
58.3,-0.042873,4.76804e+06,22.2697,-0.00687403,49356.3,648794,620519,1.06311e+07,107395,5.82473,1.01304e+06,3.08594e+06,13.591,14507.6,514.388,200000
58.4,-0.042873,4.76804e+06,22.1808,-0.00687403,49310.3,648341,620520,1.06128e+07,107434,5.80358,1.01272e+06,3.08879e+06,13.5466,14507.3,513.461,200000
58.5,-0.042873,4.76804e+06,22.0922,-0.00687403,49264.6,647889,620520,1.05943e+07,107473,5.78251,1.0124e+06,3.09164e+06,13.5023,14507,512.533,200000
58.6,-0.042873,4.76804e+06,22.0041,-0.00687403,49219.2,647437,620521,1.05759e+07,107512,5.76152,1.01209e+06,3.09447e+06,13.4582,14506.7,511.604,200000
58.7,-0.042873,4.76804e+06,21.9162,-0.00687403,49174.2,646984,620522,1.05575e+07,107551,5.74061,1.01177e+06,3.0973e+06,13.4142,14506.3,510.675,200000
58.8,-0.042873,4.76804e+06,21.8288,-0.00687404,49129.5,646532,620522,1.0539e+07,107590,5.71977,1.01145e+06,3.10012e+06,13.3703,14505.9,509.745,200000
58.9,-0.042873,4.76804e+06,21.7416,-0.00687404,49085.1,646080,620523,1.05205e+07,107629,5.69901,1.01113e+06,3.10293e+06,13.3265,14505.5,508.814,200000
59,-0.042873,4.76804e+06,21.6548,-0.00687404,49041,645628,620523,1.0502e+07,107669,5.67832,1.01081e+06,3.10573e+06,13.2828,14505.1,507.883,200000
59.1,-0.042873,4.76804e+06,21.5684,-0.00687404,48997.2,645176,620523,1.04834e+07,107708,5.65771,1.01049e+06,3.10851e+06,13.2393,14504.6,506.951,200000
59.2,-0.042873,4.76804e+06,21.4823,-0.00687404,48953.8,644724,620523,1.04649e+07,107747,5.63717,1.01018e+06,3.11129e+06,13.1959,14504.1,506.018,200000
59.3,-0.042873,4.76804e+06,21.3966,-0.00687404,48910.6,644272,620523,1.04463e+07,107786,5.61671,1.00986e+06,3.11406e+06,13.1527,14503.6,505.085,200000
59.4,-0.042873,4.76804e+06,21.3112,-0.00687404,48867.8,643820,620523,1.04277e+07,107825,5.59632,1.00954e+06,3.11682e+06,13.1095,14503,504.152,200000
59.5,-0.042873,4.76804e+06,21.2261,-0.00687404,48825.3,643368,620523,1.04091e+07,107864,5.57601,1.00922e+06,3.11957e+06,13.0665,14502.4,503.217,200000
59.6,-0.042873,4.76804e+06,21.1414,-0.00687404,48783,642916,620522,1.03905e+07,107904,5.55577,1.0089e+06,3.12232e+06,13.0236,14501.8,502.282,200000
59.7,-0.042873,4.76804e+06,21.057,-0.00687405,48741.1,642464,620522,1.03718e+07,107943,5.53561,1.00858e+06,3.12505e+06,12.9808,14501.2,501.347,200000
59.8,-0.042873,4.76804e+06,20.9729,-0.00687405,48699.5,642013,620522,1.03531e+07,107982,5.51552,1.00825e+06,3.12777e+06,12.9382,14500.5,500.411,200000
59.9,-0.042873,4.76804e+06,20.8892,-0.00687405,48658.3,641561,620522,1.03345e+07,108022,5.49551,1.00793e+06,3.13048e+06,12.8957,14499.8,499.475,200000
60,-0.042873,4.76804e+06,20.8059,-0.00687405,48617.3,641109,620523,1.03158e+07,108061,5.47557,1.00761e+06,3.13319e+06,12.8533,14499.1,498.538,200000
60.1,-0.042873,4.76804e+06,20.7228,-0.00687405,48576.6,640658,620524,1.0297e+07,108100,5.4557,1.00729e+06,3.13588e+06,12.811,14498.4,497.6,200000
60.2,-0.042873,4.76804e+06,20.6401,-0.00687405,48536.3,640206,620524,1.02783e+07,108140,5.43591,1.00697e+06,3.13857e+06,12.7688,14497.6,496.663,200000
60.3,-0.042873,4.76804e+06,20.5578,-0.00687405,48496.2,639755,620525,1.02596e+07,108179,5.41619,1.00665e+06,3.14124e+06,12.7268,14496.8,495.724,200000
60.4,-0.042873,4.76804e+06,20.4757,-0.00687405,48456.4,639304,620526,1.02408e+07,108219,5.39654,1.00632e+06,3.14391e+06,12.6849,14495.9,494.786,200000
60.5,-0.042873,4.76804e+06,20.394,-0.00687405,48416.9,638852,620526,1.0222e+07,108258,5.37696,1.006e+06,3.14656e+06,12.6431,14495.1,493.847,200000
60.6,-0.042873,4.76804e+06,20.3126,-0.00687405,48377.7,638401,620527,1.02032e+07,108298,5.35745,1.00568e+06,3.14921e+06,12.6014,14494.2,492.907,200000
60.7,-0.042873,4.76804e+06,20.2315,-0.00687406,48338.8,637950,620528,1.01844e+07,108337,5.33802,1.00536e+06,3.15185e+06,12.5599,14493.3,491.967,200000
60.8,-0.042873,4.76804e+06,20.1508,-0.00687406,48300.1,637499,620529,1.01656e+07,108377,5.31865,1.00503e+06,3.15448e+06,12.5185,14492.4,491.027,200000
60.9,-0.042873,4.76804e+06,20.0704,-0.00687406,48261.8,637048,620529,1.01468e+07,108416,5.29936,1.00471e+06,3.1571e+06,12.4772,14491.4,490.087,200000
61,-0.042873,4.76804e+06,19.9903,-0.00687406,48223.7,636597,620530,1.0128e+07,108456,5.28013,1.00438e+06,3.15971e+06,12.436,14490.4,489.146,200000
61.1,-0.042873,4.76804e+06,19.9105,-0.00687406,48185.9,636146,620531,1.01091e+07,108495,5.26098,1.00406e+06,3.16231e+06,12.3949,14489.4,488.205,200000
61.2,-0.042873,4.76804e+06,19.831,-0.00687406,48148.4,635696,620531,1.00902e+07,108535,5.2419,1.00374e+06,3.1649e+06,12.354,14488.4,487.264,200000
61.3,-0.042873,4.76804e+06,19.7519,-0.00687406,48111.1,635245,620532,1.00714e+07,108575,5.22288,1.00341e+06,3.16749e+06,12.3132,14487.3,486.323,200000
61.4,-0.042873,4.76804e+06,19.6731,-0.00687406,48074.2,634795,620533,1.00525e+07,108614,5.20394,1.00309e+06,3.17006e+06,12.2725,14486.2,485.381,200000
61.5,-0.042873,4.76804e+06,19.5945,-0.00687406,48037.5,634344,620534,1.00336e+07,108654,5.18506,1.00276e+06,3.17262e+06,12.2319,14485.1,484.439,200000
61.6,-0.042873,4.76804e+06,19.5163,-0.00687406,48001,633894,620534,1.00147e+07,108694,5.16625,1.00244e+06,3.17518e+06,12.1914,14484,483.497,200000
61.7,-0.042873,4.76804e+06,19.4384,-0.00687407,47964.9,633443,620535,9.99575e+06,108733,5.14751,1.00211e+06,3.17773e+06,12.1511,14482.8,482.555,200000
61.8,-0.042873,4.76804e+06,19.3608,-0.00687407,47929,632993,620536,9.97683e+06,108773,5.12884,1.00178e+06,3.18026e+06,12.1109,14481.6,481.612,200000
61.9,-0.042873,4.76804e+06,19.2836,-0.00687407,47893.3,632543,620537,9.9579e+06,108813,5.11023,1.00146e+06,3.18279e+06,12.0708,14480.4,480.67,200000
62,-0.042873,4.76804e+06,19.2066,-0.00687407,47857.9,632093,620537,9.93895e+06,108853,5.0917,1.00113e+06,3.18531e+06,12.0308,14479.2,479.727,200000
62.1,-0.042873,4.76804e+06,19.1299,-0.00687407,47822.8,631643,620538,9.92001e+06,108893,5.07323,1.00081e+06,3.18782e+06,11.991,14477.9,478.784,200000
62.2,-0.042873,4.76804e+06,19.0536,-0.00687407,47788,631194,620539,9.90104e+06,108932,5.05483,1.00048e+06,3.19032e+06,11.9512,14476.7,477.841,200000
62.3,-0.042873,4.76804e+06,18.9775,-0.00687407,47753.4,630744,620540,9.88207e+06,108972,5.03649,1.00015e+06,3.19281e+06,11.9116,14475.4,476.898,200000
62.4,-0.042873,4.76804e+06,18.9018,-0.00687407,47719.2,630294,620541,9.8631e+06,109012,5.01823,999824,3.1953e+06,11.8721,14474,475.955,200000
62.5,-0.042873,4.76804e+06,18.8264,-0.00687407,47685.1,629845,620542,9.84411e+06,109052,5.00003,999496,3.19777e+06,11.8327,14472.7,475.011,200000
62.6,-0.042873,4.76804e+06,18.7512,-0.00687407,47651.4,629395,620543,9.82512e+06,109092,4.9819,999169,3.20024e+06,11.7934,14471.3,474.068,200000
62.7,-0.042873,4.76804e+06,18.6764,-0.00687408,47617.9,628946,620545,9.80612e+06,109132,4.96384,998841,3.20269e+06,11.7543,14469.9,473.124,200000
62.8,-0.042873,4.76804e+06,18.6019,-0.00687408,47584.6,628497,620546,9.78712e+06,109172,4.94584,998512,3.20514e+06,11.7152,14468.5,472.181,200000
62.9,-0.042873,4.76804e+06,18.5277,-0.00687408,47551.6,628048,620547,9.76811e+06,109212,4.9279,998184,3.20758e+06,11.6763,14467,471.238,200000
63,-0.042873,4.76804e+06,18.4537,-0.00687408,47518.9,627599,620548,9.74909e+06,109252,4.91003,997855,3.21001e+06,11.6375,14465.6,470.294,200000
63.1,-0.042873,4.76804e+06,18.3801,-0.00687408,47486.4,627150,620549,9.73007e+06,109292,4.89223,997526,3.21243e+06,11.5988,14464.1,469.351,200000
63.2,-0.042873,4.76804e+06,18.3067,-0.00687408,47454.1,626701,620551,9.71105e+06,109332,4.87449,997197,3.21484e+06,11.5602,14462.6,468.407,200000
63.3,-0.042873,4.76804e+06,18.2337,-0.00687408,47422.1,626252,620552,9.69202e+06,109372,4.85682,996868,3.21725e+06,11.5218,14461,467.464,200000
63.4,-0.042873,4.76804e+06,18.1609,-0.00687408,47390.3,625804,620553,9.67299e+06,109412,4.8392,996538,3.21964e+06,11.4834,14459.5,466.521,200000
63.5,-0.042873,4.76804e+06,18.0884,-0.00687408,47358.8,625356,620555,9.65396e+06,109452,4.82166,996209,3.22203e+06,11.4452,14457.9,465.578,200000
63.6,-0.042873,4.76804e+06,18.0162,-0.00687408,47327.5,624907,620556,9.63492e+06,109492,4.80417,995879,3.2244e+06,11.4071,14456.3,464.635,200000
63.7,-0.042873,4.76804e+06,17.9443,-0.00687409,47296.5,624459,620558,9.61588e+06,109532,4.78675,995548,3.22677e+06,11.3691,14454.7,463.692,200000
63.8,-0.042873,4.76804e+06,17.8727,-0.00687409,47265.7,624011,620559,9.59684e+06,109573,4.7694,995218,3.22913e+06,11.3312,14453,462.749,200000
63.9,-0.042873,4.76804e+06,17.8014,-0.00687409,47235.1,623563,620561,9.5778e+06,109613,4.7521,994887,3.23148e+06,11.2934,14451.4,461.807,200000
64,-0.042873,4.76804e+06,17.7303,-0.00687409,47204.7,623115,620563,9.55876e+06,109653,4.73487,994556,3.23382e+06,11.2558,14449.7,460.864,200000
64.1,-0.042873,4.76804e+06,17.6596,-0.00687409,47174.6,622668,620564,9.53971e+06,109693,4.7177,994225,3.23616e+06,11.2182,14448,459.922,200000
64.2,-0.042873,4.76804e+06,17.5891,-0.00687409,47144.8,622220,620566,9.52067e+06,109733,4.70059,993894,3.23848e+06,11.1808,14446.3,458.98,200000
64.3,-0.042873,4.76804e+06,17.5189,-0.00687409,47115.1,621773,620568,9.50162e+06,109774,4.68355,993563,3.2408e+06,11.1435,14444.5,458.038,200000
64.4,-0.042873,4.76804e+06,17.4489,-0.00687409,47085.7,621325,620570,9.48258e+06,109814,4.66656,993231,3.2431e+06,11.1063,14442.7,457.097,200000
64.5,-0.042873,4.76804e+06,17.3793,-0.00687409,47056.5,620878,620572,9.46353e+06,109854,4.64964,992899,3.2454e+06,11.0692,14441,456.156,200000
64.6,-0.042873,4.76804e+06,17.3099,-0.00687409,47027.5,620431,620573,9.44448e+06,109894,4.63278,992567,3.24769e+06,11.0322,14439.1,455.215,200000
64.7,-0.042873,4.76804e+06,17.2408,-0.0068741,46998.9,619984,620575,9.42543e+06,109935,4.61599,992235,3.24998e+06,10.9953,14437.3,454.273,200000
64.8,-0.042873,4.76804e+06,17.172,-0.0068741,46970.4,619537,620576,9.40638e+06,109975,4.59925,991902,3.25225e+06,10.9586,14435.5,453.333,200000
64.9,-0.042873,4.76804e+06,17.1035,-0.0068741,46942.2,619091,620578,9.38733e+06,110015,4.58258,991569,3.25451e+06,10.9219,14433.6,452.392,200000
65,-0.042873,4.76804e+06,17.0353,-0.0068741,46914.1,618644,620579,9.36828e+06,110056,4.56596,991237,3.25677e+06,10.8854,14431.7,451.452,200000
65.1,-0.042873,4.76804e+06,16.9673,-0.0068741,46886.4,618198,620581,9.34924e+06,110096,4.54941,990903,3.25902e+06,10.849,14429.8,450.512,200000
65.2,-0.042873,4.76804e+06,16.8996,-0.0068741,46858.8,617751,620582,9.33019e+06,110137,4.53292,990570,3.26126e+06,10.8127,14427.9,449.573,200000
65.3,-0.042873,4.76804e+06,16.8321,-0.0068741,46831.4,617305,620583,9.31115e+06,110177,4.51648,990236,3.26349e+06,10.7765,14425.9,448.634,200000
65.4,-0.042873,4.76804e+06,16.765,-0.0068741,46804.3,616859,620585,9.29211e+06,110217,4.50011,989903,3.26571e+06,10.7404,14423.9,447.695,200000
65.5,-0.042873,4.76804e+06,16.6981,-0.0068741,46777.4,616413,620586,9.27308e+06,110258,4.4838,989569,3.26792e+06,10.7044,14421.9,446.756,200000
65.6,-0.042873,4.76804e+06,16.6314,-0.0068741,46750.7,615968,620587,9.25405e+06,110298,4.46754,989235,3.27013e+06,10.6685,14419.9,445.818,200000
65.7,-0.042873,4.76804e+06,16.565,-0.0068741,46724.2,615522,620589,9.23502e+06,110339,4.45135,988900,3.27232e+06,10.6328,14417.9,444.881,200000
65.8,-0.042873,4.76804e+06,16.4989,-0.00687411,46698,615077,620590,9.21599e+06,110379,4.43521,988566,3.27451e+06,10.5971,14415.9,443.943,200000
65.9,-0.042873,4.76804e+06,16.4331,-0.00687411,46671.9,614631,620591,9.19697e+06,110420,4.41913,988231,3.27669e+06,10.5616,14413.8,443.006,200000
66,-0.042873,4.76804e+06,16.3675,-0.00687411,46646.1,614186,620592,9.17796e+06,110460,4.40311,987896,3.27886e+06,10.5262,14411.7,442.07,200000
66.1,-0.042873,4.76804e+06,16.3022,-0.00687411,46620.4,613741,620594,9.15895e+06,110501,4.38714,987561,3.28103e+06,10.4908,14409.6,441.134,200000
66.2,-0.042873,4.76804e+06,16.2371,-0.00687411,46595,613296,620595,9.13994e+06,110542,4.37124,987226,3.28318e+06,10.4556,14407.5,440.199,200000
66.3,-0.042873,4.76804e+06,16.1723,-0.00687411,46569.8,612852,620596,9.12095e+06,110582,4.35539,986890,3.28533e+06,10.4205,14405.3,439.264,200000
66.4,-0.042873,4.76804e+06,16.1078,-0.00687411,46544.8,612407,620597,9.10195e+06,110623,4.3396,986555,3.28747e+06,10.3855,14403.2,438.329,200000
66.5,-0.042873,4.76804e+06,16.0435,-0.00687411,46520,611963,620598,9.08297e+06,110663,4.32386,986219,3.2896e+06,10.3506,14401,437.395,200000
66.6,-0.042873,4.76804e+06,15.9794,-0.00687411,46495.4,611519,620599,9.06399e+06,110704,4.30819,985883,3.29172e+06,10.3158,14398.8,436.462,200000
66.7,-0.042873,4.76804e+06,15.9157,-0.00687411,46471,611074,620600,9.04502e+06,110745,4.29256,985547,3.29383e+06,10.2812,14396.6,435.529,200000
66.8,-0.042873,4.76804e+06,15.8521,-0.00687411,46446.8,610630,620601,9.02605e+06,110785,4.277,985210,3.29594e+06,10.2466,14394.4,434.597,200000
66.9,-0.042873,4.76804e+06,15.7889,-0.00687412,46422.8,610187,620602,9.0071e+06,110826,4.26149,984874,3.29804e+06,10.2121,14392.1,433.665,200000
67,-0.042873,4.76804e+06,15.7258,-0.00687412,46399,609743,620603,8.98814e+06,110867,4.24604,984537,3.30013e+06,10.1778,14389.8,432.734,200000
67.1,-0.042873,4.76804e+06,15.6631,-0.00687412,46375.4,609300,620604,8.96919e+06,110908,4.23065,984200,3.30221e+06,10.1435,14387.5,431.803,200000
67.2,-0.042873,4.76804e+06,15.6006,-0.00687412,46352,608856,620605,8.95025e+06,110948,4.21531,983863,3.30428e+06,10.1094,14385.2,430.873,200000
67.3,-0.042873,4.76804e+06,15.5383,-0.00687412,46328.9,608413,620605,8.93132e+06,110989,4.20003,983525,3.30635e+06,10.0753,14382.9,429.943,200000
67.4,-0.042873,4.76804e+06,15.4763,-0.00687412,46305.9,607970,620606,8.91239e+06,111030,4.1848,983188,3.3084e+06,10.0414,14380.6,429.014,200000
67.5,-0.042873,4.76804e+06,15.4146,-0.00687412,46283.1,607527,620607,8.89347e+06,111071,4.16963,982850,3.31045e+06,10.0076,14378.2,428.085,200000
67.6,-0.042873,4.76804e+06,15.353,-0.00687412,46260.5,607084,620607,8.87456e+06,111111,4.15452,982512,3.31249e+06,9.97383,14375.8,427.157,200000
67.7,-0.042873,4.76804e+06,15.2918,-0.00687412,46238.1,606642,620608,8.85567e+06,111152,4.13946,982174,3.31453e+06,9.94021,14373.5,426.23,200000
67.8,-0.042873,4.76804e+06,15.2307,-0.00687412,46216,606199,620609,8.83678e+06,111193,4.12445,981836,3.31655e+06,9.9067,14371,425.303,200000
67.9,-0.042873,4.76804e+06,15.17,-0.00687412,46193.9,605757,620609,8.8179e+06,111234,4.1095,981498,3.31857e+06,9.87328,14368.6,424.377,200000
68,-0.042873,4.76804e+06,15.1094,-0.00687413,46172.1,605315,620610,8.79903e+06,111275,4.0946,981159,3.32058e+06,9.83997,14366.2,423.452,200000
68.1,-0.042873,4.76804e+06,15.0491,-0.00687413,46150.5,604873,620610,8.78017e+06,111316,4.07976,980820,3.32258e+06,9.80677,14363.7,422.527,200000
68.2,-0.042873,4.76804e+06,14.9891,-0.00687413,46129.1,604432,620610,8.76132e+06,111357,4.06497,980482,3.32457e+06,9.77366,14361.2,421.603,200000
68.3,-0.042873,4.76804e+06,14.9292,-0.00687413,46107.8,603990,620611,8.74248e+06,111397,4.05023,980142,3.32655e+06,9.74066,14358.8,420.68,200000
68.4,-0.042873,4.76804e+06,14.8697,-0.00687413,46086.8,603549,620611,8.72365e+06,111438,4.03555,979803,3.32853e+06,9.70777,14356.2,419.757,200000
68.5,-0.042873,4.76804e+06,14.8103,-0.00687413,46065.9,603107,620611,8.70484e+06,111479,4.02092,979464,3.3305e+06,9.67497,14353.7,418.835,200000
68.6,-0.042873,4.76804e+06,14.7512,-0.00687413,46045.2,602666,620611,8.68603e+06,111520,4.00634,979124,3.33246e+06,9.64228,14351.2,417.914,200000
68.7,-0.042873,4.76804e+06,14.6923,-0.00687413,46024.7,602225,620611,8.66724e+06,111561,3.99182,978784,3.33441e+06,9.60969,14348.6,416.994,200000
68.8,-0.042873,4.76804e+06,14.6337,-0.00687413,46004.3,601785,620611,8.64846e+06,111602,3.97735,978445,3.33636e+06,9.5772,14346.1,416.074,200000
68.9,-0.042873,4.76804e+06,14.5753,-0.00687413,45984.2,601344,620611,8.6297e+06,111643,3.96293,978104,3.3383e+06,9.54481,14343.5,415.156,200000
69,-0.042873,4.76804e+06,14.5171,-0.00687413,45964.2,600904,620611,8.61094e+06,111684,3.94856,977764,3.34023e+06,9.51253,14340.9,414.238,200000
69.1,-0.042873,4.76804e+06,14.4592,-0.00687414,45944.4,600464,620610,8.5922e+06,111725,3.93424,977424,3.34215e+06,9.48034,14338.2,413.321,200000
69.2,-0.042873,4.76804e+06,14.4014,-0.00687414,45924.8,600024,620610,8.57348e+06,111766,3.91998,977083,3.34406e+06,9.44826,14335.6,412.404,200000
69.3,-0.042873,4.76804e+06,14.344,-0.00687414,45905.3,599584,620610,8.55476e+06,111807,3.90576,976743,3.34597e+06,9.41627,14333,411.489,200000
69.4,-0.042873,4.76804e+06,14.2867,-0.00687414,45886.1,599144,620610,8.53606e+06,111848,3.8916,976402,3.34787e+06,9.38439,14330.3,410.574,200000
69.5,-0.042873,4.76804e+06,14.2297,-0.00687414,45867,598705,620610,8.51736e+06,111889,3.87749,976061,3.34976e+06,9.35261,14327.6,409.659,200000
69.6,-0.042873,4.76804e+06,14.1729,-0.00687414,45848.1,598265,620610,8.49868e+06,111930,3.86344,975719,3.35164e+06,9.32092,14324.9,408.746,200000
69.7,-0.042873,4.76804e+06,14.1163,-0.00687414,45829.4,597826,620610,8.48001e+06,111972,3.84943,975378,3.35352e+06,9.28934,14322.2,407.833,200000
69.8,-0.042873,4.76804e+06,14.06,-0.00687414,45810.9,597387,620610,8.46136e+06,112013,3.83548,975036,3.35539e+06,9.25785,14319.5,406.921,200000
69.9,-0.042873,4.76804e+06,14.0039,-0.00687414,45792.5,596948,620610,8.44271e+06,112054,3.82157,974695,3.35725e+06,9.22646,14316.7,406.01,200000
70,-0.042873,4.76804e+06,13.948,-0.00687414,45774.3,596510,620610,8.42409e+06,112095,3.80772,974353,3.3591e+06,9.19518,14314,405.1,200000
