Time,V,Ap,ApM,I,ThN,ThE,TkN,TkE,B,Ps,Pl,Bm,IgM,IgG,C,NK
0,61,1e+06,0,0,1e+06,0,500000,0,250000,0,0,0,0,0,0,200000
0.1,75.4211,540045,0.00115403,5.95592e-05,1e+06,0.0390799,616469,0.00228994,280761,0.000102621,0.00194795,0.000393209,3.27773e-07,5.17875e-08,6.424,200000
0.2,93.2518,314909,0.00130717,-9.88601e-05,1e+06,0.109683,673478,0.00704943,302316,0.000279998,0.0125838,0.00256505,1.98493e-06,6.90227e-07,6.42418,200002
0.3,115.296,207997,0.00106774,-0.000837661,1e+06,0.172582,700550,0.011768,317440,0.000415547,0.0339353,0.00699178,5.03329e-06,2.92098e-06,6.42407,200004
0.4,142.551,157005,0.000782455,-5.08775e-06,1e+06,0.216865,713462,0.0154631,328085,0.000480624,0.0639623,0.0133344,8.93042e-06,7.72008e-06,6.42385,200004
0.5,176.249,132690,0.000584615,-0.000876446,1e+06,0.245365,719619,0.0181841,335614,0.000492538,0.0996715,0.0210444,1.31156e-05,1.57844e-05,6.42376,200006
0.6,217.914,121096,0.000481487,-4.82436e-05,1e+06,0.264288,722555,0.0203003,340982,0.000477776,0.138735,0.0296871,1.72421e-05,2.75338e-05,6.42367,200006
0.7,269.435,115591,0.000436951,-0.000228615,1e+06,0.278402,723949,0.022122,344862,0.000454829,0.179764,0.0390027,2.11675e-05,4.31996e-05,6.42367,200007
0.8,333.13,112935,0.000419194,-0.000320718,1e+06,0.290299,724622,0.0238217,347734,0.000432644,0.222007,0.0488519,2.48645e-05,6.29111e-05,6.4237,200008
0.9,411.881,111658,0.000411898,0.000177257,1e+06,0.301042,724945,0.0254695,349937,0.00041388,0.265076,0.0591638,2.83568e-05,8.67388e-05,6.42371,200009
1,509.251,111062,0.000408851,-0.00283951,1e+06,0.311031,725096,0.0270909,351716,0.000398756,0.308737,0.0698966,3.16787e-05,0.000114723,6.42389,200015
1.1,629.638,110782,0.000407713,-0.00845659,1e+06,0.320467,725167,0.0286977,353256,0.000386942,0.352826,0.081021,3.48613e-05,0.000146885,6.42419,200024
1.2,778.483,110649,0.000405202,-0.00504687,1e+06,0.329422,725200,0.030293,354700,0.000377833,0.39723,0.0925166,3.79316e-05,0.000183233,6.42412,200022
1.3,962.511,110587,0.000400888,-0.000644058,1e+06,0.337603,725216,0.0318534,356165,0.000369791,0.441844,0.104365,4.09083e-05,0.000223763,6.42402,200019
1.4,1190.04,110558,0.000406556,0.000179499,1e+06,0.345791,725224,0.0334326,357755,0.000365053,0.486594,0.116551,4.38066e-05,0.000268463,6.42412,200022
1.5,1471.35,110544,0.000406967,-0.000335441,999999,0.353642,725227,0.0350051,359572,0.000361791,0.531507,0.129083,4.66508e-05,0.000317319,6.4243,200027
1.6,1819.17,110537,0.00040695,0.000585255,999999,0.361153,725229,0.0365683,361721,0.000359681,0.576576,0.141959,4.94521e-05,0.000370318,6.42446,200032
1.7,2249.24,110534,0.000406962,0.000665206,999999,0.368337,725230,0.038121,364322,0.000358551,0.621822,0.155186,5.22199e-05,0.000427446,6.4247,200040
1.8,2781.16,110532,0.000406998,0.000826372,999999,0.375208,725230,0.0396614,367519,0.000358298,0.667295,0.168773,5.49624e-05,0.000488696,6.425,200049
1.9,3438.92,110532,0.000406979,0.00101522,999999,0.381779,725230,0.0411875,371488,0.000358874,0.713078,0.18274,5.76871e-05,0.000554065,6.42537,200061
2,4252.23,110531,0.000407827,0.00125765,999999,0.388246,725230,0.0427102,376451,0.000360884,0.759314,0.197119,6.04045e-05,0.000623561,6.42583,200075
2.1,5257.97,110531,0.000405484,0.00155345,999999,0.394333,725230,0.0442054,382702,0.000363332,0.806191,0.211949,6.31224e-05,0.000697211,6.4264,200093
2.2,6501.5,110531,0.000440801,0.00191154,999999,0.400589,725230,0.0457078,390623,0.000368256,0.853964,0.227288,6.585e-05,0.000775061,6.42712,200115
2.3,8039.11,110531,0.000432214,0.0023697,999999,0.406878,725230,0.0472029,400734,0.000375051,0.903069,0.243231,6.86095e-05,0.000857192,6.42798,200142
2.4,9940.52,110531,0.000396583,0.00294287,999999,0.412419,725230,0.0486266,413755,0.000381217,0.953978,0.259882,7.14089e-05,0.000943729,6.42903,200176
2.5,12291.5,110531,0.000395176,0.0036323,999999,0.417047,725230,0.049956,430689,0.000387025,1.0072,0.277358,7.42411e-05,0.00103485,6.43036,200217
2.6,15198.4,110531,0.000411292,0.00449423,999999,0.422332,725230,0.0512936,453000,0.000398537,1.06364,0.295859,7.71286e-05,0.00113079,6.43201,200269
2.7,18793.1,110531,0.000427866,0.00554412,999999,0.427712,725230,0.0525862,482884,0.000414157,1.12471,0.315694,8.01109e-05,0.0012319,6.43405,200332
2.8,23237.8,110531,0.000406109,0.00685468,999999,0.432009,725230,0.0537311,523716,0.000431301,1.19221,0.337262,8.32139e-05,0.0013387,6.43653,200410
2.9,28733.6,110531,0.000395534,0.00847516,999999,0.435433,725230,0.0547211,580974,0.000453255,1.26872,0.361132,8.64637e-05,0.00145191,6.43962,200507
3,35529.5,110531,0.000395905,0.0104767,999999,0.438799,725230,0.0555889,664043,0.000485802,1.35848,0.388229,8.9925e-05,0.00157258,6.44344,200627
3.1,43931.8,110531,0.000410386,0.0129373,999999,0.442145,725230,0.0563073,789569,0.000533924,1.46842,0.42005,9.37058e-05,0.0017023,6.44817,200775
3.2,54318.1,110531,0.000394008,0.0159913,999999,0.445809,725230,0.0568653,989384,0.000607157,1.6105,0.459171,9.79779e-05,0.00184352,6.45399,200957
3.3,67160,110531,0.000431807,0.0197312,999999,0.449291,725230,0.0571831,1.33213e+06,0.000721106,1.8073,0.510399,0.000103018,0.00200042,6.4612,201182
3.4,83037.1,110531,0.000409619,0.024346,999999,0.452487,725230,0.0572026,1.97534e+06,0.000915143,2.10467,0.583426,0.000109314,0.00218032,6.47005,201459
3.5,102667,110531,0.000427616,0.0300574,999999,0.456032,725230,0.0569107,3.33666e+06,0.00125861,2.60623,0.699986,0.000117839,0.00239749,6.48099,201801
3.6,126937,110531,0.000413078,0.037082,999999,0.458697,725230,0.0561539,6.71197e+06,0.00202858,3.58805,0.917522,0.000130921,0.00268355,6.49444,202222
3.7,156943,110530,0.000422495,0.0456886,999999,0.461787,725230,0.0549566,1.6942e+07,0.00389227,5.92043,1.41586,0.000154483,0.00312038,6.51099,202740
3.8,194042,110530,0.00040547,0.0562712,999999,0.46381,725230,0.0531413,5.72656e+07,0.0105329,13.084,2.90978,0.000210581,0.0039737,6.53132,203376
3.9,239911,110530,0.000395172,0.069242,999999,0.466347,725230,0.0507588,2.79398e+08,0.0388154,43.7974,9.2231,0.000389725,0.00638547,6.55628,204157
4,296621,110530,0.000404152,0.0850956,999999,0.468886,725230,0.0477241,2.15637e+09,0.226549,246.51,50.5485,0.00127361,0.0175346,6.58686,205114
4.1,366721,110530,0.000404029,0.104446,999999,0.471238,725230,0.0440047,2.93938e+10,2.41904,2555.02,518.801,0.00892031,0.111118,6.62425,206284
4.2,453146,110529,0.000403033,0.127942,999999,0.473446,725230,0.0396321,8.07139e+11,52.4019,54548.6,11029.4,0.142203,1.71163,6.66984,207710
4.3,550479,110529,0.00040227,0.154453,999999,0.475518,725230,0.0347254,5.15182e+13,2674.82,2.76722e+06,558077,5.59247,66.5059,6.72504,209436
4.4,186311,110529,0.000405701,0.0758326,999999,0.477506,725230,0.0308967,2.66468e+15,197661,2.0526e+08,4.13258e+07,443.069,5270.52,6.77862,211077
4.5,-0.000933201,110530,0.000463438,3.22031e-06,999999,0.481122,725230,0.0324382,2.29302e+15,770360,8.32068e+08,1.65319e+08,4767.11,58451.8,6.76866,210736
4.6,-0.00458246,110531,0.000461587,-9.25798e-11,999999,0.48621,725230,0.034347,1.60327e+15,1.06976e+06,1.26099e+09,2.4118e+08,12905.2,163822,6.7523,210227
4.7,-0.00543241,110531,0.000459745,-1.18272e-08,999999,0.490972,725230,0.036238,1.12102e+15,1.16027e+06,1.54079e+09,2.79312e+08,22596.6,303331,6.73671,209743
4.8,-0.0046297,110531,0.000457909,-2.31789e-09,999999,0.495424,725230,0.0381115,7.83749e+14,1.1316e+06,1.71595e+09,2.92659e+08,32432.8,464201,6.72186,209281
4.9,-0.00426067,110531,0.000456082,-2.53478e-08,999999,0.499578,725230,0.0399677,5.47929e+14,1.04008e+06,1.81786e+09,2.91108e+08,41647.2,637531,6.70772,208841
5,-0.00433469,110531,0.000454261,-9.70582e-08,999999,0.503449,725230,0.0418071,3.83084e+14,920542,1.86875e+09,2.81307e+08,49865.1,817118,6.69425,208422
5.1,-0.00432323,110531,0.000452447,-1.46836e-08,999999,0.50705,725230,0.0436297,2.67829e+14,793891,1.88437e+09,2.67395e+08,56947.4,998655,6.68141,208023
5.2,-0.00431889,110531,0.000450641,-2.25691e-07,999999,0.510391,725230,0.045436,1.8725e+14,671881,1.87581e+09,2.51845e+08,62896.6,1.1792e+06,6.66918,207643
5.3,-0.00432111,110531,0.000448842,-1.46293e-06,999999,0.513486,725230,0.0472261,1.30913e+14,560585,1.85087e+09,2.36073e+08,67790.4,1.35677e+06,6.65753,207280
5.4,-0.0043203,110531,0.00044705,-1.76197e-06,999999,0.516345,725230,0.0490003,9.15091e+13,462597,1.81506e+09,2.20851e+08,71741.6,1.53002e+06,6.64644,206935
5.5,-0.00432074,110531,0.000445266,7.00884e-08,999999,0.518978,725230,0.0507589,6.39672e+13,378377,1.77221e+09,2.06557e+08,74876,1.69813e+06,6.63587,206607
5.6,-0.00432173,110531,0.000443488,-8.67997e-06,999998,0.521397,725230,0.052502,4.4731e+13,307262,1.725e+09,1.93349e+08,77316.6,1.86056e+06,6.6258,206294
5.7,-0.0043216,110531,0.000441718,-4.91972e-05,999998,0.523611,725230,0.0542299,3.12831e+13,248056,1.67533e+09,1.81269e+08,79176.3,2.01701e+06,6.61621,205995
5.8,-0.00432136,110531,0.000439955,-0.000114166,999998,0.525629,725230,0.0559428,2.18733e+13,199295,1.62449e+09,1.70281e+08,80556,2.16736e+06,6.60708,205711
5.9,-0.00432148,110531,0.000438198,-0.000116722,999998,0.52746,725230,0.0576408,1.52948e+13,159464,1.57339e+09,1.60312e+08,81543.1,2.31158e+06,6.59837,205441
6,-0.00432156,110531,0.000436449,7.5171e-07,999998,0.529112,725230,0.0593243,1.06968e+13,127150,1.52262e+09,1.51273e+08,82211.7,2.4497e+06,6.59008,205183
6.1,-0.0043215,110531,0.000434707,-0.000315553,999998,0.530595,725230,0.0609934,7.48016e+12,101088,1.4726e+09,1.43077e+08,82623.3,2.58184e+06,6.58219,204937
6.2,-0.00432148,110531,0.000432971,-0.00206254,999998,0.531915,725230,0.0626482,5.2302e+12,80165.6,1.4236e+09,1.35634e+08,82829.2,2.70813e+06,6.57473,204706
6.3,-0.00432151,110531,0.000431243,-0.00509554,999998,0.53308,725230,0.064289,3.65746e+12,63433.6,1.3758e+09,1.28864e+08,82871.1,2.8287e+06,6.56768,204486
6.4,-0.00432152,110531,0.000429521,-0.00567674,999998,0.534097,725230,0.0659158,2.55786e+12,50099.1,1.3293e+09,1.22691e+08,82782.9,2.94374e+06,6.56087,204274
6.5,-0.00432151,110531,0.000427807,-0.000206676,999998,0.534973,725230,0.067529,1.78853e+12,39503,1.28415e+09,1.1705e+08,82592.1,3.05341e+06,6.55414,204065
6.6,-0.00432152,110531,0.000426099,-0.00596206,999998,0.535715,725230,0.0691285,1.25052e+12,31103.3,1.24039e+09,1.11881e+08,82320.5,3.15788e+06,6.54817,203879
6.7,-0.00432152,110531,0.000424398,-0.00480385,999998,0.536328,725230,0.0707147,8.74366e+11,24458.8,1.19801e+09,1.07132e+08,81986,3.25733e+06,6.54221,203694
6.8,-0.00432152,110531,0.000422704,-0.00486177,999998,0.536819,725230,0.0722876,6.11408e+11,19212.9,1.15701e+09,1.02758e+08,81602.5,3.35194e+06,6.53658,203519
6.9,-0.00432153,110531,0.000421016,-0.00484282,999998,0.537194,725230,0.0738473,4.27619e+11,15078,1.11736e+09,9.8718e+07,81181.1,3.44186e+06,6.53121,203352
7,-0.00432153,110531,0.000419336,-0.00484338,999998,0.537458,725230,0.0753941,2.99069e+11,11822.9,1.07903e+09,9.49776e+07,80730.8,3.52728e+06,6.5261,203193
7.1,-0.00432154,110531,0.000417662,-0.00484354,999998,0.537615,725230,0.076928,2.09162e+11,9263.61,1.042e+09,9.15058e+07,80258.6,3.60834e+06,6.52124,203042
7.2,-0.00432154,110531,0.000415994,-0.00484352,999998,0.537672,725230,0.0784491,1.46286e+11,7253.51,1.00621e+09,8.82755e+07,79770,3.68521e+06,6.5166,202898
7.3,-0.00432154,110531,0.000414334,-0.00484352,999998,0.537633,725230,0.0799577,1.02309e+11,5676.23,9.71645e+08,8.52631e+07,79269.3,3.75804e+06,6.51218,202761
7.4,-0.00432155,110531,0.00041268,-0.00484352,999998,0.537502,725230,0.0814538,7.15535e+10,4439.63,9.38257e+08,8.24478e+07,78760,3.82698e+06,6.50798,202630
7.5,-0.00432155,110531,0.000411032,-0.00484352,999998,0.537284,725230,0.0829375,5.00434e+10,3470.83,9.0601e+08,7.98111e+07,78244.7,3.89216e+06,6.50397,202505
7.6,-0.00432155,110531,0.000409391,-0.00484352,999998,0.536982,725230,0.084409,3.49991e+10,2712.32,8.74866e+08,7.73369e+07,77725.5,3.95373e+06,6.50015,202386
7.7,-0.00432156,110531,0.000407757,-0.00484352,999998,0.536602,725230,0.0858684,2.44782e+10,2118.81,8.44791e+08,7.50107e+07,77204.2,4.01183e+06,6.49651,202273
7.8,-0.00432156,110531,0.000406129,-0.00484352,999998,0.536147,725230,0.0873158,1.71196e+10,1654.64,8.15747e+08,7.28198e+07,76681.9,4.06657e+06,6.49305,202165
7.9,-0.00432157,110531,0.000404508,-0.00484352,999998,0.53562,725230,0.0887512,1.19732e+10,1291.78,7.877e+08,7.07527e+07,76159.7,4.11808e+06,6.48974,202063
8,-0.00432157,110531,0.000402893,-0.00484352,999998,0.535024,725230,0.0901749,8.37404e+09,1008.24,7.60617e+08,6.87995e+07,75638.4,4.1665e+06,6.4866,201965
8.1,-0.00432157,110531,0.000401285,-0.00484352,999998,0.534364,725230,0.0915868,5.85671e+09,786.75,7.34464e+08,6.69508e+07,75118.5,4.21192e+06,6.4836,201872
8.2,-0.00432158,110531,0.000399683,-0.00484352,999998,0.533643,725230,0.0929872,4.0962e+09,613.796,7.0921e+08,6.51987e+07,74600.5,4.25446e+06,6.48075,201783
8.3,-0.00432158,110531,0.000398087,-0.00484352,999998,0.532862,725230,0.094376,2.86492e+09,478.777,6.84825e+08,6.35357e+07,74084.9,4.29423e+06,6.47803,201699
8.4,-0.00432159,110531,0.000396498,-0.00484352,999998,0.532027,725230,0.0957535,2.00376e+09,373.397,6.61277e+08,6.19552e+07,73571.8,4.33134e+06,6.47544,201618
8.5,-0.00432159,110531,0.000394915,-0.00484352,999998,0.531138,725230,0.0971196,1.40151e+09,291.171,6.38539e+08,6.04513e+07,73061.4,4.36588e+06,6.47297,201541
8.6,-0.0043216,110531,0.000393339,-0.00484352,999998,0.530199,725230,0.0984745,9.80296e+08,227.022,6.16583e+08,5.90185e+07,72554,4.39795e+06,6.47062,201468
8.7,-0.0043216,110531,0.000391769,-0.00484352,999998,0.529212,725230,0.0998183,6.85701e+08,176.985,5.95381e+08,5.76519e+07,72049.7,4.42766e+06,6.46839,201399
8.8,-0.00432161,110531,0.000390205,-0.00484352,999998,0.52818,725230,0.101151,4.79679e+08,137.963,5.74909e+08,5.6347e+07,71548.4,4.45507e+06,6.46625,201333
8.9,-0.00432161,110531,0.000388647,-0.00484352,999998,0.527105,725230,0.102473,3.35582e+08,107.535,5.55141e+08,5.50998e+07,71050.4,4.48029e+06,6.46422,201269
9,-0.00432161,110531,0.000387096,-0.00484352,999998,0.52599,725230,0.103784,2.34806e+08,83.811,5.36052e+08,5.39065e+07,70555.6,4.5034e+06,6.46229,201209
9.1,-0.00432162,110531,0.00038555,-0.00484352,999998,0.524836,725230,0.105084,1.64326e+08,65.3162,5.1762e+08,5.27636e+07,70064.1,4.52448e+06,6.46044,201152
9.2,-0.00432162,110531,0.000384011,-0.00484352,999998,0.523645,725230,0.106373,1.15031e+08,50.8992,4.99822e+08,5.16681e+07,69575.8,4.54361e+06,6.45868,201097
9.3,-0.00432163,110531,0.000382478,-0.00484352,999998,0.52242,725230,0.107652,8.05572e+07,39.6623,4.82636e+08,5.06171e+07,69090.9,4.56086e+06,6.45701,201045
9.4,-0.00432163,110531,0.000380951,-0.00484352,999998,0.521162,725230,0.10892,5.64459e+07,30.9045,4.6604e+08,4.96078e+07,68609.3,4.57631e+06,6.45542,200996
9.5,-0.00432164,110531,0.000379431,-0.00484352,999998,0.519872,725230,0.110178,3.95825e+07,24.0793,4.50016e+08,4.8638e+07,68130.9,4.59003e+06,6.4539,200949
9.6,-0.00432164,110531,0.000377916,-0.00484352,999998,0.518554,725230,0.111425,2.77895e+07,18.7609,4.34542e+08,4.77052e+07,67655.8,4.60208e+06,6.45245,200904
9.7,-0.00432165,110531,0.000376407,-0.00484352,999998,0.517208,725230,0.112662,1.95411e+07,14.6165,4.19601e+08,4.68075e+07,67184.1,4.61253e+06,6.45107,200861
9.8,-0.00432165,110531,0.000374905,-0.00484352,999998,0.515836,725230,0.113889,1.37724e+07,11.3873,4.05173e+08,4.59428e+07,66715.5,4.62144e+06,6.44976,200820
9.9,-0.00432166,110531,0.000373408,-0.00484352,999997,0.514439,725230,0.115106,9.738e+06,8.87125,3.91242e+08,4.51094e+07,66250.2,4.62888e+06,6.44851,200781
10,-0.00432166,110531,0.000371917,-0.00484352,999997,0.513019,725230,0.116312,6.91627e+06,6.91095,3.7779e+08,4.43057e+07,65788.2,4.6349e+06,6.44732,200744
10.1,-0.00432166,110531,0.000370433,-0.00484352,999997,0.511577,725230,0.117508,4.94291e+06,5.38374,3.648e+08,4.353e+07,65329.3,4.63957e+06,6.44618,200709
10.2,-0.00432167,110531,0.000368954,-0.00484352,999997,0.510114,725230,0.118695,3.56304e+06,4.19403,3.52257e+08,4.27809e+07,64873.6,4.64293e+06,6.4451,200675
10.3,-0.00432167,110531,0.000367481,-0.00484352,999997,0.508632,725230,0.119871,2.59718e+06,3.26696,3.40145e+08,4.20571e+07,64421.1,4.64504e+06,6.44407,200643
10.4,-0.00432168,110531,0.000366014,-0.00484352,999997,0.507131,725230,0.121038,1.92139e+06,2.54466,3.2845e+08,4.13574e+07,63971.8,4.64594e+06,6.44309,200613
10.5,-0.00432168,110531,0.000364553,-0.00484352,999997,0.505614,725230,0.122195,1.44905e+06,1.98205,3.17157e+08,4.06804e+07,63525.6,4.6457e+06,6.44216,200584
10.6,-0.00432169,110531,0.000363098,-0.00484352,999997,0.504081,725230,0.123342,1.11887e+06,1.54383,3.06253e+08,4.00252e+07,63082.5,4.64435e+06,6.44127,200556
10.7,-0.00432169,110531,0.000361648,-0.00484352,999997,0.502532,725230,0.124479,887854,1.20244,2.95723e+08,3.93908e+07,62642.4,4.64194e+06,6.44042,200530
10.8,-0.0043217,110531,0.000360204,-0.00484352,999997,0.50097,725230,0.125607,726073,0.936434,2.85555e+08,3.8776e+07,62205.5,4.63852e+06,6.43961,200505
10.9,-0.0043217,110531,0.000358766,-0.00484352,999997,0.499394,725230,0.126726,613063,0.729271,2.75738e+08,3.81801e+07,61771.6,4.63413e+06,6.43884,200481
11,-0.00432171,110531,0.000357334,-0.00484352,999997,0.497807,725230,0.127835,534433,0.568041,2.66257e+08,3.76022e+07,61340.7,4.62881e+06,6.43811,200458
11.1,-0.00432171,110531,0.000355908,-0.00484352,999997,0.496208,725230,0.128934,479679,0.442544,2.57103e+08,3.70415e+07,60912.8,4.62259e+06,6.43741,200436
11.2,-0.00432172,110531,0.000354487,-0.00484352,999997,0.494598,725230,0.130024,441328,0.344784,2.48264e+08,3.64972e+07,60487.9,4.61552e+06,6.43674,200416
11.3,-0.00432172,110531,0.000353072,-0.00484352,999997,0.492979,725230,0.131105,414384,0.268601,2.39728e+08,3.59686e+07,60066,4.60764e+06,6.43611,200396
11.4,-0.00432172,110531,0.000351662,-0.00484352,999997,0.491351,725230,0.132177,395529,0.209257,2.31486e+08,3.5455e+07,59647,4.59897e+06,6.4355,200377
11.5,-0.00432173,110531,0.000350259,-0.00484352,999997,0.489714,725230,0.133239,382401,0.163053,2.23528e+08,3.49559e+07,59230.9,4.58956e+06,6.43493,200359
11.6,-0.00432173,110531,0.00034886,-0.00484352,999997,0.48807,725230,0.134293,373241,0.127074,2.15843e+08,3.44705e+07,58817.7,4.57944e+06,6.43438,200342
11.7,-0.00432174,110531,0.000347468,-0.00484352,999997,0.486419,725230,0.135337,366805,0.0990438,2.08422e+08,3.39985e+07,58407.5,4.56863e+06,6.43386,200326
11.8,-0.00432174,110531,0.000346081,-0.00484352,999997,0.484761,725230,0.136372,362278,0.0772035,2.01257e+08,3.35391e+07,58000,4.55717e+06,6.43336,200311
11.9,-0.00432175,110531,0.000344699,-0.00484352,999997,0.483098,725230,0.137398,359091,0.060195,1.94338e+08,3.30919e+07,57595.5,4.54509e+06,6.43288,200296
12,-0.00432175,110531,0.000343323,-0.00484352,999997,0.481429,725230,0.138416,356870,0.0469554,1.87657e+08,3.26565e+07,57193.7,4.53241e+06,6.43243,200282
12.1,-0.00432176,110531,0.000341952,-0.00484352,999997,0.479756,725230,0.139425,355318,0.0366731,1.81206e+08,3.22323e+07,56794.7,4.51918e+06,6.432,200268
12.2,-0.00432176,110531,0.000340587,-0.00484352,999997,0.478079,725230,0.140424,354255,0.0286684,1.74976e+08,3.1819e+07,56398.6,4.5054e+06,6.43159,200256
12.3,-0.00432176,110531,0.000339228,-0.00484352,999997,0.476398,725230,0.141415,353527,0.0224514,1.68961e+08,3.14161e+07,56005.2,4.4911e+06,6.4312,200244
12.4,-0.00432177,110531,0.000337873,-0.00484352,999997,0.474714,725230,0.142398,353027,0.0175961,1.63153e+08,3.10232e+07,55614.5,4.47632e+06,6.43083,200232
12.5,-0.00432177,110531,0.000336525,-0.00484352,999997,0.473027,725230,0.143372,352675,0.0138008,1.57544e+08,3.064e+07,55226.5,4.46107e+06,6.43047,200221
12.6,-0.00432178,110531,0.000335181,-0.00484352,999997,0.471338,725230,0.144337,352428,0.0108328,1.52128e+08,3.02661e+07,54841.3,4.44538e+06,6.43014,200211
12.7,-0.00432178,110531,0.000333843,-0.00484352,999997,0.469647,725230,0.145294,352242,0.00850672,1.46899e+08,2.99012e+07,54458.8,4.42927e+06,6.42981,200201
12.8,-0.00432179,110531,0.000332511,-0.00484352,999997,0.467954,725230,0.146242,352107,0.00669092,1.41849e+08,2.9545e+07,54078.9,4.41276e+06,6.42951,200191
12.9,-0.00432179,110531,0.000331183,-0.00484352,999997,0.46626,725230,0.147182,352009,0.00527628,1.36973e+08,2.91971e+07,53701.7,4.39587e+06,6.42922,200182
13,-0.0043218,110531,0.000329861,-0.00484352,999997,0.464566,725230,0.148113,351941,0.00417801,1.32265e+08,2.88573e+07,53327.1,4.37862e+06,6.42894,200173
13.1,-0.0043218,110531,0.000328544,-0.00484352,999997,0.46287,725230,0.149036,351900,0.00333757,1.27718e+08,2.85253e+07,52955.1,4.36103e+06,6.42867,200165
13.2,-0.0043218,110531,0.000327233,-0.00484352,999997,0.461175,725230,0.149951,351883,0.00270859,1.23328e+08,2.82008e+07,52585.7,4.34311e+06,6.42842,200157
13.3,-0.00432181,110531,0.000325926,-0.00484352,999997,0.45948,725230,0.150858,351869,0.0022085,1.19089e+08,2.78835e+07,52218.9,4.32489e+06,6.42818,200150
13.4,-0.00432181,110531,0.000324625,-0.00484352,999997,0.457785,725230,0.151756,351877,0.00186154,1.14996e+08,2.75733e+07,51854.6,4.30639e+06,6.42795,200143
13.5,-0.00432182,110531,0.000323329,-0.00484352,999997,0.456091,725230,0.152647,351891,0.00161046,1.11043e+08,2.72699e+07,51492.9,4.28761e+06,6.42773,200136
13.6,-0.00432182,110531,0.000322039,-0.00484352,999997,0.454398,725230,0.153529,351882,0.00136887,1.07227e+08,2.69731e+07,51133.7,4.26858e+06,6.42752,200130
13.7,-0.00432183,110531,0.000320753,-0.00484352,999997,0.452706,725230,0.154403,351890,0.00120318,1.03541e+08,2.66826e+07,50777,4.2493e+06,6.42732,200123
13.8,-0.00432183,110531,0.000319473,-0.00484352,999997,0.451015,725230,0.155269,351888,0.00102607,9.99824e+07,2.63983e+07,50422.8,4.2298e+06,6.42714,200118
13.9,-0.00432183,110531,0.000318197,-0.00484352,999997,0.449327,725230,0.156128,351869,0.000797674,9.65461e+07,2.61199e+07,50071.1,4.21008e+06,6.42696,200112
14,-0.00432184,110531,0.000316927,-0.00484352,999997,0.44764,725230,0.156978,351852,0.000587057,9.32279e+07,2.58474e+07,49721.8,4.19017e+06,6.42678,200107
14.1,-0.00432184,110531,0.000315662,-0.00484352,999997,0.445955,725230,0.157821,351833,0.00036564,9.00239e+07,2.55804e+07,49375,4.17007e+06,6.42662,200102
14.2,-0.00432185,110531,0.000314402,-0.00484352,999997,0.444272,725230,0.158656,351816,0.000151309,8.693e+07,2.53189e+07,49030.6,4.1498e+06,6.42646,200097
14.3,-0.00432185,110531,0.000313147,-0.00484352,999997,0.442592,725230,0.159483,351798,-1.96018e-05,8.39425e+07,2.50626e+07,48688.5,4.12936e+06,6.42632,200092
14.4,-0.00432185,110531,0.000311897,-0.00484352,999997,0.440915,725230,0.160302,351788,-0.000102437,8.10577e+07,2.48115e+07,48348.9,4.10878e+06,6.42617,200088
14.5,-0.00432186,110531,0.000310651,-0.00484352,999997,0.43924,725230,0.161114,351784,-0.000104598,7.82721e+07,2.45653e+07,48011.7,4.08806e+06,6.42604,200084
14.6,-0.00432186,110531,0.000309411,-0.00484352,999997,0.437568,725230,0.161918,351783,-7.02775e-05,7.55823e+07,2.43239e+07,47676.7,4.0672e+06,6.42591,200080
14.7,-0.00432187,110531,0.000308176,-0.00484352,999997,0.4359,725230,0.162714,351784,-4.20604e-06,7.2985e+07,2.40873e+07,47344.2,4.04623e+06,6.42579,200076
14.8,-0.00432187,110531,0.000306946,-0.00484352,999997,0.434234,725230,0.163503,351788,8.70251e-05,7.0477e+07,2.38551e+07,47013.9,4.02516e+06,6.42567,200072
14.9,-0.00432188,110531,0.000305721,-0.00484352,999997,0.432572,725230,0.164285,351793,0.000168936,6.80553e+07,2.36274e+07,46686,4.00398e+06,6.42556,200069
15,-0.00432188,110531,0.0003045,-0.00484352,999996,0.430914,725230,0.165059,351794,0.000181042,6.57168e+07,2.34039e+07,46360.3,3.98272e+06,6.42545,200066
15.1,-0.00432188,110531,0.000303285,-0.00484352,999996,0.429259,725230,0.165826,351794,0.000166512,6.34588e+07,2.31846e+07,46036.9,3.96137e+06,6.42535,200063
15.2,-0.00432189,110531,0.000302074,-0.00484352,999996,0.427608,725230,0.166585,351792,9.23773e-05,6.12783e+07,2.29694e+07,45715.8,3.93995e+06,6.42526,200060
15.3,-0.00432189,110531,0.000300868,-0.00484352,999996,0.425961,725230,0.167337,351790,-4.08977e-05,5.91729e+07,2.27581e+07,45396.9,3.91847e+06,6.42517,200057
15.4,-0.00432189,110531,0.000299667,-0.00484352,999996,0.424318,725230,0.168082,351785,-0.000189937,5.71398e+07,2.25506e+07,45080.2,3.89693e+06,6.42508,200054
15.5,-0.0043219,110531,0.000298471,-0.00484352,999996,0.422679,725230,0.16882,351782,-0.00031104,5.51767e+07,2.23469e+07,44765.8,3.87534e+06,6.425,200052
15.6,-0.0043219,110531,0.000297279,-0.00484352,999996,0.421044,725230,0.16955,351780,-0.000362589,5.3281e+07,2.21467e+07,44453.5,3.85371e+06,6.42492,200049
15.7,-0.00432191,110531,0.000296092,-0.00484352,999996,0.419413,725230,0.170273,351779,-0.0003898,5.14506e+07,2.19502e+07,44143.4,3.83205e+06,6.42484,200047
15.8,-0.00432191,110531,0.00029491,-0.00484352,999996,0.417787,725230,0.170989,351779,-0.000341543,4.96831e+07,2.1757e+07,43835.5,3.81036e+06,6.42477,200045
15.9,-0.00432191,110531,0.000293733,-0.00484352,999996,0.416165,725230,0.171699,351780,-0.000226253,4.79763e+07,2.15672e+07,43529.7,3.78864e+06,6.4247,200042
16,-0.00432192,110531,0.000292561,-0.00484352,999996,0.414547,725230,0.172401,351782,-8.85011e-05,4.63282e+07,2.13807e+07,43226.1,3.76691e+06,6.42463,200040
16.1,-0.00432192,110531,0.000291393,-0.00484352,999996,0.412934,725230,0.173096,351784,2.87473e-05,4.47368e+07,2.11974e+07,42924.5,3.74517e+06,6.42457,200038
16.2,-0.00432192,110531,0.000290229,-0.00484352,999996,0.411326,725230,0.173784,351785,0.000116992,4.32002e+07,2.10171e+07,42625.1,3.72343e+06,6.42451,200037
16.3,-0.00432193,110531,0.000289071,-0.00484352,999996,0.409722,725230,0.174465,351786,0.00015533,4.17163e+07,2.08399e+07,42327.8,3.70169e+06,6.42446,200035
16.4,-0.00432193,110531,0.000287917,-0.00484352,999996,0.408123,725230,0.17514,351786,8.27777e-05,4.02835e+07,2.06657e+07,42032.5,3.67995e+06,6.4244,200033
16.5,-0.00432194,110531,0.000286767,-0.00484352,999996,0.406529,725230,0.175807,351786,-5.02574e-05,3.88999e+07,2.04943e+07,41739.3,3.65823e+06,6.42435,200032
16.6,-0.00432194,110531,0.000285623,-0.00484352,999996,0.40494,725230,0.176468,351785,-0.000229051,3.75639e+07,2.03257e+07,41448.2,3.63652e+06,6.4243,200030
16.7,-0.00432194,110531,0.000284482,-0.00484352,999996,0.403355,725230,0.177123,351784,-0.000412619,3.62739e+07,2.01598e+07,41159,3.61483e+06,6.42425,200029
16.8,-0.00432195,110531,0.000283347,-0.00484352,999996,0.401776,725230,0.17777,351783,-0.000585232,3.50282e+07,1.99966e+07,40871.9,3.59317e+06,6.42421,200027
16.9,-0.00432195,110531,0.000282216,-0.00484353,999996,0.400201,725230,0.178411,351782,-0.000659625,3.38253e+07,1.9836e+07,40586.8,3.57153e+06,6.42417,200026
17,-0.00432195,110531,0.000281089,-0.00484353,999996,0.398632,725230,0.179045,351782,-0.000579631,3.26638e+07,1.9678e+07,40303.7,3.54993e+06,6.42413,200025
17.1,-0.00432196,110531,0.000279967,-0.00484353,999996,0.397067,725230,0.179673,351782,-0.000470694,3.15422e+07,1.95224e+07,40022.6,3.52837e+06,6.42409,200024
17.2,-0.00432196,110531,0.000278849,-0.00484353,999996,0.395508,725230,0.180294,351783,-0.000318195,3.04592e+07,1.93693e+07,39743.4,3.50684e+06,6.42405,200023
17.3,-0.00432196,110531,0.000277736,-0.00484353,999996,0.393954,725230,0.180908,351783,-0.000162404,2.94134e+07,1.92185e+07,39466.2,3.48536e+06,6.42401,200021
17.4,-0.00432197,110531,0.000276627,-0.00484353,999996,0.392404,725230,0.181517,351784,-1.77838e-05,2.84036e+07,1.90701e+07,39190.9,3.46393e+06,6.42398,200020
17.5,-0.00432197,110531,0.000275523,-0.00484353,999996,0.39086,725230,0.182118,351784,1.09877e-05,2.74285e+07,1.89239e+07,38917.5,3.44255e+06,6.42395,200020
17.6,-0.00432197,110531,0.000274423,-0.00484353,999996,0.389322,725230,0.182714,351784,-7.95454e-05,2.64869e+07,1.87799e+07,38646,3.42122e+06,6.42392,200019
17.7,-0.00432198,110531,0.000273328,-0.00484353,999996,0.387788,725230,0.183303,351784,-0.000252655,2.55777e+07,1.86381e+07,38376.4,3.39995e+06,6.42389,200018
17.8,-0.00432198,110531,0.000272237,-0.00484353,999996,0.38626,725230,0.183885,351784,-0.000530167,2.46997e+07,1.84984e+07,38108.7,3.37874e+06,6.42386,200017
17.9,-0.00432198,110531,0.00027115,-0.00484353,999996,0.384736,725230,0.184462,351784,-0.000857955,2.3852e+07,1.83608e+07,37842.9,3.35759e+06,6.42384,200016
18,-0.00432199,110531,0.000270067,-0.00484353,999996,0.383219,725230,0.185032,351783,-0.00114997,2.30334e+07,1.82252e+07,37578.9,3.3365e+06,6.42381,200015
18.1,-0.00432199,110531,0.000268989,-0.00484353,999996,0.381706,725230,0.185596,351783,-0.00127772,2.22429e+07,1.80915e+07,37316.8,3.31549e+06,6.42379,200015
18.2,-0.00432199,110531,0.000267915,-0.00484353,999996,0.380199,725230,0.186154,351783,-0.00135121,2.14796e+07,1.79598e+07,37056.5,3.29454e+06,6.42376,200014
18.3,-0.004322,110531,0.000266846,-0.00484353,999996,0.378697,725230,0.186706,351783,-0.00126897,2.07425e+07,1.783e+07,36798,3.27366e+06,6.42374,200013
18.4,-0.004322,110531,0.000265781,-0.00484353,999996,0.3772,725230,0.187251,351783,-0.00101738,2.00308e+07,1.7702e+07,36541.3,3.25285e+06,6.42372,200013
18.5,-0.004322,110531,0.00026472,-0.00484353,999996,0.375709,725230,0.187791,351783,-0.000697914,1.93435e+07,1.75759e+07,36286.4,3.23213e+06,6.4237,200012
18.6,-0.00432201,110531,0.000263663,-0.00484353,999996,0.374223,725230,0.188325,351784,-0.000385407,1.86799e+07,1.74515e+07,36033.3,3.21147e+06,6.42368,200011
18.7,-0.00432201,110531,0.00026261,-0.00484353,999996,0.372742,725230,0.188852,351784,-0.00015909,1.80391e+07,1.73289e+07,35782,3.1909e+06,6.42366,200011
18.8,-0.00432201,110531,0.000261562,-0.00484353,999996,0.371266,725230,0.189374,351784,6.19841e-05,1.74203e+07,1.72079e+07,35532.4,3.17041e+06,6.42365,200010
18.9,-0.00432202,110531,0.000260518,-0.00484353,999996,0.369796,725230,0.18989,351784,0.000163203,1.68228e+07,1.70886e+07,35284.5,3.15e+06,6.42363,200010
19,-0.00432202,110531,0.000259478,-0.00484353,999996,0.368332,725230,0.1904,351784,0.000137494,1.62458e+07,1.6971e+07,35038.4,3.12967e+06,6.42361,200009
19.1,-0.00432202,110531,0.000258442,-0.00484353,999996,0.366872,725230,0.190904,351784,3.13802e-05,1.56886e+07,1.68549e+07,34794,3.10943e+06,6.4236,200009
19.2,-0.00432203,110531,0.00025741,-0.00484353,999996,0.365418,725230,0.191402,351784,-0.00011802,1.51506e+07,1.67405e+07,34551.3,3.08928e+06,6.42358,200009
19.3,-0.00432203,110531,0.000256383,-0.00484353,999996,0.36397,725230,0.191895,351783,-0.000288702,1.46311e+07,1.66275e+07,34310.2,3.06922e+06,6.42357,200008
19.4,-0.00432203,110531,0.000255359,-0.00484353,999996,0.362526,725230,0.192381,351783,-0.000423653,1.41295e+07,1.65161e+07,34070.9,3.04924e+06,6.42356,200008
19.5,-0.00432204,110531,0.00025434,-0.00484353,999996,0.361088,725230,0.192862,351783,-0.000409541,1.36451e+07,1.64061e+07,33833.2,3.02935e+06,6.42354,200007
19.6,-0.00432204,110531,0.000253325,-0.00484353,999996,0.359656,725230,0.193338,351783,-0.000356725,1.31773e+07,1.62976e+07,33597.2,3.00956e+06,6.42353,200007
19.7,-0.00432204,110531,0.000252313,-0.00484353,999996,0.358228,725230,0.193808,351783,-0.00026165,1.27257e+07,1.61904e+07,33362.9,2.98985e+06,6.42352,200007
19.8,-0.00432204,110531,0.000251306,-0.00484353,999996,0.356806,725230,0.194272,351783,-0.000167383,1.22895e+07,1.60847e+07,33130.1,2.97024e+06,6.42351,200006
19.9,-0.00432205,110531,0.000250303,-0.00484353,999996,0.35539,725230,0.19473,351784,-5.1337e-05,1.18684e+07,1.59804e+07,32899,2.95073e+06,6.4235,200006
20,-0.00432205,110531,0.000249304,-0.00484353,999996,0.353978,725230,0.195184,351784,-1.23557e-05,1.14617e+07,1.58773e+07,32669.6,2.93131e+06,6.42349,200006
20.1,-0.00432205,110531,0.000248308,-0.00484353,999996,0.352572,725230,0.195631,351784,-0.000110609,1.1069e+07,1.57756e+07,32441.7,2.91198e+06,6.42348,200006
20.2,-0.00432206,110531,0.000247317,-0.00484353,999996,0.351172,725230,0.196073,351784,-0.00026549,1.06898e+07,1.56752e+07,32215.4,2.89275e+06,6.42347,200005
20.3,-0.00432206,110531,0.00024633,-0.00484353,999996,0.349776,725230,0.19651,351784,-0.000521383,1.03236e+07,1.5576e+07,31990.7,2.87362e+06,6.42346,200005
20.4,-0.00432206,110531,0.000245347,-0.00484353,999996,0.348386,725230,0.196941,351784,-0.000846174,9.97002e+06,1.54781e+07,31767.5,2.85459e+06,6.42345,200005
20.5,-0.00432206,110531,0.000244367,-0.00484353,999996,0.347001,725230,0.197367,351784,-0.00116288,9.62858e+06,1.53814e+07,31545.9,2.83565e+06,6.42344,200005
20.6,-0.00432207,110531,0.000243392,-0.00484353,999996,0.345622,725230,0.197788,351784,-0.00136861,9.29888e+06,1.52858e+07,31325.9,2.81682e+06,6.42344,200004
20.7,-0.00432207,110531,0.00024242,-0.00484353,999996,0.344247,725230,0.198203,351784,-0.00145119,8.98051e+06,1.51915e+07,31107.3,2.79808e+06,6.42343,200004
20.8,-0.00432207,110531,0.000241452,-0.00484353,999996,0.342878,725230,0.198613,351784,-0.00142408,8.67308e+06,1.50983e+07,30890.3,2.77944e+06,6.42342,200004
20.9,-0.00432208,110531,0.000240488,-0.00484353,999996,0.341514,725230,0.199018,351784,-0.00121556,8.37622e+06,1.50062e+07,30674.9,2.7609e+06,6.42342,200004
21,-0.00432208,110531,0.000239528,-0.00484353,999996,0.340156,725230,0.199418,351784,-0.000900465,8.08956e+06,1.49152e+07,30460.9,2.74246e+06,6.42341,200004
21.1,-0.00432208,110531,0.000238572,-0.00484353,999996,0.338802,725230,0.199812,351784,-0.000560303,7.81274e+06,1.48253e+07,30248.4,2.72412e+06,6.4234,200003
21.2,-0.00432208,110531,0.00023762,-0.00484353,999996,0.337454,725230,0.200201,351784,-0.000319575,7.54544e+06,1.47365e+07,30037.4,2.70589e+06,6.4234,200003
21.3,-0.00432209,110531,0.000236671,-0.00484353,999996,0.336111,725230,0.200585,351784,-0.000121778,7.28733e+06,1.46487e+07,29827.9,2.68775e+06,6.42339,200003
21.4,-0.00432209,110531,0.000235726,-0.00484353,999996,0.334773,725230,0.200965,351784,-0.000120976,7.03809e+06,1.4562e+07,29619.8,2.66972e+06,6.42339,200003
21.5,-0.00432209,110531,0.000234785,-0.00484353,999995,0.333441,725230,0.201339,351784,-0.000395272,6.79741e+06,1.44763e+07,29413.2,2.65178e+06,6.42338,200003
21.6,-0.00432209,110531,0.000233848,-0.00484353,999995,0.332113,725230,0.201708,351784,-0.000789306,6.565e+06,1.43916e+07,29208,2.63395e+06,6.42338,200003
21.7,-0.0043221,110531,0.000232915,-0.00484353,999995,0.330791,725230,0.202072,351784,-0.00129133,6.34057e+06,1.43078e+07,29004.3,2.61622e+06,6.42337,200003
21.8,-0.0043221,110531,0.000231985,-0.00484353,999995,0.329474,725230,0.202431,351784,-0.00180164,6.12386e+06,1.4225e+07,28802,2.59859e+06,6.42337,200002
21.9,-0.0043221,110531,0.000231059,-0.00484353,999995,0.328162,725230,0.202785,351784,-0.00224525,5.91459e+06,1.41432e+07,28601.1,2.58106e+06,6.42336,200002
22,-0.0043221,110531,0.000230136,-0.00484353,999995,0.326855,725230,0.203134,351784,-0.00240187,5.71251e+06,1.40623e+07,28401.6,2.56364e+06,6.42336,200002
22.1,-0.00432211,110531,0.000229218,-0.00484353,999995,0.325553,725230,0.203479,351784,-0.00226308,5.51737e+06,1.39823e+07,28203.4,2.54632e+06,6.42335,200002
22.2,-0.00432211,110531,0.000228303,-0.00484353,999995,0.324256,725230,0.203818,351784,-0.00199541,5.32894e+06,1.39032e+07,28006.7,2.52909e+06,6.42335,200002
22.3,-0.00432211,110531,0.000227391,-0.00484353,999995,0.322964,725230,0.204153,351784,-0.00158877,5.14699e+06,1.38249e+07,27811.3,2.51197e+06,6.42335,200002
22.4,-0.00432211,110531,0.000226483,-0.00484353,999995,0.321677,725230,0.204483,351784,-0.00110563,4.97128e+06,1.37476e+07,27617.3,2.49496e+06,6.42334,200002
22.5,-0.00432212,110531,0.000225579,-0.00484353,999995,0.320396,725230,0.204808,351784,-0.000695962,4.80161e+06,1.36711e+07,27424.7,2.47804e+06,6.42334,200002
22.6,-0.00432212,110531,0.000224679,-0.00484353,999995,0.319119,725230,0.205129,351784,-0.00061988,4.63776e+06,1.35954e+07,27233.4,2.46122e+06,6.42334,200002
22.7,-0.00432212,110531,0.000223782,-0.00484353,999995,0.317847,725230,0.205445,351784,-0.000725887,4.47955e+06,1.35206e+07,27043.4,2.44451e+06,6.42333,200002
22.8,-0.00432212,110531,0.000222888,-0.00484353,999995,0.316581,725230,0.205756,351784,-0.00114781,4.32677e+06,1.34466e+07,26854.8,2.4279e+06,6.42333,200001
22.9,-0.00432213,110531,0.000221999,-0.00484353,999995,0.315319,725230,0.206062,351784,-0.00191892,4.17924e+06,1.33733e+07,26667.5,2.41138e+06,6.42333,200001
23,-0.00432213,110531,0.000221112,-0.00484353,999995,0.314062,725230,0.206364,351784,-0.0028165,4.03677e+06,1.33009e+07,26481.4,2.39497e+06,6.42332,200001
23.1,-0.00432213,110531,0.00022023,-0.00484353,999995,0.31281,725230,0.206661,351784,-0.00366029,3.8992e+06,1.32292e+07,26296.7,2.37866e+06,6.42332,200001
23.2,-0.00432213,110531,0.000219351,-0.00484353,999995,0.311563,725230,0.206954,351784,-0.0042118,3.76635e+06,1.31583e+07,26113.3,2.36245e+06,6.42332,200001
23.3,-0.00432214,110531,0.000218475,-0.00484353,999995,0.310321,725230,0.207243,351784,-0.00454153,3.63807e+06,1.30882e+07,25931.1,2.34634e+06,6.42332,200001
23.4,-0.00432214,110531,0.000217603,-0.00484353,999995,0.309084,725230,0.207526,351784,-0.00431419,3.51419e+06,1.30188e+07,25750.2,2.33033e+06,6.42331,200001
23.5,-0.00432214,110531,0.000216734,-0.00484353,999995,0.307852,725230,0.207806,351784,-0.00354701,3.39457e+06,1.29501e+07,25570.6,2.31442e+06,6.42331,200001
23.6,-0.00432214,110531,0.000215869,-0.00484353,999995,0.306624,725230,0.208081,351784,-0.00264066,3.27905e+06,1.28821e+07,25392.2,2.29861e+06,6.42331,200001
23.7,-0.00432215,110531,0.000215007,-0.00484353,999995,0.305402,725230,0.208351,351784,-0.00179082,3.1675e+06,1.28148e+07,25215.1,2.28289e+06,6.42331,200001
23.8,-0.00432215,110531,0.000214149,-0.00484353,999995,0.304184,725230,0.208617,351784,-0.00112026,3.05978e+06,1.27482e+07,25039.2,2.26728e+06,6.4233,200001
23.9,-0.00432215,110531,0.000213294,-0.00484353,999995,0.302971,725230,0.208879,351784,-0.000801012,2.95576e+06,1.26823e+07,24864.6,2.25176e+06,6.4233,200001
24,-0.00432215,110531,0.000212443,-0.00484353,999995,0.301762,725230,0.209137,351784,-0.00131661,2.85531e+06,1.26171e+07,24691.1,2.23635e+06,6.4233,200001
24.1,-0.00432215,110531,0.000211594,-0.00484353,999995,0.300559,725230,0.20939,351784,-0.00228391,2.75831e+06,1.25526e+07,24518.9,2.22103e+06,6.4233,200001
24.2,-0.00432216,110531,0.00021075,-0.00484353,999995,0.29936,725230,0.209639,351784,-0.00291202,2.66463e+06,1.24886e+07,24347.9,2.2058e+06,6.4233,200001
24.3,-0.00432216,110531,0.000209908,-0.00484353,999995,0.298166,725230,0.209883,351784,-0.00303507,2.57418e+06,1.24254e+07,24178,2.19068e+06,6.4233,200001
24.4,-0.00432216,110531,0.000209071,-0.00484353,999995,0.296977,725230,0.210124,351784,-0.00286113,2.48683e+06,1.23627e+07,24009.4,2.17565e+06,6.42329,200001
24.5,-0.00432216,110531,0.000208236,-0.00484353,999995,0.295793,725230,0.21036,351784,-0.00263732,2.40248e+06,1.23007e+07,23841.9,2.16072e+06,6.42329,200001
24.6,-0.00432217,110531,0.000207405,-0.00484353,999995,0.294613,725230,0.210592,351784,-0.00249747,2.32102e+06,1.22393e+07,23675.6,2.14588e+06,6.42329,200001
24.7,-0.00432217,110531,0.000206577,-0.00484353,999995,0.293438,725230,0.21082,351784,-0.00251676,2.24236e+06,1.21785e+07,23510.4,2.13114e+06,6.42329,200001
24.8,-0.00432217,110531,0.000205752,-0.00484353,999995,0.292267,725230,0.211044,351784,-0.00256381,2.1664e+06,1.21183e+07,23346.4,2.11649e+06,6.42329,200001
24.9,-0.00432217,110531,0.000204931,-0.00484353,999995,0.291101,725230,0.211263,351784,-0.00259346,2.09304e+06,1.20587e+07,23183.6,2.10194e+06,6.42329,200001
25,-0.00432217,110531,0.000204113,-0.00484353,999995,0.28994,725230,0.211479,351784,-0.00255044,2.02221e+06,1.19996e+07,23021.8,2.08748e+06,6.42328,200001
25.1,-0.00432218,110531,0.000203298,-0.00484353,999995,0.288783,725230,0.211691,351784,-0.0024701,1.9538e+06,1.19412e+07,22861.3,2.07312e+06,6.42328,200000
25.2,-0.00432218,110531,0.000202486,-0.00484353,999995,0.287631,725230,0.211898,351784,-0.00239094,1.88774e+06,1.18833e+07,22701.8,2.05885e+06,6.42328,200000
25.3,-0.00432218,110531,0.000201678,-0.00484353,999995,0.286483,725230,0.212102,351784,-0.00233175,1.82395e+06,1.18259e+07,22543.4,2.04467e+06,6.42328,200000
25.4,-0.00432218,110531,0.000200873,-0.00484353,999995,0.285341,725230,0.212302,351784,-0.00230219,1.76235e+06,1.17691e+07,22386.2,2.03059e+06,6.42328,200000
25.5,-0.00432218,110531,0.000200071,-0.00484353,999995,0.284202,725230,0.212497,351784,-0.00228876,1.70286e+06,1.17128e+07,22230,2.0166e+06,6.42328,200000
25.6,-0.00432219,110531,0.000199272,-0.00484353,999995,0.283068,725230,0.212689,351784,-0.00231794,1.64541e+06,1.16571e+07,22075,2.0027e+06,6.42328,200000
25.7,-0.00432219,110531,0.000198477,-0.00484353,999995,0.281939,725230,0.212877,351784,-0.00233061,1.58993e+06,1.16019e+07,21921,1.98889e+06,6.42327,200000
25.8,-0.00432219,110531,0.000197684,-0.00484353,999995,0.280814,725230,0.213061,351784,-0.00239911,1.53635e+06,1.15472e+07,21768.1,1.97517e+06,6.42327,200000
25.9,-0.00432219,110531,0.000196895,-0.00484353,999995,0.279693,725230,0.213242,351784,-0.00242728,1.48461e+06,1.1493e+07,21616.2,1.96154e+06,6.42327,200000
26,-0.00432219,110531,0.000196109,-0.00484353,999995,0.278577,725230,0.213418,351784,-0.00247124,1.43465e+06,1.14393e+07,21465.4,1.94801e+06,6.42327,200000
26.1,-0.0043222,110531,0.000195326,-0.00484353,999995,0.277466,725230,0.213591,351784,-0.00248808,1.3864e+06,1.13861e+07,21315.7,1.93456e+06,6.42327,200000
26.2,-0.0043222,110531,0.000194547,-0.00484353,999995,0.276358,725230,0.21376,351784,-0.00247405,1.3398e+06,1.13333e+07,21167,1.9212e+06,6.42327,200000
26.3,-0.0043222,110531,0.00019377,-0.00484353,999995,0.275256,725230,0.213925,351784,-0.00244698,1.29481e+06,1.12811e+07,21019.4,1.90793e+06,6.42327,200000
26.4,-0.0043222,110531,0.000192996,-0.00484353,999995,0.274157,725230,0.214087,351784,-0.00240348,1.25135e+06,1.12294e+07,20872.7,1.89475e+06,6.42327,200000
26.5,-0.0043222,110531,0.000192226,-0.00484353,999995,0.273063,725230,0.214244,351784,-0.00234995,1.20938e+06,1.11781e+07,20727.1,1.88165e+06,6.42327,200000
26.6,-0.00432221,110531,0.000191459,-0.00484353,999995,0.271974,725230,0.214398,351784,-0.00229855,1.16886e+06,1.11272e+07,20582.6,1.86864e+06,6.42327,200000
26.7,-0.00432221,110531,0.000190694,-0.00484353,999995,0.270888,725230,0.214549,351784,-0.00223058,1.12972e+06,1.10769e+07,20439,1.85572e+06,6.42326,200000
26.8,-0.00432221,110531,0.000189933,-0.00484353,999995,0.269807,725230,0.214696,351784,-0.00216044,1.09192e+06,1.10269e+07,20296.4,1.84289e+06,6.42326,200000
26.9,-0.00432221,110531,0.000189175,-0.00484353,999995,0.26873,725230,0.214839,351784,-0.00209992,1.05542e+06,1.09775e+07,20154.8,1.83014e+06,6.42326,200000
27,-0.00432221,110531,0.00018842,-0.00484353,999995,0.267658,725230,0.214979,351784,-0.00203499,1.02017e+06,1.09284e+07,20014.2,1.81748e+06,6.42326,200000
27.1,-0.00432221,110531,0.000187667,-0.00484353,999995,0.26659,725230,0.215115,351784,-0.00196066,986124,1.08798e+07,19874.6,1.8049e+06,6.42326,200000
27.2,-0.00432222,110531,0.000186918,-0.00484353,999995,0.265526,725230,0.215248,351784,-0.00189266,953247,1.08316e+07,19736,1.79241e+06,6.42326,200000
27.3,-0.00432222,110531,0.000186172,-0.00484353,999995,0.264466,725230,0.215377,351784,-0.00183906,921496,1.07839e+07,19598.3,1.78e+06,6.42326,200000
27.4,-0.00432222,110531,0.000185429,-0.00484353,999995,0.263411,725230,0.215503,351784,-0.00177346,890833,1.07365e+07,19461.6,1.76767e+06,6.42326,200000
27.5,-0.00432222,110531,0.000184689,-0.00484353,999995,0.262359,725230,0.215625,351784,-0.00171227,861220,1.06896e+07,19325.9,1.75543e+06,6.42326,200000
27.6,-0.00432222,110531,0.000183951,-0.00484353,999995,0.261312,725230,0.215744,351784,-0.00166007,832621,1.0643e+07,19191,1.74327e+06,6.42326,200000
27.7,-0.00432222,110531,0.000183217,-0.00484353,999995,0.260269,725230,0.215859,351784,-0.00161288,805001,1.05969e+07,19057.2,1.73119e+06,6.42326,200000
27.8,-0.00432223,110531,0.000182486,-0.00484353,999995,0.259231,725230,0.215971,351784,-0.00156553,778327,1.05511e+07,18924.2,1.71919e+06,6.42326,200000
27.9,-0.00432223,110531,0.000181757,-0.00484353,999995,0.258196,725230,0.21608,351784,-0.00152202,752566,1.05058e+07,18792.2,1.70728e+06,6.42325,200000
28,-0.00432223,110531,0.000181032,-0.00484353,999995,0.257165,725230,0.216185,351784,-0.00148216,727686,1.04608e+07,18661.1,1.69544e+06,6.42325,200000
28.1,-0.00432223,110531,0.000180309,-0.00484353,999995,0.256139,725230,0.216287,351784,-0.00144428,703658,1.04162e+07,18531,1.68369e+06,6.42325,200000
28.2,-0.00432223,110531,0.000179589,-0.00484353,999995,0.255117,725230,0.216386,351784,-0.00140781,680452,1.0372e+07,18401.7,1.67201e+06,6.42325,200000
28.3,-0.00432223,110531,0.000178872,-0.00484353,999995,0.254099,725230,0.216481,351784,-0.00137147,658040,1.03282e+07,18273.4,1.66041e+06,6.42325,200000
28.4,-0.00432224,110531,0.000178158,-0.00484353,999995,0.253084,725230,0.216573,351784,-0.00133671,636395,1.02847e+07,18145.9,1.6489e+06,6.42325,200000
28.5,-0.00432224,110531,0.000177447,-0.00484353,999995,0.252074,725230,0.216662,351784,-0.00130588,615490,1.02416e+07,18019.3,1.63746e+06,6.42325,200000
28.6,-0.00432224,110531,0.000176739,-0.00484353,999995,0.251068,725230,0.216748,351784,-0.00127689,595301,1.01988e+07,17893.6,1.62609e+06,6.42325,200000
28.7,-0.00432224,110531,0.000176033,-0.00484353,999995,0.250066,725230,0.21683,351784,-0.00124915,575802,1.01564e+07,17768.8,1.61481e+06,6.42325,200000
28.8,-0.00432224,110531,0.00017533,-0.00484353,999995,0.249068,725230,0.21691,351784,-0.00122169,556970,1.01143e+07,17644.8,1.6036e+06,6.42325,200000
28.9,-0.00432224,110531,0.00017463,-0.00484353,999995,0.248074,725230,0.216986,351784,-0.0011931,538781,1.00726e+07,17521.8,1.59247e+06,6.42325,200000
29,-0.00432225,110531,0.000173933,-0.00484353,999995,0.247083,725230,0.217059,351784,-0.00116145,521214,1.00312e+07,17399.5,1.58141e+06,6.42325,200000
29.1,-0.00432225,110531,0.000173239,-0.00484353,999995,0.246097,725230,0.217129,351784,-0.00113383,504248,9.99014e+06,17278.2,1.57043e+06,6.42325,200000
29.2,-0.00432225,110531,0.000172547,-0.00484353,999995,0.245115,725230,0.217196,351784,-0.0011137,487863,9.94942e+06,17157.6,1.55953e+06,6.42325,200000
29.3,-0.00432225,110531,0.000171859,-0.00484353,999995,0.244137,725230,0.21726,351784,-0.00109498,472039,9.90903e+06,17038,1.5487e+06,6.42324,200000
29.4,-0.00432225,110531,0.000171172,-0.00484353,999995,0.243162,725230,0.21732,351784,-0.00107667,456755,9.86896e+06,16919.1,1.53794e+06,6.42324,200000
29.5,-0.00432225,110531,0.000170489,-0.00484353,999995,0.242191,725230,0.217378,351784,-0.00105728,441993,9.8292e+06,16801.1,1.52726e+06,6.42324,200000
29.6,-0.00432226,110531,0.000169809,-0.00484353,999995,0.241225,725230,0.217433,351784,-0.0010348,427734,9.78977e+06,16683.9,1.51665e+06,6.42324,200000
29.7,-0.00432226,110531,0.000169131,-0.00484353,999995,0.240262,725230,0.217485,351784,-0.00100667,413961,9.75064e+06,16567.5,1.50611e+06,6.42324,200000
29.8,-0.00432226,110531,0.000168455,-0.00484353,999995,0.239303,725230,0.217533,351784,-0.000983293,400659,9.71182e+06,16451.9,1.49565e+06,6.42324,200000
29.9,-0.00432226,110531,0.000167783,-0.00484353,999995,0.238348,725230,0.217579,351784,-0.000966824,387813,9.67331e+06,16337.2,1.48525e+06,6.42324,200000
30,-0.00432226,110531,0.000167113,-0.00484353,999995,0.237396,725230,0.217622,351784,-0.000950258,375406,9.6351e+06,16223.2,1.47493e+06,6.42324,200000
30.1,-0.00432226,110531,0.000166446,-0.00484353,999995,0.236449,725230,0.217662,351784,-0.000932687,363421,9.59718e+06,16110.1,1.46468e+06,6.42324,200000
30.2,-0.00432226,110531,0.000165782,-0.00484353,999995,0.235505,725230,0.217699,351784,-0.000912947,351845,9.55956e+06,15997.7,1.4545e+06,6.42324,200000
30.3,-0.00432227,110531,0.00016512,-0.00484353,999995,0.234565,725230,0.217734,351784,-0.000889593,340662,9.52223e+06,15886.1,1.44438e+06,6.42324,200000
30.4,-0.00432227,110531,0.000164461,-0.00484353,999994,0.233628,725230,0.217765,351784,-0.000860873,329858,9.48518e+06,15775.3,1.43434e+06,6.42324,200000
30.5,-0.00432227,110531,0.000163804,-0.00484353,999994,0.232696,725230,0.217794,351784,-0.000834548,319423,9.44842e+06,15665.2,1.42437e+06,6.42324,200000
30.6,-0.00432227,110531,0.00016315,-0.00484353,999994,0.231767,725230,0.21782,351784,-0.000810845,309346,9.41194e+06,15556,1.41447e+06,6.42324,200000
30.7,-0.00432227,110531,0.000162499,-0.00484353,999994,0.230842,725230,0.217843,351784,-0.000785921,299611,9.37574e+06,15447.4,1.40463e+06,6.42324,200000
30.8,-0.00432227,110531,0.00016185,-0.00484353,999994,0.22992,725230,0.217863,351784,-0.000759574,290207,9.33981e+06,15339.7,1.39486e+06,6.42324,200000
30.9,-0.00432227,110531,0.000161204,-0.00484353,999994,0.229003,725230,0.21788,351784,-0.000731593,281123,9.30415e+06,15232.7,1.38516e+06,6.42324,200000
31,-0.00432228,110531,0.000160561,-0.00484353,999994,0.228088,725230,0.217895,351784,-0.000701757,272346,9.26876e+06,15126.4,1.37552e+06,6.42323,200000
31.1,-0.00432228,110531,0.00015992,-0.00484353,999994,0.227178,725230,0.217907,351784,-0.000669831,263867,9.23363e+06,15020.9,1.36596e+06,6.42323,200000
31.2,-0.00432228,110531,0.000159281,-0.00484353,999994,0.226271,725230,0.217917,351784,-0.000637485,255677,9.19877e+06,14916.1,1.35645e+06,6.42323,200000
31.3,-0.00432228,110531,0.000158645,-0.00484353,999994,0.225368,725230,0.217923,351784,-0.000604699,247765,9.16416e+06,14812.1,1.34702e+06,6.42323,200000
31.4,-0.00432228,110531,0.000158012,-0.00484353,999994,0.224468,725230,0.217928,351784,-0.000571117,240122,9.12981e+06,14708.8,1.33764e+06,6.42323,200000
31.5,-0.00432228,110531,0.000157381,-0.00484353,999994,0.223572,725230,0.217929,351784,-0.000536998,232738,9.09571e+06,14606.2,1.32834e+06,6.42323,200000
31.6,-0.00432228,110531,0.000156753,-0.00484353,999994,0.22268,725230,0.217928,351784,-0.000502662,225605,9.06187e+06,14504.3,1.31909e+06,6.42323,200000
31.7,-0.00432228,110531,0.000156127,-0.00484353,999994,0.221791,725230,0.217924,351784,-0.000468492,218713,9.02827e+06,14403.1,1.30991e+06,6.42323,200000
31.8,-0.00432229,110531,0.000155504,-0.00484353,999994,0.220905,725230,0.217918,351784,-0.000434944,212054,8.99492e+06,14302.6,1.3008e+06,6.42323,200000
31.9,-0.00432229,110531,0.000154883,-0.00484353,999994,0.220024,725230,0.217909,351784,-0.000400284,205622,8.96181e+06,14202.9,1.29175e+06,6.42323,200000
32,-0.00432229,110531,0.000154265,-0.00484353,999994,0.219145,725230,0.217897,351784,-0.000365119,199408,8.92894e+06,14103.8,1.28276e+06,6.42323,200000
32.1,-0.00432229,110531,0.000153649,-0.00484353,999994,0.218271,725230,0.217883,351784,-0.000330113,193404,8.8963e+06,14005.4,1.27383e+06,6.42323,200000
32.2,-0.00432229,110531,0.000153036,-0.00484353,999994,0.217399,725230,0.217867,351784,-0.000295441,187604,8.8639e+06,13907.7,1.26496e+06,6.42323,200000
32.3,-0.00432229,110531,0.000152425,-0.00484353,999994,0.216531,725230,0.217848,351784,-0.000261281,182000,8.83174e+06,13810.7,1.25616e+06,6.42323,200000
32.4,-0.00432229,110531,0.000151816,-0.00484353,999994,0.215667,725230,0.217826,351784,-0.000227816,176585,8.7998e+06,13714.4,1.24741e+06,6.42323,200000
32.5,-0.00432229,110531,0.00015121,-0.00484353,999994,0.214806,725230,0.217803,351784,-0.00019523,171353,8.76809e+06,13618.7,1.23873e+06,6.42323,200000
32.6,-0.0043223,110531,0.000150607,-0.00484353,999994,0.213949,725230,0.217776,351784,-0.000162687,166299,8.7366e+06,13523.7,1.2301e+06,6.42323,200000
32.7,-0.0043223,110531,0.000150005,-0.00484353,999994,0.213095,725230,0.217747,351784,-0.000130486,161416,8.70534e+06,13429.4,1.22154e+06,6.42323,200000
32.8,-0.0043223,110531,0.000149407,-0.00484353,999994,0.212244,725230,0.217716,351784,-9.87602e-05,156698,8.67429e+06,13335.7,1.21303e+06,6.42323,200000
32.9,-0.0043223,110531,0.00014881,-0.00484353,999994,0.211397,725230,0.217683,351784,-6.74422e-05,152139,8.64347e+06,13242.7,1.20459e+06,6.42323,200000
33,-0.0043223,110531,0.000148216,-0.00484353,999994,0.210553,725230,0.217647,351784,-3.64272e-05,147734,8.61286e+06,13150.3,1.1962e+06,6.42322,200000
33.1,-0.0043223,110531,0.000147624,-0.00484353,999994,0.209712,725230,0.217608,351784,-5.56922e-06,143478,8.58246e+06,13058.6,1.18787e+06,6.42322,200000
33.2,-0.0043223,110531,0.000147035,-0.00484353,999994,0.208875,725230,0.217568,351784,2.53225e-05,139364,8.55227e+06,12967.5,1.1796e+06,6.42322,200000
33.3,-0.0043223,110531,0.000146448,-0.00484353,999994,0.208041,725230,0.217525,351784,4.85175e-05,135390,8.5223e+06,12877,1.17138e+06,6.42322,200000
33.4,-0.00432231,110531,0.000145864,-0.00484353,999994,0.207211,725230,0.21748,351784,6.59621e-05,131550,8.49253e+06,12787.2,1.16323e+06,6.42322,200000
33.5,-0.00432231,110531,0.000145281,-0.00484353,999994,0.206384,725230,0.217432,351784,7.72582e-05,127839,8.46296e+06,12698,1.15512e+06,6.42322,200000
33.6,-0.00432231,110531,0.000144701,-0.00484353,999994,0.20556,725230,0.217382,351784,8.09793e-05,124253,8.43359e+06,12609.4,1.14708e+06,6.42322,200000
33.7,-0.00432231,110531,0.000144124,-0.00484353,999994,0.204739,725230,0.21733,351784,7.5505e-05,120787,8.40443e+06,12521.5,1.13909e+06,6.42322,200000
33.8,-0.00432231,110531,0.000143548,-0.00484353,999994,0.203922,725230,0.217276,351784,5.90092e-05,117438,8.37546e+06,12434.1,1.13116e+06,6.42322,200000
33.9,-0.00432231,110531,0.000142975,-0.00484353,999994,0.203108,725230,0.21722,351784,2.94481e-05,114200,8.34669e+06,12347.4,1.12328e+06,6.42322,200000
34,-0.00432231,110531,0.000142404,-0.00484353,999994,0.202297,725230,0.217161,351784,1.08295e-05,111072,8.31812e+06,12261.2,1.11545e+06,6.42322,200000
34.1,-0.00432231,110531,0.000141836,-0.00484353,999994,0.20149,725230,0.2171,351784,-7.10214e-06,108048,8.28974e+06,12175.7,1.10768e+06,6.42322,200000
34.2,-0.00432231,110531,0.00014127,-0.00484353,999994,0.200685,725230,0.217037,351784,-2.3738e-05,105126,8.26154e+06,12090.8,1.09997e+06,6.42322,200000
34.3,-0.00432232,110531,0.000140706,-0.00484353,999994,0.199884,725230,0.216972,351784,-3.64643e-05,102302,8.23354e+06,12006.4,1.0923e+06,6.42322,200000
34.4,-0.00432232,110531,0.000140144,-0.00484353,999994,0.199086,725230,0.216904,351784,-4.21611e-05,99571.3,8.20572e+06,11922.7,1.08469e+06,6.42322,200000
34.5,-0.00432232,110531,0.000139585,-0.00484353,999994,0.198291,725230,0.216835,351784,-3.71682e-05,96932.1,8.17809e+06,11839.5,1.07714e+06,6.42322,200000
34.6,-0.00432232,110531,0.000139027,-0.00484353,999994,0.1975,725230,0.216763,351784,-1.72498e-05,94380.7,8.15064e+06,11756.9,1.06963e+06,6.42322,200000
34.7,-0.00432232,110531,0.000138472,-0.00484353,999994,0.196711,725230,0.21669,351784,-4.10026e-05,91914.8,8.12337e+06,11674.9,1.06218e+06,6.42322,200000
34.8,-0.00432232,110531,0.00013792,-0.00484353,999994,0.195926,725230,0.216614,351784,-7.93329e-05,89531.1,8.09628e+06,11593.5,1.05478e+06,6.42322,200000
34.9,-0.00432232,110531,0.000137369,-0.00484353,999994,0.195144,725230,0.216536,351784,-0.000136242,87226.7,8.06936e+06,11512.6,1.04743e+06,6.42322,200000
35,-0.00432232,110531,0.000136821,-0.00484353,999994,0.194365,725230,0.216456,351784,-0.000217661,84998.9,8.04263e+06,11432.3,1.04013e+06,6.42322,200000
35.1,-0.00432232,110531,0.000136275,-0.00484353,999994,0.193589,725230,0.216374,351784,-0.000330546,82845.2,8.01606e+06,11352.6,1.03289e+06,6.42322,200000
35.2,-0.00432233,110531,0.000135731,-0.00484353,999994,0.192816,725230,0.21629,351784,-0.000482945,80762.8,7.98967e+06,11273.4,1.02569e+06,6.42321,200000
35.3,-0.00432233,110531,0.000135189,-0.00484353,999994,0.192047,725230,0.216205,351784,-0.000681222,78749.4,7.96345e+06,11194.7,1.01854e+06,6.42321,200000
35.4,-0.00432233,110531,0.000134649,-0.00484353,999994,0.19128,725230,0.216117,351784,-0.000821932,76802.9,7.9374e+06,11116.6,1.01145e+06,6.42321,200000
35.5,-0.00432233,110531,0.000134112,-0.00484353,999994,0.190516,725230,0.216027,351784,-0.000962381,74920.9,7.91152e+06,11039.1,1.0044e+06,6.42321,200000
35.6,-0.00432233,110531,0.000133576,-0.00484353,999994,0.189756,725230,0.215935,351784,-0.0010954,73101.2,7.8858e+06,10962.1,997400,6.42321,200000
35.7,-0.00432233,110531,0.000133043,-0.00484353,999994,0.188998,725230,0.215841,351784,-0.00121223,71341.6,7.86025e+06,10885.6,990450,6.42321,200000
35.8,-0.00432233,110531,0.000132512,-0.00484353,999994,0.188244,725230,0.215745,351784,-0.00130244,69640,7.83486e+06,10809.7,983548,6.42321,200000
35.9,-0.00432233,110531,0.000131983,-0.00484353,999994,0.187492,725230,0.215648,351784,-0.00135378,67994.4,7.80963e+06,10734.3,976694,6.42321,200000
36,-0.00432233,110531,0.000131456,-0.00484353,999994,0.186744,725230,0.215548,351784,-0.00136283,66403,7.78456e+06,10659.4,969888,6.42321,200000
36.1,-0.00432233,110531,0.000130931,-0.00484353,999994,0.185998,725230,0.215447,351784,-0.00146596,64864.1,7.75965e+06,10585.1,963129,6.42321,200000
36.2,-0.00432234,110531,0.000130408,-0.00484353,999994,0.185256,725230,0.215344,351784,-0.00158369,63375.8,7.73489e+06,10511.2,956417,6.42321,200000
36.3,-0.00432234,110531,0.000129888,-0.00484353,999994,0.184516,725230,0.215239,351784,-0.0017243,61936.4,7.71029e+06,10437.9,949752,6.42321,200000
36.4,-0.00432234,110531,0.000129369,-0.00484353,999994,0.18378,725230,0.215132,351784,-0.00189798,60544.1,7.68584e+06,10365.1,943133,6.42321,200000
36.5,-0.00432234,110531,0.000128853,-0.00484353,999994,0.183046,725230,0.215023,351784,-0.00211692,59197.3,7.66155e+06,10292.8,936560,6.42321,200000
36.6,-0.00432234,110531,0.000128339,-0.00484353,999994,0.182315,725230,0.214912,351784,-0.00239554,57894.4,7.6374e+06,10221,930033,6.42321,200000
36.7,-0.00432234,110531,0.000127826,-0.00484353,999994,0.181588,725230,0.2148,351784,-0.00272941,56633.9,7.61341e+06,10149.7,923551,6.42321,200000
36.8,-0.00432234,110531,0.000127316,-0.00484353,999994,0.180863,725230,0.214686,351784,-0.00296707,55414.8,7.58956e+06,10078.9,917114,6.42321,200000
36.9,-0.00432234,110531,0.000126808,-0.00484353,999994,0.180141,725230,0.21457,351784,-0.00319865,54235.3,7.56586e+06,10008.6,910722,6.42321,200000
37,-0.00432234,110531,0.000126301,-0.00484353,999994,0.179422,725230,0.214452,351784,-0.00341402,53094.1,7.54231e+06,9938.78,904375,6.42321,200000
37.1,-0.00432234,110531,0.000125797,-0.00484353,999994,0.178705,725230,0.214333,351784,-0.00360082,51989.9,7.5189e+06,9869.45,898071,6.42321,200000
37.2,-0.00432234,110531,0.000125295,-0.00484353,999994,0.177992,725230,0.214211,351784,-0.00374432,50921.3,7.49563e+06,9800.6,891812,6.42321,200000
37.3,-0.00432235,110531,0.000124795,-0.00484353,999994,0.177281,725230,0.214089,351784,-0.00382726,49887.2,7.4725e+06,9732.24,885596,6.42321,200000
37.4,-0.00432235,110531,0.000124297,-0.00484353,999994,0.176574,725230,0.213964,351784,-0.00385646,48886.4,7.44952e+06,9664.35,879423,6.42321,200000
37.5,-0.00432235,110531,0.000123801,-0.00484353,999994,0.175869,725230,0.213838,351784,-0.00395287,47918,7.42667e+06,9596.94,873294,6.42321,200000
37.6,-0.00432235,110531,0.000123306,-0.00484353,999994,0.175167,725230,0.21371,351784,-0.00403303,46980.7,7.40396e+06,9529.99,867207,6.4232,200000
37.7,-0.00432235,110531,0.000122814,-0.00484353,999994,0.174467,725230,0.21358,351784,-0.00409945,46073.4,7.38138e+06,9463.51,861162,6.4232,200000
37.8,-0.00432235,110531,0.000122324,-0.00484353,999994,0.173771,725230,0.213449,351784,-0.0041559,45195.2,7.35895e+06,9397.5,855160,6.4232,200000
37.9,-0.00432235,110531,0.000121835,-0.00484353,999994,0.173077,725230,0.213316,351784,-0.00420752,44345,7.33664e+06,9331.95,849199,6.4232,200000
38,-0.00432235,110531,0.000121349,-0.00484353,999994,0.172386,725230,0.213181,351784,-0.00426093,43521.8,7.31447e+06,9266.85,843280,6.4232,200000
38.1,-0.00432235,110531,0.000120865,-0.00484353,999994,0.171698,725230,0.213045,351784,-0.00431135,42724.7,7.29243e+06,9202.21,837402,6.4232,200000
38.2,-0.00432235,110531,0.000120382,-0.00484353,999994,0.171013,725230,0.212908,351784,-0.0043188,41953.1,7.27052e+06,9138.02,831565,6.4232,200000
38.3,-0.00432235,110531,0.000119902,-0.00484353,999994,0.17033,725230,0.212768,351784,-0.00431507,41205.9,7.24874e+06,9074.28,825768,6.4232,200000
38.4,-0.00432235,110531,0.000119423,-0.00484353,999994,0.16965,725230,0.212627,351784,-0.00430199,40482.3,7.22708e+06,9010.98,820012,6.4232,200000
38.5,-0.00432236,110531,0.000118946,-0.00484353,999994,0.168973,725230,0.212485,351784,-0.00428172,39781.5,7.20556e+06,8948.12,814296,6.4232,200000
38.6,-0.00432236,110531,0.000118471,-0.00484353,999994,0.168298,725230,0.212341,351784,-0.00425676,39102.8,7.18415e+06,8885.7,808620,6.4232,200000
38.7,-0.00432236,110531,0.000117998,-0.00484353,999994,0.167627,725230,0.212195,351784,-0.00422996,38445.2,7.16288e+06,8823.72,802983,6.4232,200000
38.8,-0.00432236,110531,0.000117527,-0.00484353,999994,0.166957,725230,0.212048,351784,-0.00420072,37808.3,7.14173e+06,8762.17,797385,6.4232,200000
38.9,-0.00432236,110531,0.000117058,-0.00484353,999994,0.166291,725230,0.2119,351784,-0.00416176,37191.3,7.1207e+06,8701.05,791827,6.4232,200000
39,-0.00432236,110531,0.000116591,-0.00484353,999994,0.165627,725230,0.21175,351784,-0.00412141,36593.5,7.09979e+06,8640.36,786307,6.4232,200000
39.1,-0.00432236,110531,0.000116126,-0.00484353,999994,0.164966,725230,0.211598,351784,-0.00408117,36014.3,7.079e+06,8580.08,780826,6.4232,200000
39.2,-0.00432236,110531,0.000115662,-0.00484353,999994,0.164307,725230,0.211445,351784,-0.00404255,35453,7.05833e+06,8520.23,775383,6.4232,200000
39.3,-0.00432236,110531,0.0001152,-0.00484353,999994,0.163651,725230,0.21129,351784,-0.00400701,34909,7.03778e+06,8460.8,769978,6.4232,200000
39.4,-0.00432236,110531,0.00011474,-0.00484353,999994,0.162998,725230,0.211135,351784,-0.00397599,34381.7,7.01735e+06,8401.78,764610,6.4232,200000
39.5,-0.00432236,110531,0.000114282,-0.00484353,999994,0.162347,725230,0.210977,351784,-0.0039485,33870.6,6.99703e+06,8343.17,759280,6.4232,200000
39.6,-0.00432236,110531,0.000113826,-0.00484353,999994,0.161699,725230,0.210818,351784,-0.00392072,33375.3,6.97683e+06,8284.98,753987,6.4232,200000
39.7,-0.00432236,110531,0.000113372,-0.00484353,999994,0.161054,725230,0.210658,351784,-0.0038959,32895,6.95675e+06,8227.18,748731,6.4232,200000
39.8,-0.00432237,110531,0.000112919,-0.00484353,999994,0.160411,725230,0.210497,351784,-0.00387364,32429.3,6.93677e+06,8169.79,743511,6.4232,200000
39.9,-0.00432237,110531,0.000112468,-0.00484353,999994,0.15977,725230,0.210334,351784,-0.00385321,31977.7,6.91691e+06,8112.81,738328,6.4232,200000
40,-0.00432237,110531,0.000112019,-0.00484353,999994,0.159133,725230,0.210169,351784,-0.0038335,31539.8,6.89716e+06,8056.21,733181,6.4232,200000
40.1,-0.00432237,110531,0.000111572,-0.00484353,999994,0.158497,725230,0.210003,351784,-0.00381302,31115,6.87752e+06,8000.02,728070,6.4232,200000
40.2,-0.00432237,110531,0.000111127,-0.00484353,999994,0.157865,725230,0.209836,351784,-0.00379438,30702.9,6.85799e+06,7944.21,722994,6.4232,200000
40.3,-0.00432237,110531,0.000110683,-0.00484353,999994,0.157235,725230,0.209668,351784,-0.00378267,30303.2,6.83857e+06,7888.8,717954,6.42319,200000
40.4,-0.00432237,110531,0.000110241,-0.00484353,999994,0.156607,725230,0.209498,351784,-0.00377206,29915.3,6.81926e+06,7833.77,712949,6.42319,200000
40.5,-0.00432237,110531,0.000109801,-0.00484353,999994,0.155982,725230,0.209327,351784,-0.00376162,29539,6.80006e+06,7779.12,707978,6.42319,200000
40.6,-0.00432237,110531,0.000109363,-0.00484353,999994,0.155359,725230,0.209155,351784,-0.00375028,29173.8,6.78096e+06,7724.86,703043,6.42319,200000
40.7,-0.00432237,110531,0.000108926,-0.00484353,999994,0.154739,725230,0.208981,351784,-0.00373674,28819.2,6.76196e+06,7670.98,698141,6.42319,200000
40.8,-0.00432237,110531,0.000108491,-0.00484353,999994,0.154121,725230,0.208806,351784,-0.00371952,28475.1,6.74307e+06,7617.47,693274,6.42319,200000
40.9,-0.00432237,110531,0.000108058,-0.00484353,999994,0.153506,725230,0.20863,351784,-0.00370159,28140.9,6.72428e+06,7564.33,688441,6.42319,200000
41,-0.00432237,110531,0.000107627,-0.00484353,999994,0.152893,725230,0.208452,351784,-0.00368688,27816.5,6.7056e+06,7511.56,683642,6.42319,200000
41.1,-0.00432237,110531,0.000107197,-0.00484353,999994,0.152283,725230,0.208273,351784,-0.00367094,27501.5,6.68702e+06,7459.17,678876,6.42319,200000
41.2,-0.00432238,110531,0.000106769,-0.00484353,999994,0.151675,725230,0.208093,351784,-0.00365364,27195.5,6.66854e+06,7407.14,674143,6.42319,200000
41.3,-0.00432238,110531,0.000106343,-0.00484353,999994,0.151069,725230,0.207912,351784,-0.00363494,26898.3,6.65015e+06,7355.47,669443,6.42319,200000
41.4,-0.00432238,110531,0.000105919,-0.00484353,999994,0.150466,725230,0.207729,351784,-0.00361487,26609.5,6.63187e+06,7304.16,664776,6.42319,200000
41.5,-0.00432238,110531,0.000105496,-0.00484353,999994,0.149866,725230,0.207546,351784,-0.00359359,26328.9,6.61369e+06,7253.21,660141,6.42319,200000
41.6,-0.00432238,110531,0.000105075,-0.00484353,999994,0.149267,725230,0.207361,351784,-0.00357072,26056.2,6.5956e+06,7202.61,655539,6.42319,200000
41.7,-0.00432238,110531,0.000104655,-0.00484353,999994,0.148671,725230,0.207175,351784,-0.00354604,25791.1,6.57761e+06,7152.37,650969,6.42319,200000
41.8,-0.00432238,110531,0.000104237,-0.00484353,999994,0.148078,725230,0.206987,351784,-0.00352035,25533.5,6.55972e+06,7102.48,646431,6.42319,200000
41.9,-0.00432238,110531,0.000103821,-0.00484353,999994,0.147487,725230,0.206799,351784,-0.0034941,25283,6.54192e+06,7052.93,641924,6.42319,200000
42,-0.00432238,110531,0.000103407,-0.00484353,999994,0.146898,725230,0.206609,351784,-0.00346785,25039.4,6.52422e+06,7003.74,637449,6.42319,200000
42.1,-0.00432238,110531,0.000102994,-0.00484353,999994,0.146312,725230,0.206419,351784,-0.0034423,24802.5,6.50661e+06,6954.88,633005,6.42319,200000
42.2,-0.00432238,110531,0.000102583,-0.00484353,999994,0.145727,725230,0.206227,351784,-0.00341832,24572.1,6.4891e+06,6906.37,628592,6.42319,200000
42.3,-0.00432238,110531,0.000102173,-0.00484353,999994,0.145146,725230,0.206034,351784,-0.00339351,24347.9,6.47167e+06,6858.19,624209,6.42319,200000
42.4,-0.00432238,110531,0.000101766,-0.00484353,999994,0.144566,725230,0.20584,351784,-0.0033667,24129.7,6.45434e+06,6810.35,619857,6.42319,200000
42.5,-0.00432238,110531,0.000101359,-0.00484353,999994,0.143989,725230,0.205644,351784,-0.00334019,23917.4,6.4371e+06,6762.85,615536,6.42319,200000
42.6,-0.00432238,110531,0.000100955,-0.00484353,999994,0.143414,725230,0.205448,351784,-0.00331425,23710.8,6.41995e+06,6715.67,611245,6.42319,200000
42.7,-0.00432238,110531,0.000100552,-0.00484353,999994,0.142842,725230,0.205251,351784,-0.00328914,23509.6,6.40289e+06,6668.83,606983,6.42319,200000
42.8,-0.00432239,110531,0.00010015,-0.00484353,999994,0.142272,725230,0.205052,351784,-0.00326516,23313.7,6.38592e+06,6622.31,602752,6.42319,200000
42.9,-0.00432239,110531,9.97504e-05,-0.00484353,999994,0.141704,725230,0.204853,351784,-0.0032426,23123,6.36903e+06,6576.11,598549,6.42319,200000
43,-0.00432239,110531,9.93522e-05,-0.00484353,999994,0.141138,725230,0.204652,351784,-0.0032205,22937.1,6.35224e+06,6530.24,594376,6.42319,200000
43.1,-0.00432239,110531,9.89556e-05,-0.00484353,999994,0.140575,725230,0.20445,351784,-0.00319853,22756.1,6.33553e+06,6484.69,590233,6.42319,200000
43.2,-0.00432239,110531,9.85606e-05,-0.00484353,999994,0.140013,725230,0.204248,351784,-0.00317728,22579.7,6.3189e+06,6439.45,586118,6.42319,200000
43.3,-0.00432239,110531,9.81671e-05,-0.00484353,999994,0.139454,725230,0.204044,351784,-0.00315663,22407.8,6.30236e+06,6394.54,582031,6.42318,200000
43.4,-0.00432239,110531,9.77753e-05,-0.00484353,999994,0.138898,725230,0.203839,351784,-0.00313642,22240.2,6.28591e+06,6349.93,577974,6.42318,200000
43.5,-0.00432239,110531,9.73849e-05,-0.00484353,999994,0.138343,725230,0.203633,351784,-0.00311642,22076.8,6.26954e+06,6305.64,573944,6.42318,200000
43.6,-0.00432239,110531,9.69962e-05,-0.00484353,999994,0.137791,725230,0.203427,351784,-0.00309632,21917.4,6.25325e+06,6261.65,569943,6.42318,200000
43.7,-0.00432239,110531,9.6609e-05,-0.00484353,999994,0.137241,725230,0.203219,351784,-0.00307717,21762,6.23705e+06,6217.97,565969,6.42318,200000
43.8,-0.00432239,110531,9.62233e-05,-0.00484353,999994,0.136693,725230,0.20301,351784,-0.00305896,21610.4,6.22093e+06,6174.6,562023,6.42318,200000
43.9,-0.00432239,110531,9.58392e-05,-0.00484353,999994,0.136147,725230,0.2028,351784,-0.00304097,21462.4,6.20489e+06,6131.53,558105,6.42318,200000
44,-0.00432239,110531,9.54566e-05,-0.00484353,999994,0.135604,725230,0.20259,351784,-0.00302304,21318,6.18893e+06,6088.76,554214,6.42318,200000
44.1,-0.00432239,110531,9.50755e-05,-0.00484353,999994,0.135063,725230,0.202378,351784,-0.00300496,21177.1,6.17305e+06,6046.28,550350,6.42318,200000
44.2,-0.00432239,110531,9.4696e-05,-0.00484353,999994,0.134523,725230,0.202165,351784,-0.00298648,21039.4,6.15725e+06,6004.11,546514,6.42318,200000
44.3,-0.00432239,110531,9.4318e-05,-0.00484353,999994,0.133986,725230,0.201952,351784,-0.00296733,20905,6.14153e+06,5962.23,542703,6.42318,200000
44.4,-0.00432239,110531,9.39414e-05,-0.00484353,999994,0.133452,725230,0.201738,351784,-0.0029486,20773.7,6.12589e+06,5920.64,538920,6.42318,200000
44.5,-0.00432239,110531,9.35664e-05,-0.00484353,999993,0.132919,725230,0.201522,351784,-0.00293016,20645.5,6.11033e+06,5879.34,535163,6.42318,200000
44.6,-0.0043224,110531,9.31929e-05,-0.00484353,999993,0.132388,725230,0.201306,351784,-0.00291155,20520.1,6.09484e+06,5838.32,531432,6.42318,200000
44.7,-0.0043224,110531,9.28209e-05,-0.00484353,999993,0.13186,725230,0.201089,351784,-0.00289275,20397.6,6.07944e+06,5797.6,527727,6.42318,200000
44.8,-0.0043224,110531,9.24503e-05,-0.00484353,999993,0.131333,725230,0.200871,351784,-0.00287377,20277.8,6.0641e+06,5757.16,524047,6.42318,200000
44.9,-0.0043224,110531,9.20813e-05,-0.00484353,999993,0.130809,725230,0.200652,351784,-0.00285461,20160.7,6.04885e+06,5717,520394,6.42318,200000
45,-0.0043224,110531,9.17137e-05,-0.00484353,999993,0.130287,725230,0.200432,351784,-0.00283533,20046.2,6.03366e+06,5677.12,516766,6.42318,200000
45.1,-0.0043224,110531,9.13476e-05,-0.00484353,999993,0.129767,725230,0.200211,351784,-0.00281536,19934.1,6.01856e+06,5637.52,513163,6.42318,200000
45.2,-0.0043224,110531,9.09829e-05,-0.00484353,999993,0.129249,725230,0.19999,351784,-0.00279486,19824.5,6.00352e+06,5598.19,509586,6.42318,200000
45.3,-0.0043224,110531,9.06197e-05,-0.00484353,999993,0.128733,725230,0.199767,351784,-0.002774,19717.2,5.98857e+06,5559.14,506033,6.42318,200000
45.4,-0.0043224,110531,9.02579e-05,-0.00484353,999993,0.128219,725230,0.199544,351784,-0.00275284,19612.2,5.97368e+06,5520.36,502505,6.42318,200000
45.5,-0.0043224,110531,8.98976e-05,-0.00484353,999993,0.127707,725230,0.19932,351784,-0.00273148,19509.3,5.95886e+06,5481.86,499002,6.42318,200000
45.6,-0.0043224,110531,8.95388e-05,-0.00484353,999993,0.127197,725230,0.199095,351784,-0.00271002,19408.6,5.94412e+06,5443.62,495523,6.42318,200000
45.7,-0.0043224,110531,8.91813e-05,-0.00484353,999993,0.126689,725230,0.19887,351784,-0.00268862,19310,5.92945e+06,5405.65,492068,6.42318,200000
45.8,-0.0043224,110531,8.88253e-05,-0.00484353,999993,0.126184,725230,0.198643,351784,-0.00266744,19213.3,5.91485e+06,5367.94,488638,6.42318,200000
45.9,-0.0043224,110531,8.84707e-05,-0.00484353,999993,0.12568,725230,0.198416,351784,-0.00264671,19118.6,5.90032e+06,5330.49,485231,6.42318,200000
46,-0.0043224,110531,8.81175e-05,-0.00484353,999993,0.125178,725230,0.198188,351784,-0.00262668,19025.7,5.88586e+06,5293.31,481848,6.42318,200000
46.1,-0.0043224,110531,8.77658e-05,-0.00484353,999993,0.124678,725230,0.197959,351784,-0.00260732,18934.6,5.87147e+06,5256.39,478489,6.42318,200000
46.2,-0.0043224,110531,8.74154e-05,-0.00484353,999993,0.124181,725230,0.19773,351784,-0.0025849,18845.4,5.85715e+06,5219.72,475153,6.42318,200000
46.3,-0.0043224,110531,8.70664e-05,-0.00484353,999993,0.123685,725230,0.197499,351784,-0.00256232,18757.8,5.84289e+06,5183.31,471840,6.42318,200000
46.4,-0.0043224,110531,8.67189e-05,-0.00484353,999993,0.123191,725230,0.197268,351784,-0.00253967,18672,5.82871e+06,5147.15,468551,6.42318,200000
46.5,-0.0043224,110531,8.63727e-05,-0.00484353,999993,0.122699,725230,0.197036,351784,-0.00251705,18587.7,5.81459e+06,5111.25,465284,6.42318,200000
46.6,-0.00432241,110531,8.60279e-05,-0.00484353,999993,0.12221,725230,0.196804,351784,-0.00249458,18505,5.80054e+06,5075.6,462041,6.42318,200000
46.7,-0.00432241,110531,8.56845e-05,-0.00484353,999993,0.121722,725230,0.19657,351784,-0.00247238,18423.8,5.78655e+06,5040.19,458820,6.42317,200000
46.8,-0.00432241,110531,8.53424e-05,-0.00484353,999993,0.121236,725230,0.196336,351784,-0.00245064,18344,5.77263e+06,5005.03,455621,6.42317,200000
46.9,-0.00432241,110531,8.50017e-05,-0.00484353,999993,0.120752,725230,0.196101,351784,-0.00242952,18265.6,5.75878e+06,4970.12,452444,6.42317,200000
47,-0.00432241,110531,8.46624e-05,-0.00484353,999993,0.12027,725230,0.195866,351784,-0.00240923,18188.6,5.74499e+06,4935.45,449290,6.42317,200000
47.1,-0.00432241,110531,8.43244e-05,-0.00484353,999993,0.11979,725230,0.19563,351784,-0.00239002,18112.9,5.73127e+06,4901.02,446158,6.42317,200000
47.2,-0.00432241,110531,8.39878e-05,-0.00484353,999993,0.119312,725230,0.195393,351784,-0.00237063,18038.5,5.71761e+06,4866.84,443048,6.42317,200000
47.3,-0.00432241,110531,8.36525e-05,-0.00484353,999993,0.118835,725230,0.195155,351784,-0.00234965,17965.4,5.70401e+06,4832.89,439959,6.42317,200000
47.4,-0.00432241,110531,8.33186e-05,-0.00484353,999993,0.118361,725230,0.194917,351784,-0.0023289,17893.5,5.69048e+06,4799.17,436892,6.42317,200000
47.5,-0.00432241,110531,8.2986e-05,-0.00484353,999993,0.117888,725230,0.194678,351784,-0.00230839,17822.9,5.67701e+06,4765.7,433846,6.42317,200000
47.6,-0.00432241,110531,8.26547e-05,-0.00484353,999993,0.117418,725230,0.194439,351784,-0.00228819,17753.3,5.6636e+06,4732.45,430821,6.42317,200000
47.7,-0.00432241,110531,8.23247e-05,-0.00484353,999993,0.116949,725230,0.194198,351784,-0.00226832,17684.9,5.65025e+06,4699.44,427818,6.42317,200000
47.8,-0.00432241,110531,8.19961e-05,-0.00484353,999993,0.116482,725230,0.193958,351784,-0.00224883,17617.5,5.63697e+06,4666.66,424835,6.42317,200000
47.9,-0.00432241,110531,8.16688e-05,-0.00484353,999993,0.116017,725230,0.193716,351784,-0.00222976,17551.2,5.62375e+06,4634.11,421874,6.42317,200000
48,-0.00432241,110531,8.13427e-05,-0.00484353,999993,0.115554,725230,0.193474,351784,-0.00221117,17485.9,5.61058e+06,4601.78,418933,6.42317,200000
48.1,-0.00432241,110531,8.1018e-05,-0.00484353,999993,0.115093,725230,0.193231,351784,-0.0021931,17421.5,5.59748e+06,4569.68,416012,6.42317,200000
48.2,-0.00432241,110531,8.06946e-05,-0.00484353,999993,0.114633,725230,0.192988,351784,-0.00217561,17358,5.58444e+06,4537.81,413112,6.42317,200000
48.3,-0.00432241,110531,8.03725e-05,-0.00484353,999993,0.114176,725230,0.192744,351784,-0.00215799,17295.5,5.57145e+06,4506.15,410232,6.42317,200000
48.4,-0.00432241,110531,8.00516e-05,-0.00484353,999993,0.11372,725230,0.192499,351784,-0.00214044,17234,5.55853e+06,4474.72,407372,6.42317,200000
48.5,-0.00432241,110531,7.9732e-05,-0.00484353,999993,0.113266,725230,0.192254,351784,-0.00212317,17173.3,5.54566e+06,4443.51,404532,6.42317,200000
48.6,-0.00432241,110531,7.94138e-05,-0.00484353,999993,0.112814,725230,0.192008,351784,-0.00210615,17113.5,5.53285e+06,4412.51,401712,6.42317,200000
48.7,-0.00432241,110531,7.90967e-05,-0.00484353,999993,0.112363,725230,0.191762,351784,-0.00208936,17054.5,5.5201e+06,4381.73,398912,6.42317,200000
48.8,-0.00432241,110531,7.8781e-05,-0.00484353,999993,0.111915,725230,0.191515,351784,-0.00207277,16996.3,5.50741e+06,4351.17,396131,6.42317,200000
48.9,-0.00432241,110531,7.84665e-05,-0.00484353,999993,0.111468,725230,0.191268,351784,-0.00205634,16938.9,5.49478e+06,4320.81,393369,6.42317,200000
49,-0.00432242,110531,7.81532e-05,-0.00484353,999993,0.111023,725230,0.191019,351784,-0.00204003,16882.3,5.4822e+06,4290.67,390627,6.42317,200000
49.1,-0.00432242,110531,7.78413e-05,-0.00484353,999993,0.11058,725230,0.190771,351784,-0.00202379,16826.3,5.46967e+06,4260.74,387904,6.42317,200000
49.2,-0.00432242,110531,7.75305e-05,-0.00484353,999993,0.110138,725230,0.190522,351784,-0.00200757,16771.1,5.45721e+06,4231.02,385199,6.42317,200000
49.3,-0.00432242,110531,7.7221e-05,-0.00484353,999993,0.109699,725230,0.190272,351784,-0.00199134,16716.6,5.4448e+06,4201.51,382514,6.42317,200000
49.4,-0.00432242,110531,7.69127e-05,-0.00484353,999993,0.109261,725230,0.190022,351784,-0.00197577,16662.8,5.43244e+06,4172.2,379848,6.42317,200000
49.5,-0.00432242,110531,7.66057e-05,-0.00484353,999993,0.108825,725230,0.189771,351784,-0.00196032,16609.6,5.42014e+06,4143.1,377200,6.42317,200000
49.6,-0.00432242,110531,7.62999e-05,-0.00484353,999993,0.10839,725230,0.18952,351784,-0.00194497,16557.1,5.40789e+06,4114.2,374570,6.42317,200000
49.7,-0.00432242,110531,7.59953e-05,-0.00484353,999993,0.107958,725230,0.189268,351784,-0.00192969,16505.3,5.3957e+06,4085.5,371959,6.42317,200000
49.8,-0.00432242,110531,7.56919e-05,-0.00484353,999993,0.107527,725230,0.189016,351784,-0.00191446,16454,5.38356e+06,4057,369366,6.42317,200000
49.9,-0.00432242,110531,7.53898e-05,-0.00484353,999993,0.107097,725230,0.188763,351784,-0.00189925,16403.4,5.37147e+06,4028.7,366791,6.42317,200000
50,-0.00432242,110531,7.50888e-05,-0.00484353,999993,0.10667,725230,0.18851,351784,-0.00188403,16353.3,5.35944e+06,4000.6,364234,6.42317,200000
50.1,-0.00432242,110531,7.47891e-05,-0.00484353,999993,0.106244,725230,0.188256,351784,-0.00186877,16303.8,5.34746e+06,3972.69,361695,6.42317,200000
50.2,-0.00432242,110531,7.44905e-05,-0.00484353,999993,0.10582,725230,0.188002,351784,-0.00185342,16254.8,5.33553e+06,3944.98,359174,6.42317,200000
50.3,-0.00432242,110531,7.41931e-05,-0.00484353,999993,0.105397,725230,0.187747,351784,-0.00183797,16206.4,5.32366e+06,3917.46,356670,6.42317,200000
50.4,-0.00432242,110531,7.3897e-05,-0.00484353,999993,0.104977,725230,0.187492,351784,-0.00182255,16158.5,5.31183e+06,3890.14,354183,6.42317,200000
50.5,-0.00432242,110531,7.3602e-05,-0.00484353,999993,0.104558,725230,0.187236,351784,-0.00180737,16111.2,5.30006e+06,3863,351714,6.42316,200000
50.6,-0.00432242,110531,7.33081e-05,-0.00484353,999993,0.10414,725230,0.18698,351784,-0.00179218,16064.3,5.28834e+06,3836.05,349263,6.42316,200000
50.7,-0.00432242,110531,7.30155e-05,-0.00484353,999993,0.103724,725230,0.186723,351784,-0.00177699,16018,5.27666e+06,3809.29,346828,6.42316,200000
50.8,-0.00432242,110531,7.2724e-05,-0.00484353,999993,0.10331,725230,0.186466,351784,-0.0017618,15972.1,5.26504e+06,3782.72,344410,6.42316,200000
50.9,-0.00432242,110531,7.24337e-05,-0.00484353,999993,0.102898,725230,0.186209,351784,-0.0017466,15926.6,5.25347e+06,3756.34,342009,6.42316,200000
51,-0.00432242,110531,7.21445e-05,-0.00484353,999993,0.102487,725230,0.185951,351784,-0.00173141,15881.7,5.24195e+06,3730.13,339625,6.42316,200000
51.1,-0.00432242,110531,7.18565e-05,-0.00484353,999993,0.102078,725230,0.185693,351784,-0.00171624,15837.2,5.23048e+06,3704.11,337258,6.42316,200000
51.2,-0.00432242,110531,7.15697e-05,-0.00484353,999993,0.101671,725230,0.185434,351784,-0.00170109,15793.1,5.21905e+06,3678.28,334907,6.42316,200000
51.3,-0.00432242,110531,7.1284e-05,-0.00484353,999993,0.101265,725230,0.185175,351784,-0.00168599,15749.4,5.20768e+06,3652.62,332572,6.42316,200000
51.4,-0.00432242,110531,7.09994e-05,-0.00484353,999993,0.10086,725230,0.184915,351784,-0.00167096,15706.1,5.19635e+06,3627.14,330254,6.42316,200000
51.5,-0.00432242,110531,7.0716e-05,-0.00484353,999993,0.100458,725230,0.184655,351784,-0.00165551,15663.3,5.18507e+06,3601.84,327952,6.42316,200000
51.6,-0.00432242,110531,7.04337e-05,-0.00484353,999993,0.100057,725230,0.184395,351784,-0.00163979,15620.9,5.17384e+06,3576.71,325666,6.42316,200000
51.7,-0.00432242,110531,7.01525e-05,-0.00484353,999993,0.0996574,725230,0.184134,351784,-0.00162396,15578.9,5.16266e+06,3551.76,323395,6.42316,200000
51.8,-0.00432243,110531,6.98725e-05,-0.00484353,999993,0.0992595,725230,0.183873,351784,-0.00160804,15537.3,5.15152e+06,3526.99,321141,6.42316,200000
51.9,-0.00432243,110531,6.95935e-05,-0.00484353,999993,0.0988633,725230,0.183612,351784,-0.00159201,15496,5.14044e+06,3502.38,318903,6.42316,200000
52,-0.00432243,110531,6.93157e-05,-0.00484353,999993,0.0984686,725230,0.18335,351784,-0.00157591,15455.2,5.12939e+06,3477.95,316680,6.42316,200000
52.1,-0.00432243,110531,6.9039e-05,-0.00484353,999993,0.0980755,725230,0.183087,351784,-0.00155974,15414.7,5.1184e+06,3453.69,314472,6.42316,200000
52.2,-0.00432243,110531,6.87634e-05,-0.00484353,999993,0.097684,725230,0.182825,351784,-0.00154353,15374.5,5.10745e+06,3429.6,312280,6.42316,200000
52.3,-0.00432243,110531,6.84889e-05,-0.00484353,999993,0.097294,725230,0.182562,351784,-0.00152731,15334.7,5.09654e+06,3405.68,310103,6.42316,200000
52.4,-0.00432243,110531,6.82155e-05,-0.00484353,999993,0.0969056,725230,0.182299,351784,-0.00151109,15295.2,5.08568e+06,3381.92,307942,6.42316,200000
52.5,-0.00432243,110531,6.79432e-05,-0.00484353,999993,0.0965188,725230,0.182035,351784,-0.00149492,15256,5.07487e+06,3358.33,305795,6.42316,200000
52.6,-0.00432243,110531,6.76719e-05,-0.00484353,999993,0.0961335,725230,0.181771,351784,-0.00147884,15217.2,5.0641e+06,3334.91,303664,6.42316,200000
52.7,-0.00432243,110531,6.74018e-05,-0.00484353,999993,0.0957497,725230,0.181507,351784,-0.00146289,15178.6,5.05338e+06,3311.64,301547,6.42316,200000
52.8,-0.00432243,110531,6.71327e-05,-0.00484353,999993,0.0953675,725230,0.181242,351784,-0.00144712,15140.4,5.0427e+06,3288.54,299445,6.42316,200000
52.9,-0.00432243,110531,6.68647e-05,-0.00484353,999993,0.0949868,725230,0.180977,351784,-0.0014316,15102.4,5.03206e+06,3265.6,297358,6.42316,200000
53,-0.00432243,110531,6.65978e-05,-0.00484353,999993,0.0946076,725230,0.180712,351784,-0.00141638,15064.7,5.02147e+06,3242.82,295285,6.42316,200000
53.1,-0.00432243,110531,6.63319e-05,-0.00484353,999993,0.0942299,725230,0.180446,351784,-0.00140153,15027.2,5.01092e+06,3220.2,293227,6.42316,200000
53.2,-0.00432243,110531,6.60671e-05,-0.00484353,999993,0.0938538,725230,0.18018,351784,-0.00138714,14990,5.00041e+06,3197.74,291183,6.42316,200000
53.3,-0.00432243,110531,6.58034e-05,-0.00484353,999993,0.0934791,725230,0.179914,351784,-0.00137147,14953.2,4.98995e+06,3175.43,289153,6.42316,200000
53.4,-0.00432243,110531,6.55407e-05,-0.00484353,999993,0.0931059,725230,0.179648,351784,-0.0013547,14916.8,4.97953e+06,3153.28,287138,6.42316,200000
53.5,-0.00432243,110531,6.52791e-05,-0.00484353,999993,0.0927342,725230,0.179381,351784,-0.00133785,14880.6,4.96915e+06,3131.29,285136,6.42316,200000
53.6,-0.00432243,110531,6.50185e-05,-0.00484353,999993,0.092364,725230,0.179114,351784,-0.00132096,14844.7,4.95882e+06,3109.45,283149,6.42316,200000
53.7,-0.00432243,110531,6.47589e-05,-0.00484353,999993,0.0919953,725230,0.178847,351784,-0.00130403,14809.1,4.94852e+06,3087.76,281175,6.42316,200000
53.8,-0.00432243,110531,6.45004e-05,-0.00484353,999993,0.0916281,725230,0.178579,351784,-0.00128709,14773.7,4.93827e+06,3066.22,279215,6.42316,200000
53.9,-0.00432243,110531,6.42429e-05,-0.00484353,999993,0.0912623,725230,0.178311,351784,-0.00127018,14738.6,4.92806e+06,3044.83,277269,6.42316,200000
54,-0.00432243,110531,6.39865e-05,-0.00484353,999993,0.090898,725230,0.178043,351784,-0.00125332,14703.7,4.91789e+06,3023.59,275336,6.42316,200000
54.1,-0.00432243,110531,6.3731e-05,-0.00484353,999993,0.0905351,725230,0.177775,351784,-0.00123654,14669,4.90777e+06,3002.5,273417,6.42316,200000
54.2,-0.00432243,110531,6.34766e-05,-0.00484353,999993,0.0901737,725230,0.177506,351784,-0.0012199,14634.5,4.89768e+06,2981.55,271511,6.42316,200000
54.3,-0.00432243,110531,6.32232e-05,-0.00484353,999993,0.0898137,725230,0.177237,351784,-0.00120343,14600.3,4.88763e+06,2960.76,269619,6.42316,200000
54.4,-0.00432243,110531,6.29708e-05,-0.00484353,999993,0.0894552,725230,0.176968,351784,-0.00118717,14566.3,4.87762e+06,2940.1,267740,6.42316,200000
54.5,-0.00432243,110531,6.27194e-05,-0.00484353,999993,0.0890981,725230,0.176699,351784,-0.00117119,14532.5,4.86766e+06,2919.6,265873,6.42316,200000
54.6,-0.00432243,110531,6.24691e-05,-0.00484353,999993,0.0887424,725230,0.176429,351784,-0.00115555,14498.8,4.85773e+06,2899.23,264020,6.42316,200000
54.7,-0.00432243,110531,6.22197e-05,-0.00484353,999993,0.0883881,725230,0.176159,351784,-0.00114029,14465.3,4.84784e+06,2879.01,262180,6.42316,200000
54.8,-0.00432243,110531,6.19713e-05,-0.00484353,999993,0.0880353,725230,0.175889,351784,-0.0011255,14432,4.83799e+06,2858.92,260353,6.42316,200000
54.9,-0.00432243,110531,6.17239e-05,-0.00484353,999993,0.0876839,725230,0.175619,351784,-0.00111125,14398.9,4.82818e+06,2838.98,258538,6.42316,200000
55,-0.00432243,110531,6.14775e-05,-0.00484353,999993,0.0873338,725230,0.175348,351784,-0.0010976,14365.9,4.81841e+06,2819.18,256736,6.42316,200000
55.1,-0.00432243,110531,6.12321e-05,-0.00484353,999993,0.0869852,725230,0.175077,351784,-0.00108308,14333.1,4.80868e+06,2799.51,254947,6.42315,200000
55.2,-0.00432243,110531,6.09877e-05,-0.00484353,999993,0.0866379,725230,0.174807,351784,-0.00106724,14300.8,4.79898e+06,2779.98,253170,6.42315,200000
55.3,-0.00432244,110531,6.07442e-05,-0.00484353,999993,0.0862921,725230,0.174535,351784,-0.00105147,14268.6,4.78933e+06,2760.59,251405,6.42315,200000
55.4,-0.00432244,110531,6.05017e-05,-0.00484353,999993,0.0859476,725230,0.174264,351784,-0.00103578,14236.6,4.77971e+06,2741.34,249653,6.42315,200000
55.5,-0.00432244,110531,6.02602e-05,-0.00484353,999993,0.0856045,725230,0.173993,351784,-0.0010202,14204.9,4.77013e+06,2722.21,247913,6.42315,200000
55.6,-0.00432244,110531,6.00196e-05,-0.00484353,999993,0.0852628,725230,0.173721,351784,-0.00100473,14173.2,4.76059e+06,2703.23,246185,6.42315,200000
55.7,-0.00432244,110531,5.978e-05,-0.00484353,999993,0.0849224,725230,0.173449,351784,-0.000989396,14141.8,4.75108e+06,2684.37,244469,6.42315,200000
55.8,-0.00432244,110531,5.95414e-05,-0.00484353,999993,0.0845834,725230,0.173177,351784,-0.000974207,14110.5,4.74161e+06,2665.65,242765,6.42315,200000
55.9,-0.00432244,110531,5.93037e-05,-0.00484353,999993,0.0842457,725230,0.172905,351784,-0.000959183,14079.4,4.73218e+06,2647.05,241073,6.42315,200000
56,-0.00432244,110531,5.9067e-05,-0.00484353,999993,0.0839094,725230,0.172632,351784,-0.000944345,14048.4,4.72278e+06,2628.59,239393,6.42315,200000
56.1,-0.00432244,110531,5.88312e-05,-0.00484353,999993,0.0835744,725230,0.17236,351784,-0.000929711,14017.6,4.71343e+06,2610.25,237725,6.42315,200000
56.2,-0.00432244,110531,5.85963e-05,-0.00484353,999993,0.0832408,725230,0.172087,351784,-0.000915304,13987,4.7041e+06,2592.04,236068,6.42315,200000
56.3,-0.00432244,110531,5.83624e-05,-0.00484353,999993,0.0829085,725230,0.171814,351784,-0.000901148,13956.4,4.69482e+06,2573.96,234422,6.42315,200000
56.4,-0.00432244,110531,5.81294e-05,-0.00484353,999993,0.0825775,725230,0.171541,351784,-0.000887266,13926.1,4.68556e+06,2556.01,232789,6.42315,200000
56.5,-0.00432244,110531,5.78974e-05,-0.00484353,999993,0.0822479,725230,0.171268,351784,-0.000873685,13895.8,4.67635e+06,2538.18,231166,6.42315,200000
56.6,-0.00432244,110531,5.76662e-05,-0.00484353,999993,0.0819196,725230,0.170995,351784,-0.000860431,13865.6,4.66717e+06,2520.47,229555,6.42315,200000
56.7,-0.00432244,110531,5.7436e-05,-0.00484353,999993,0.0815925,725230,0.170721,351784,-0.000847535,13835.6,4.65802e+06,2502.89,227955,6.42315,200000
56.8,-0.00432244,110531,5.72067e-05,-0.00484353,999993,0.0812668,725230,0.170448,351784,-0.000835026,13805.7,4.64891e+06,2485.43,226366,6.42315,200000
56.9,-0.00432244,110531,5.69784e-05,-0.00484353,999993,0.0809424,725230,0.170174,351784,-0.00082241,13775.9,4.63983e+06,2468.1,224789,6.42315,200000
57,-0.00432244,110531,5.67509e-05,-0.00484353,999993,0.0806193,725230,0.1699,351784,-0.000809228,13746.5,4.63079e+06,2450.88,223222,6.42315,200000
57.1,-0.00432244,110531,5.65244e-05,-0.00484353,999993,0.0802974,725230,0.169626,351784,-0.000796192,13717.1,4.62179e+06,2433.78,221666,6.42315,200000
57.2,-0.00432244,110531,5.62987e-05,-0.00484353,999993,0.0799769,725230,0.169352,351784,-0.000783302,13687.9,4.61281e+06,2416.81,220122,6.42315,200000
57.3,-0.00432244,110531,5.6074e-05,-0.00484353,999993,0.0796576,725230,0.169078,351784,-0.000770556,13658.9,4.60387e+06,2399.95,218587,6.42315,200000
57.4,-0.00432244,110531,5.58501e-05,-0.00484353,999993,0.0793396,725230,0.168804,351784,-0.000757953,13630,4.59497e+06,2383.21,217064,6.42315,200000
57.5,-0.00432244,110531,5.56272e-05,-0.00484353,999993,0.0790229,725230,0.168529,351784,-0.000745489,13601.2,4.5861e+06,2366.58,215551,6.42315,200000
57.6,-0.00432244,110531,5.54051e-05,-0.00484353,999993,0.0787074,725230,0.168255,351784,-0.000733163,13572.5,4.57726e+06,2350.08,214049,6.42315,200000
57.7,-0.00432244,110531,5.51839e-05,-0.00484353,999993,0.0783932,725230,0.16798,351784,-0.000720969,13544,4.56845e+06,2333.68,212557,6.42315,200000
57.8,-0.00432244,110531,5.49636e-05,-0.00484353,999993,0.0780803,725230,0.167705,351784,-0.000708904,13515.6,4.55968e+06,2317.4,211076,6.42315,200000
57.9,-0.00432244,110531,5.47442e-05,-0.00484353,999993,0.0777686,725230,0.167431,351784,-0.000696962,13487.3,4.55094e+06,2301.24,209605,6.42315,200000
58,-0.00432244,110531,5.45257e-05,-0.00484353,999993,0.0774581,725230,0.167156,351784,-0.000685138,13459.2,4.54223e+06,2285.19,208144,6.42315,200000
58.1,-0.00432244,110531,5.4308e-05,-0.00484353,999993,0.0771489,725230,0.166881,351784,-0.000673426,13431.1,4.53356e+06,2269.25,206694,6.42315,200000
58.2,-0.00432244,110531,5.40912e-05,-0.00484353,999993,0.076841,725230,0.166606,351784,-0.000661819,13403.2,4.52491e+06,2253.42,205253,6.42315,200000
58.3,-0.00432244,110531,5.38753e-05,-0.00484353,999993,0.0765342,725230,0.166331,351784,-0.000650308,13375.4,4.5163e+06,2237.7,203823,6.42315,200000
58.4,-0.00432244,110531,5.36602e-05,-0.00484353,999993,0.0762287,725230,0.166055,351784,-0.000638886,13347.8,4.50772e+06,2222.09,202402,6.42315,200000
58.5,-0.00432244,110531,5.3446e-05,-0.00484353,999993,0.0759244,725230,0.16578,351784,-0.000627543,13320.2,4.49918e+06,2206.59,200992,6.42315,200000
58.6,-0.00432244,110531,5.32326e-05,-0.00484353,999993,0.0756213,725230,0.165505,351784,-0.000616269,13292.8,4.49066e+06,2191.2,199591,6.42315,200000
58.7,-0.00432244,110531,5.30201e-05,-0.00484353,999993,0.0753194,725230,0.165229,351784,-0.000605123,13265.5,4.48218e+06,2175.91,198200,6.42315,200000
58.8,-0.00432244,110531,5.28085e-05,-0.00484353,999993,0.0750187,725230,0.164954,351784,-0.000594234,13238.3,4.47372e+06,2160.73,196819,6.42315,200000
58.9,-0.00432244,110531,5.25977e-05,-0.00484353,999993,0.0747192,725230,0.164679,351784,-0.000583441,13211.2,4.4653e+06,2145.66,195447,6.42315,200000
59,-0.00432244,110531,5.23877e-05,-0.00484353,999993,0.074421,725230,0.164403,351784,-0.000572739,13184.3,4.45691e+06,2130.7,194085,6.42315,200000
59.1,-0.00432244,110531,5.21786e-05,-0.00484353,999993,0.0741239,725230,0.164128,351784,-0.000562122,13157.5,4.44855e+06,2115.83,192733,6.42315,200000
59.2,-0.00432244,110531,5.19703e-05,-0.00484353,999993,0.073828,725230,0.163852,351784,-0.000551581,13130.7,4.44022e+06,2101.07,191390,6.42315,200000
59.3,-0.00432244,110531,5.17628e-05,-0.00484353,999993,0.0735333,725230,0.163576,351784,-0.00054111,13104.2,4.43192e+06,2086.42,190056,6.42315,200000
59.4,-0.00432244,110531,5.15562e-05,-0.00484353,999993,0.0732397,725230,0.163301,351784,-0.0005307,13077.7,4.42365e+06,2071.86,188732,6.42315,200000
59.5,-0.00432244,110531,5.13503e-05,-0.00484353,999993,0.0729473,725230,0.163025,351784,-0.000520343,13051.3,4.41541e+06,2057.41,187416,6.42315,200000
59.6,-0.00432244,110531,5.11454e-05,-0.00484353,999993,0.0726561,725230,0.162749,351784,-0.00051003,13025.1,4.4072e+06,2043.06,186110,6.42315,200000
59.7,-0.00432244,110531,5.09412e-05,-0.00484353,999993,0.0723661,725230,0.162473,351784,-0.000499752,12998.9,4.39902e+06,2028.81,184813,6.42315,200000
59.8,-0.00432244,110531,5.07378e-05,-0.00484353,999993,0.0720772,725230,0.162198,351784,-0.000489499,12972.9,4.39087e+06,2014.66,183526,6.42315,200000
59.9,-0.00432244,110531,5.05353e-05,-0.00484353,999993,0.0717895,725230,0.161922,351784,-0.00047926,12947,4.38275e+06,2000.6,182247,6.42315,200000
60,-0.00432245,110531,5.03335e-05,-0.00484353,999993,0.0715029,725230,0.161646,351784,-0.000469024,12921.2,4.37466e+06,1986.65,180977,6.42315,200000
60.1,-0.00432245,110531,5.01326e-05,-0.00484353,999993,0.0712174,725230,0.16137,351784,-0.00045878,12895.6,4.3666e+06,1972.79,179716,6.42315,200000
60.2,-0.00432245,110531,4.99325e-05,-0.00484353,999993,0.0709331,725230,0.161094,351784,-0.000448517,12870,4.35856e+06,1959.03,178463,6.42315,200000
60.3,-0.00432245,110531,4.97332e-05,-0.00484353,999993,0.07065,725230,0.160819,351784,-0.000438221,12844.6,4.35056e+06,1945.36,177220,6.42315,200000
60.4,-0.00432245,110531,4.95346e-05,-0.00484353,999993,0.0703679,725230,0.160543,351784,-0.00042788,12819.3,4.34258e+06,1931.79,175985,6.42315,200000
60.5,-0.00432245,110531,4.93369e-05,-0.00484353,999993,0.070087,725230,0.160267,351784,-0.000417559,12794,4.33463e+06,1918.32,174758,6.42314,200000
60.6,-0.00432245,110531,4.91399e-05,-0.00484353,999993,0.0698072,725230,0.159991,351784,-0.000407588,12768.9,4.32671e+06,1904.94,173541,6.42314,200000
60.7,-0.00432245,110531,4.89438e-05,-0.00484353,999993,0.0695286,725230,0.159715,351784,-0.000397642,12743.9,4.31882e+06,1891.65,172331,6.42314,200000
60.8,-0.00432245,110531,4.87484e-05,-0.00484353,999993,0.069251,725230,0.15944,351784,-0.000387719,12719,4.31096e+06,1878.45,171131,6.42314,200000
60.9,-0.00432245,110531,4.85538e-05,-0.00484353,999993,0.0689746,725230,0.159164,351784,-0.000377817,12694.2,4.30312e+06,1865.35,169938,6.42314,200000
61,-0.00432245,110531,4.83599e-05,-0.00484353,999993,0.0686992,725230,0.158888,351784,-0.000367935,12669.5,4.29531e+06,1852.34,168754,6.42314,200000
61.1,-0.00432245,110531,4.81669e-05,-0.00484353,999993,0.068425,725230,0.158612,351784,-0.000358069,12644.9,4.28753e+06,1839.42,167578,6.42314,200000
61.2,-0.00432245,110531,4.79746e-05,-0.00484353,999993,0.0681518,725230,0.158337,351784,-0.000348219,12620.4,4.27978e+06,1826.59,166410,6.42314,200000
61.3,-0.00432245,110531,4.77831e-05,-0.00484353,999993,0.0678797,725230,0.158061,351784,-0.000338383,12596,4.27205e+06,1813.85,165251,6.42314,200000
61.4,-0.00432245,110531,4.75923e-05,-0.00484353,999993,0.0676088,725230,0.157785,351784,-0.000328561,12571.7,4.26436e+06,1801.19,164099,6.42314,200000
61.5,-0.00432245,110531,4.74023e-05,-0.00484353,999993,0.0673389,725230,0.15751,351784,-0.000318751,12547.5,4.25668e+06,1788.63,162956,6.42314,200000
61.6,-0.00432245,110531,4.72131e-05,-0.00484353,999993,0.0670701,725230,0.157234,351784,-0.000308953,12523.4,4.24904e+06,1776.15,161821,6.42314,200000
61.7,-0.00432245,110531,4.70246e-05,-0.00484353,999993,0.0668023,725230,0.156959,351784,-0.000299167,12499.4,4.24142e+06,1763.76,160693,6.42314,200000
61.8,-0.00432245,110531,4.68369e-05,-0.00484353,999993,0.0665356,725230,0.156683,351784,-0.000289393,12475.5,4.23383e+06,1751.46,159573,6.42314,200000
61.9,-0.00432245,110531,4.66499e-05,-0.00484353,999993,0.06627,725230,0.156408,351784,-0.000279631,12451.7,4.22626e+06,1739.24,158461,6.42314,200000
62,-0.00432245,110531,4.64637e-05,-0.00484353,999993,0.0660055,725230,0.156132,351784,-0.000269882,12428,4.21872e+06,1727.11,157357,6.42314,200000
62.1,-0.00432245,110531,4.62782e-05,-0.00484353,999993,0.065742,725230,0.155857,351784,-0.000260148,12404.4,4.21121e+06,1715.06,156261,6.42314,200000
62.2,-0.00432245,110531,4.60935e-05,-0.00484353,999993,0.0654795,725230,0.155582,351784,-0.000250429,12380.9,4.20372e+06,1703.1,155172,6.42314,200000
62.3,-0.00432245,110531,4.59095e-05,-0.00484353,999993,0.0652181,725230,0.155307,351784,-0.000240724,12357.5,4.19626e+06,1691.22,154091,6.42314,200000
62.4,-0.00432245,110531,4.57262e-05,-0.00484353,999993,0.0649578,725230,0.155032,351784,-0.000230991,12334.2,4.18883e+06,1679.42,153017,6.42314,200000
62.5,-0.00432245,110531,4.55437e-05,-0.00484353,999993,0.0646985,725230,0.154757,351784,-0.000221267,12311,4.18142e+06,1667.71,151951,6.42314,200000
62.6,-0.00432245,110531,4.53619e-05,-0.00484353,999993,0.0644402,725230,0.154481,351784,-0.000211556,12287.9,4.17403e+06,1656.07,150892,6.42314,200000
62.7,-0.00432245,110531,4.51808e-05,-0.00484353,999993,0.064183,725230,0.154207,351784,-0.000201859,12264.9,4.16667e+06,1644.52,149841,6.42314,200000
62.8,-0.00432245,110531,4.50004e-05,-0.00484353,999993,0.0639267,725230,0.153932,351784,-0.000192179,12241.9,4.15934e+06,1633.05,148797,6.42314,200000
62.9,-0.00432245,110531,4.48208e-05,-0.00484353,999993,0.0636715,725230,0.153657,351784,-0.000182518,12219.1,4.15203e+06,1621.66,147760,6.42314,200000
63,-0.00432245,110531,4.46418e-05,-0.00484353,999993,0.0634174,725230,0.153382,351784,-0.000172879,12196.3,4.14475e+06,1610.35,146731,6.42314,200000
63.1,-0.00432245,110531,4.44636e-05,-0.00484353,999993,0.0631642,725230,0.153108,351784,-0.000163267,12173.7,4.13749e+06,1599.11,145709,6.42314,200000
63.2,-0.00432245,110531,4.42861e-05,-0.00484353,999993,0.062912,725230,0.152833,351784,-0.000153685,12151.1,4.13025e+06,1587.96,144693,6.42314,200000
63.3,-0.00432245,110531,4.41093e-05,-0.00484353,999993,0.0626609,725230,0.152559,351784,-0.000144138,12128.6,4.12304e+06,1576.88,143685,6.42314,200000
63.4,-0.00432245,110531,4.39333e-05,-0.00484353,999993,0.0624108,725230,0.152284,351784,-0.000134629,12106.2,4.11586e+06,1565.88,142684,6.42314,200000
63.5,-0.00432245,110531,4.37579e-05,-0.00484353,999993,0.0621616,725230,0.15201,351784,-0.000125165,12083.9,4.1087e+06,1554.96,141690,6.42314,200000
63.6,-0.00432245,110531,4.35832e-05,-0.00484353,999993,0.0619135,725230,0.151736,351784,-0.000115751,12061.6,4.10156e+06,1544.11,140703,6.42314,200000
63.7,-0.00432245,110531,4.34092e-05,-0.00484353,999993,0.0616663,725230,0.151462,351784,-0.000106393,12039.4,4.09445e+06,1533.34,139723,6.42314,200000
63.8,-0.00432245,110531,4.32359e-05,-0.00484353,999993,0.0614201,725230,0.151188,351784,-9.70972e-05,12017.4,4.08736e+06,1522.65,138749,6.42314,200000
63.9,-0.00432245,110531,4.30633e-05,-0.00484353,999993,0.0611749,725230,0.150914,351784,-8.78711e-05,11995.3,4.08029e+06,1512.03,137783,6.42314,200000
64,-0.00432245,110531,4.28914e-05,-0.00484353,999993,0.0609307,725230,0.15064,351784,-7.87219e-05,11973.4,4.07325e+06,1501.48,136823,6.42314,200000
64.1,-0.00432245,110531,4.27202e-05,-0.00484353,999993,0.0606875,725230,0.150366,351784,-6.96577e-05,11951.5,4.06623e+06,1491.01,135870,6.42314,200000
64.2,-0.00432245,110531,4.25497e-05,-0.00484353,999993,0.0604452,725230,0.150093,351784,-6.19891e-05,11929.8,4.05924e+06,1480.6,134923,6.42314,200000
64.3,-0.00432245,110531,4.23798e-05,-0.00484353,999993,0.0602039,725230,0.14982,351784,-5.47764e-05,11908.1,4.05227e+06,1470.28,133983,6.42314,200000
64.4,-0.00432245,110531,4.22106e-05,-0.00484353,999993,0.0599636,725230,0.149546,351784,-4.80217e-05,11886.5,4.04532e+06,1460.02,133050,6.42314,200000
64.5,-0.00432245,110531,4.20421e-05,-0.00484353,999993,0.0597242,725230,0.149273,351784,-4.17726e-05,11865,4.0384e+06,1449.84,132123,6.42314,200000
64.6,-0.00432245,110531,4.18743e-05,-0.00484353,999993,0.0594858,725230,0.149,351784,-3.60793e-05,11843.6,4.03149e+06,1439.72,131202,6.42314,200000
64.7,-0.00432245,110531,4.17071e-05,-0.00484353,999993,0.0592483,725230,0.148727,351784,-3.0995e-05,11822.2,4.02461e+06,1429.68,130288,6.42314,200000
64.8,-0.00432245,110531,4.15406e-05,-0.00484353,999993,0.0590118,725230,0.148454,351784,-2.65755e-05,11800.9,4.01776e+06,1419.71,129381,6.42314,200000
64.9,-0.00432245,110531,4.13748e-05,-0.00484353,999993,0.0587762,725230,0.148181,351784,-2.28799e-05,11779.7,4.01093e+06,1409.8,128479,6.42314,200000
65,-0.00432245,110531,4.12096e-05,-0.00484353,999993,0.0585416,725230,0.147909,351784,-1.99699e-05,11758.6,4.00411e+06,1399.97,127584,6.42314,200000
65.1,-0.00432245,110531,4.10451e-05,-0.00484353,999993,0.0583079,725230,0.147636,351784,-1.79107e-05,11737.5,3.99733e+06,1390.21,126695,6.42314,200000
65.2,-0.00432245,110531,4.08813e-05,-0.00484353,999993,0.0580751,725230,0.147364,351784,-1.67704e-05,11716.5,3.99056e+06,1380.51,125813,6.42314,200000
65.3,-0.00432245,110531,4.07181e-05,-0.00484353,999993,0.0578433,725230,0.147092,351784,-1.66203e-05,11695.6,3.98382e+06,1370.88,124936,6.42314,200000
65.4,-0.00432245,110531,4.05555e-05,-0.00484353,999993,0.0576124,725230,0.14682,351784,-1.75351e-05,11674.7,3.97709e+06,1361.32,124066,6.42314,200000
65.5,-0.00432245,110531,4.03936e-05,-0.00484353,999993,0.0573824,725230,0.146548,351784,-1.95928e-05,11654,3.9704e+06,1351.82,123202,6.42314,200000
65.6,-0.00432245,110531,4.02324e-05,-0.00484353,999993,0.0571533,725230,0.146276,351784,-2.28747e-05,11633.3,3.96372e+06,1342.39,122344,6.42314,200000
65.7,-0.00432245,110531,4.00718e-05,-0.00484353,999993,0.0569252,725230,0.146005,351784,-2.74659e-05,11612.6,3.95706e+06,1333.03,121491,6.42314,200000
65.8,-0.00432245,110531,3.99118e-05,-0.00484353,999993,0.0566979,725230,0.145733,351784,-3.34546e-05,11592,3.95043e+06,1323.73,120645,6.42314,200000
65.9,-0.00432245,110531,3.97525e-05,-0.00484353,999993,0.0564716,725230,0.145462,351784,-4.09331e-05,11571.5,3.94381e+06,1314.49,119805,6.42314,200000
66,-0.00432245,110531,3.95938e-05,-0.00484353,999993,0.0562462,725230,0.145191,351784,-4.4593e-05,11551.1,3.93722e+06,1305.32,118970,6.42314,200000
66.1,-0.00432245,110531,3.94357e-05,-0.00484353,999993,0.0560216,725230,0.14492,351784,-4.76798e-05,11530.8,3.93065e+06,1296.22,118141,6.42314,200000
66.2,-0.00432245,110531,3.92783e-05,-0.00484353,999993,0.055798,725230,0.144649,351784,-5.09364e-05,11510.5,3.9241e+06,1287.18,117318,6.42314,200000
66.3,-0.00432245,110531,3.91215e-05,-0.00484353,999993,0.0555752,725230,0.144378,351784,-5.42938e-05,11490.3,3.91758e+06,1278.2,116501,6.42314,200000
66.4,-0.00432245,110531,3.89653e-05,-0.00484353,999993,0.0553534,725230,0.144108,351784,-5.76764e-05,11470.1,3.91107e+06,1269.28,115690,6.42314,200000
66.5,-0.00432245,110531,3.88098e-05,-0.00484353,999993,0.0551324,725230,0.143838,351784,-6.10022e-05,11450,3.90458e+06,1260.43,114884,6.42314,200000
66.6,-0.00432245,110531,3.86548e-05,-0.00484353,999993,0.0549123,725230,0.143567,351784,-6.41821e-05,11430,3.89812e+06,1251.64,114084,6.42314,200000
66.7,-0.00432245,110531,3.85005e-05,-0.00484353,999993,0.0546931,725230,0.143297,351784,-6.71201e-05,11410.1,3.89168e+06,1242.91,113289,6.42314,200000
66.8,-0.00432245,110531,3.83468e-05,-0.00484353,999993,0.0544748,725230,0.143028,351784,-6.97128e-05,11390.2,3.88525e+06,1234.24,112500,6.42314,200000
66.9,-0.00432245,110531,3.81937e-05,-0.00484353,999993,0.0542573,725230,0.142758,351784,-7.18495e-05,11370.4,3.87885e+06,1225.63,111716,6.42314,200000
67,-0.00432245,110531,3.80413e-05,-0.00484353,999993,0.0540407,725230,0.142488,351784,-7.34118e-05,11350.7,3.87247e+06,1217.08,110938,6.42314,200000
67.1,-0.00432246,110531,3.78894e-05,-0.00484353,999993,0.053825,725230,0.142219,351784,-7.42734e-05,11331,3.86611e+06,1208.59,110165,6.42314,200000
67.2,-0.00432246,110531,3.77382e-05,-0.00484353,999993,0.0536101,725230,0.14195,351784,-7.43e-05,11311.4,3.85976e+06,1200.16,109398,6.42314,200000
67.3,-0.00432246,110531,3.75875e-05,-0.00484353,999993,0.0533961,725230,0.141681,351784,-7.33491e-05,11291.9,3.85344e+06,1191.79,108636,6.42313,200000
67.4,-0.00432246,110531,3.74375e-05,-0.00484353,999993,0.0531829,725230,0.141412,351784,-7.12697e-05,11272.4,3.84714e+06,1183.47,107879,6.42313,200000
67.5,-0.00432246,110531,3.7288e-05,-0.00484353,999993,0.0529706,725230,0.141144,351784,-6.79021e-05,11253,3.84086e+06,1175.22,107128,6.42313,200000
67.6,-0.00432246,110531,3.71392e-05,-0.00484353,999993,0.0527592,725230,0.140875,351784,-6.30778e-05,11233.7,3.8346e+06,1167.02,106382,6.42313,200000
67.7,-0.00432246,110531,3.69909e-05,-0.00484353,999993,0.0525486,725230,0.140607,351784,-5.66193e-05,11214.4,3.82836e+06,1158.88,105641,6.42313,200000
67.8,-0.00432246,110531,3.68432e-05,-0.00484353,999993,0.0523388,725230,0.140339,351784,-6.50592e-05,11195.2,3.82213e+06,1150.79,104905,6.42313,200000
67.9,-0.00432246,110531,3.66961e-05,-0.00484353,999993,0.0521298,725230,0.140071,351784,-8.16188e-05,11176,3.81593e+06,1142.77,104174,6.42313,200000
68,-0.00432246,110531,3.65497e-05,-0.00484353,999993,0.0519217,725230,0.139803,351784,-0.000101686,11157,3.80975e+06,1134.8,103449,6.42313,200000
68.1,-0.00432246,110531,3.64038e-05,-0.00484353,999993,0.0517145,725230,0.139536,351784,-0.000125673,11137.9,3.80358e+06,1126.88,102728,6.42313,200000
68.2,-0.00432246,110531,3.62584e-05,-0.00484353,999993,0.051508,725230,0.139269,351784,-0.000154018,11119,3.79744e+06,1119.02,102013,6.42313,200000
68.3,-0.00432246,110531,3.61137e-05,-0.00484353,999993,0.0513024,725230,0.139002,351784,-0.000187188,11100.1,3.79132e+06,1111.21,101302,6.42313,200000
68.4,-0.00432246,110531,3.59695e-05,-0.00484353,999993,0.0510976,725230,0.138735,351784,-0.000225678,11081.3,3.78521e+06,1103.46,100597,6.42313,200000
68.5,-0.00432246,110531,3.58259e-05,-0.00484353,999993,0.0508936,725230,0.138468,351784,-0.000270012,11062.5,3.77912e+06,1095.77,99896.3,6.42313,200000
68.6,-0.00432246,110531,3.56829e-05,-0.00484353,999993,0.0506905,725230,0.138202,351784,-0.000320745,11043.8,3.77305e+06,1088.12,99200.6,6.42313,200000
68.7,-0.00432246,110531,3.55405e-05,-0.00484353,999993,0.0504881,725230,0.137935,351784,-0.000378462,11025.1,3.76701e+06,1080.53,98509.7,6.42313,200000
68.8,-0.00432246,110531,3.53986e-05,-0.00484353,999993,0.0502865,725230,0.137669,351784,-0.000443781,11006.6,3.76098e+06,1072.99,97823.7,6.42313,200000
68.9,-0.00432246,110531,3.52573e-05,-0.00484353,999993,0.0500858,725230,0.137404,351784,-0.000517351,10988.1,3.75496e+06,1065.51,97142.4,6.42313,200000
69,-0.00432246,110531,3.51165e-05,-0.00484353,999993,0.0498859,725230,0.137138,351784,-0.000599855,10969.6,3.74897e+06,1058.08,96465.9,6.42313,200000
69.1,-0.00432246,110531,3.49763e-05,-0.00484353,999993,0.0496867,725230,0.136873,351784,-0.000692009,10951.2,3.743e+06,1050.7,95794.1,6.42313,200000
69.2,-0.00432246,110531,3.48367e-05,-0.00484353,999993,0.0494884,725230,0.136607,351784,-0.000794565,10932.9,3.73704e+06,1043.37,95126.9,6.42313,200000
69.3,-0.00432246,110531,3.46976e-05,-0.00484353,999993,0.0492908,725230,0.136342,351784,-0.000908309,10914.6,3.7311e+06,1036.09,94464.5,6.42313,200000
69.4,-0.00432246,110531,3.45591e-05,-0.00484353,999993,0.049094,725230,0.136078,351784,-0.00103406,10896.4,3.72518e+06,1028.86,93806.6,6.42313,200000
69.5,-0.00432246,110531,3.44212e-05,-0.00484353,999993,0.0488981,725230,0.135813,351784,-0.00117269,10878.3,3.71928e+06,1021.69,93153.3,6.42313,200000
69.6,-0.00432246,110531,3.42838e-05,-0.00484353,999993,0.0487029,725230,0.135549,351784,-0.00128844,10860.2,3.7134e+06,1014.56,92504.6,6.42313,200000
69.7,-0.00432246,110531,3.41469e-05,-0.00484353,999993,0.0485084,725230,0.135285,351784,-0.00138745,10842.2,3.70753e+06,1007.48,91860.5,6.42313,200000
69.8,-0.00432246,110531,3.40106e-05,-0.00484353,999993,0.0483148,725230,0.135021,351784,-0.00148746,10824.2,3.70169e+06,1000.45,91220.8,6.42313,200000
69.9,-0.00432246,110531,3.38748e-05,-0.00484353,999993,0.0481219,725230,0.134757,351784,-0.00158787,10806.3,3.69586e+06,993.475,90585.5,6.42313,200000
70,-0.00432246,110531,3.37396e-05,-0.00484353,999993,0.0479298,725230,0.134494,351784,-0.00168801,10788.5,3.69005e+06,986.545,89954.7,6.42313,200000
