Time,V,Ap,ApM,I,ThN,ThE,TkN,TkE,B,Ps,Pl,Bm,IgM,IgG,C,NK
0,61,1e+06,0,0,1e+06,0,500000,0,250000,0,0,0,0,0,0,130000
0.1,73.0107,1.01929e+06,0.129662,0.00180743,999996,3.85415,618183,0.490802,251927,0.00889068,0.159131,0.0321049,2.60242e-05,3.98947e-06,5.66106,130109
0.2,87.3821,1.02974e+06,0.268575,0.00485118,999984,15.7717,682204,2.23768,253299,0.0339467,1.29118,0.262737,0.000200798,6.43273e-05,5.80893,130558
0.3,104.576,1.03516e+06,0.41298,0.00901813,999964,36.122,715409,5.50785,254288,0.0727337,4.40224,0.903393,0.000652908,0.000327523,5.98205,131476
0.4,125.145,1.03792e+06,0.558346,0.0146328,999934,65.0192,732355,10.452,255012,0.122739,10.5011,2.17321,0.00148846,0.00104054,6.18204,133003
0.5,149.749,1.03932e+06,0.699494,0.0217972,999896,102.286,740895,17.1519,255559,0.181309,20.5613,4.29114,0.00279074,0.00254637,6.41056,135291
0.6,179.17,1.04001e+06,0.830935,0.0305322,999850,147.427,745160,25.6362,255989,0.24563,35.4841,7.46812,0.00461907,0.00527832,6.66883,138488
0.7,214.35,1.04035e+06,0.947454,0.0407264,999796,199.621,747224,35.8792,256346,0.312757,56.0568,11.8984,0.00700676,0.00975349,6.95737,142720
0.8,256.409,1.04051e+06,1.04492,0.0521489,999736,257.767,748179,47.8053,256665,0.379752,82.9191,17.7517,0.00996128,0.0165566,7.27605,148073
0.9,306.688,1.04058e+06,1.12112,0.0645052,999670,320.59,748627,61.2917,256970,0.443899,116.54,25.1674,0.0134657,0.0263218,7.62439,154585
1,366.784,1.04061e+06,1.17603,0.0775493,999600,386.751,748835,76.1843,257283,0.502919,157.213,34.2524,0.0174813,0.0397183,8.00204,162249
1.1,438.599,1.04063e+06,1.21191,0.0911353,999528,454.986,748909,92.3227,257622,0.555189,205.061,45.0809,0.0219524,0.057432,8.40943,171027
1.2,524.403,1.04063e+06,1.23289,0.105342,999454,524.24,748936,109.563,258005,0.599904,260.059,57.6983,0.0268132,0.0801483,8.84849,180874
1.3,626.902,1.04063e+06,1.24373,0.120262,999379,593.745,748931,127.81,258449,0.637074,322.078,72.1277,0.0319947,0.108539,9.3224,191761
1.4,749.322,1.04063e+06,1.24917,0.136363,999304,663.039,748931,147.02,258973,0.667381,390.922,88.3789,0.0374316,0.143255,9.83575,203695
1.5,895.499,1.04063e+06,1.25165,0.154252,999228,731.88,748926,167.215,259597,0.691868,466.377,106.455,0.0430669,0.184921,10.3944,216761
1.6,1070,1.04063e+06,1.25284,0.173847,999153,800.16,748922,188.449,260343,0.711641,548.229,126.36,0.0488536,0.234137,11.0044,231059
1.7,1278.27,1.04063e+06,1.25348,0.195272,999077,867.835,748921,210.804,261240,0.727722,636.286,148.097,0.0547545,0.291477,11.6702,246685
1.8,1526.76,1.04063e+06,1.254,0.219354,999001,934.891,748921,234.375,262319,0.74099,730.385,171.679,0.0607408,0.357495,12.398,263769
1.9,1823.14,1.04063e+06,1.25412,0.245059,998925,1001.32,748921,259.267,263619,0.752165,830.399,197.119,0.0667907,0.432726,13.1914,282400
2,2176.53,1.04063e+06,1.25476,0.275228,998850,1067.13,748921,285.594,265188,0.761879,936.245,224.444,0.0728888,0.517689,14.0599,302794
2.1,2597.71,1.04063e+06,1.25467,0.307064,998774,1132.31,748921,313.487,267081,0.770632,1047.9,253.688,0.079024,0.612897,15.0088,325085
2.2,3099.53,1.04062e+06,1.25475,0.342697,998698,1196.87,748921,343.071,269370,0.778843,1165.39,284.897,0.0851897,0.718858,16.0429,349375
2.3,3697.18,1.04062e+06,1.25501,0.382161,998622,1260.8,748921,374.488,272142,0.786946,1288.83,318.137,0.0913829,0.836083,17.1699,375847
2.4,4408.63,1.04062e+06,1.25549,0.425451,998547,1324.14,748921,407.885,275506,0.79534,1418.44,353.492,0.097604,0.965097,18.3971,404665
2.5,5255.15,1.04062e+06,1.25468,0.473063,998471,1386.79,748921,443.394,279600,0.804217,1554.55,391.072,0.103856,1.10645,19.7311,436028
2.6,6261.85,1.04062e+06,1.25496,0.526751,998395,1448.9,748921,481.2,284596,0.814308,1697.64,431.021,0.110147,1.26072,21.1785,470017
2.7,7458.4,1.04062e+06,1.25518,0.585561,998319,1510.41,748921,521.437,290720,0.825873,1848.41,473.53,0.116487,1.42855,22.7469,506856
2.8,8879.77,1.04062e+06,1.25572,0.650137,998244,1571.32,748921,564.255,298265,0.839427,2007.82,518.844,0.122892,1.61066,24.4446,546724
2.9,10567.1,1.04062e+06,1.25549,0.722547,998168,1631.65,748921,609.802,307616,0.855646,2177.14,567.286,0.129381,1.80786,26.2778,589791
3,12568.9,1.04062e+06,1.25496,0.803154,998092,1691.38,748921,658.197,319295,0.875248,2358.12,619.281,0.135978,2.02112,28.2551,636245
3.1,14942,1.04062e+06,1.25498,0.891952,998016,1750.53,748921,709.551,334016,0.899276,2553.16,675.393,0.142719,2.25161,30.3841,686254
3.2,17753.1,1.04062e+06,1.25429,0.990932,997941,1809.08,748921,763.946,352782,0.929099,2765.51,736.385,0.149644,2.50077,32.6704,739969
3.3,21080.3,1.04062e+06,1.25465,1.10106,997865,1867.05,748921,821.418,377036,0.966577,2999.7,803.298,0.156812,2.77038,35.1212,797515
3.4,25015.1,1.04061e+06,1.25464,1.22339,997789,1924.46,748921,881.966,408919,1.0144,3262.17,877.591,0.164296,3.06281,37.7399,859020
3.5,29664,1.04061e+06,1.25442,1.36029,997714,1981.28,748921,945.494,451706,1.07636,3562.18,961.346,0.172202,3.38112,40.5306,924556
3.6,35151.1,1.04061e+06,1.25419,1.51308,997638,2037.54,748921,1011.84,510608,1.15826,3913.55,1057.63,0.180671,3.72954,43.4947,994164
3.7,41620.7,1.04061e+06,1.25323,1.68435,997563,2093.24,748921,1080.7,594284,1.26911,4337.6,1171.14,0.189908,4.11395,46.632,1.06784e+06
3.8,49240.2,1.04061e+06,1.25272,1.87572,997487,2148.36,748921,1151.65,717920,1.42375,4868.69,1309.37,0.200219,4.54294,49.9391,1.14549e+06
3.9,58202.3,1.04061e+06,1.25207,2.09031,997411,2202.92,748921,1224.1,909523,1.6477,5564.79,1484.82,0.212077,5.02949,53.4091,1.22696e+06
4,68728.8,1.0406e+06,1.2515,2.33073,997336,2256.9,748921,1297.23,1.22473e+06,1.98782,6530.13,1719.84,0.226254,5.59435,57.031,1.31198e+06
4.1,81072.4,1.0406e+06,1.25026,2.60074,997261,2310.33,748921,1370.02,1.78231e+06,2.53594,7965.29,2057.04,0.244093,6.27262,60.7887,1.4002e+06
4.2,95517.5,1.0406e+06,1.24956,2.90344,997185,2363.17,748921,1441.16,2.86227e+06,3.48939,10292.5,2585.41,0.268111,7.12862,64.6623,1.4911e+06
4.3,112376,1.04059e+06,1.24867,3.24268,997110,2415.44,748921,1509.06,5.20155e+06,5.31821,14500.8,3511.93,0.303522,8.29225,68.6236,1.58406e+06
4.4,131965,1.04059e+06,1.24676,3.62172,997035,2467.11,748921,1571.86,1.09975e+07,9.28208,23198.3,5378.9,0.36236,10.0568,72.6378,1.67825e+06
4.5,154544,1.04059e+06,1.24574,4.04161,996960,2518.21,748921,1627.48,2.7901e+07,19.282,44385.9,9840.32,0.476609,13.1874,76.6627,1.77265e+06
4.6,180071,1.04058e+06,1.24416,4.49679,996885,2568.72,748921,1673.73,8.76128e+07,49.6865,107265,22903,0.746737,20.0544,80.639,1.8659e+06
4.7,207235,1.04058e+06,1.24194,4.95569,996810,2618.63,748921,1708.79,3.48893e+08,164.616,341550,71138.4,1.55673,39.6306,84.4746,1.95577e+06
4.8,228856,1.04057e+06,1.24114,5.26913,996735,2667.96,748921,1733,1.74554e+09,709.553,1.44743e+06,297532,4.71853,114.108,87.9613,2.03722e+06
4.9,210184,1.04058e+06,1.24202,4.74243,996660,2716.78,748921,1756.93,9.27455e+09,3665.6,7.48872e+06,1.53102e+06,20.2481,477.993,90.3841,2.09279e+06
5,76863,1.04061e+06,1.25077,1.81116,996585,2765.41,748921,1826.01,2.54752e+10,14853.1,3.12684e+07,6.40274e+06,93.0951,2214.35,89.2369,2.06191e+06
5.1,1068.41,1.04063e+06,1.25455,0.0291538,996510,2814.06,748921,1967.41,2.21891e+10,28263.6,6.46658e+07,1.3379e+07,284.033,7032.64,82.7216,1.90659e+06
5.2,0.0241437,1.04063e+06,1.24986,7.91727e-07,996434,2862.15,748921,2110.67,1.55072e+10,34325,8.84237e+07,1.85653e+07,558.144,14694.6,75.5287,1.73814e+06
5.3,-0.00273325,1.04063e+06,1.24487,-1.57444e-05,996359,2909.46,748921,2240.28,1.0824e+10,35293.7,1.03827e+08,2.21524e+07,858.765,24229.8,69.0071,1.58547e+06
5.4,-0.00583302,1.04063e+06,1.2399,-0.000665613,996284,2956.02,748921,2357.47,7.55536e+09,33436.7,1.13338e+08,2.45948e+07,1152.18,34923.1,63.1042,1.4473e+06
5.5,-0.00579989,1.04063e+06,1.23495,-0.000658563,996210,3001.82,748921,2463.47,5.27379e+09,30176.6,1.18716e+08,2.62221e+07,1420.56,46271.1,57.7613,1.32225e+06
5.6,-0.00578606,1.04063e+06,1.23002,-0.00065531,996136,3046.88,748921,2559.38,3.68156e+09,26375.6,1.21206e+08,2.72711e+07,1656,57923.6,52.9251,1.20907e+06
5.7,-0.0057829,1.04063e+06,1.22511,-0.000654632,996062,3091.21,748921,2646.17,2.5691e+09,22543.4,1.21697e+08,2.79121e+07,1856.35,69635.5,48.5476,1.10663e+06
5.8,-0.00577793,1.04063e+06,1.22022,-0.000653535,995988,3134.82,748921,2724.75,1.79208e+09,18951.2,1.20814e+08,2.82655e+07,2022.92,81241,44.5852,1.01392e+06
5.9,-0.00577802,1.04063e+06,1.21535,-0.00065355,995915,3177.7,748921,2795.91,1.25058e+09,15725.6,1.18993e+08,2.84162e+07,2158.81,92628.7,40.9986,930005
6,-0.00577837,1.04063e+06,1.21049,-0.000653628,995842,3219.88,748921,2860.37,8.7272e+08,12918.8,1.16552e+08,2.84261e+07,2267.59,103723,37.7521,854059
6.1,-0.00577824,1.04063e+06,1.20566,-0.0006536,995769,3261.36,748921,2918.8,6.08969e+08,10528.2,1.13712e+08,2.83385e+07,2353.1,114474,34.8133,785323
6.2,-0.00577821,1.04063e+06,1.20085,-0.000653594,995697,3302.15,748921,2971.77,4.24957e+08,8523.9,1.10628e+08,2.81841e+07,2419,124855,32.1531,723112
6.3,-0.00577823,1.04063e+06,1.19605,-0.000653599,995625,3342.24,748921,3019.82,2.96566e+08,6863.94,1.07408e+08,2.79844e+07,2468.58,134848,29.7451,666806
6.4,-0.00577823,1.04063e+06,1.19128,-0.000653598,995553,3381.67,748921,3063.43,2.06981e+08,5502.4,1.04127e+08,2.77548e+07,2504.76,144447,27.5653,615846
6.5,-0.00577823,1.04063e+06,1.18652,-0.000653598,995482,3420.42,748922,3103.03,1.44479e+08,4394.23,1.00839e+08,2.75058e+07,2530.02,153652,25.592,569724
6.6,-0.00577823,1.04063e+06,1.18179,-0.000653598,995410,3458.51,748922,3139,1.00872e+08,3497.98,9.75781e+07,2.72452e+07,2546.44,162466,23.8056,527980
6.7,-0.00577823,1.04063e+06,1.17707,-0.000653598,995340,3495.95,748922,3171.7,7.0447e+07,2776.9,9.43692e+07,2.6978e+07,2555.76,170896,22.1884,490199
6.8,-0.00577823,1.04063e+06,1.17237,-0.000653598,995269,3532.74,748922,3201.44,4.9221e+07,2199.29,9.12281e+07,2.6708e+07,2559.41,178950,20.7244,456004
6.9,-0.00577823,1.04063e+06,1.16769,-0.000653598,995199,3568.89,748922,3228.51,3.44132e+07,1738.31,8.8165e+07,2.64377e+07,2558.55,186639,19.3989,425056
7,-0.00577823,1.04063e+06,1.16303,-0.000653598,995129,3604.41,748922,3253.17,2.4083e+07,1371.56,8.51861e+07,2.61688e+07,2554.12,193974,18.1989,397046
7.1,-0.00577823,1.04063e+06,1.15839,-0.000653598,995059,3639.3,748922,3275.64,1.68764e+07,1080.56,8.22947e+07,2.59025e+07,2546.88,200965,17.1124,371695
7.2,-0.00577823,1.04063e+06,1.15376,-0.000653598,994989,3673.58,748922,3296.13,1.18489e+07,850.187,7.94922e+07,2.56395e+07,2537.44,207623,16.1287,348750
7.3,-0.00577823,1.04063e+06,1.14916,-0.000653598,994920,3707.24,748922,3314.84,8.34196e+06,668.181,7.67786e+07,2.53804e+07,2526.29,213960,15.238,327984
7.4,-0.00577823,1.04063e+06,1.14457,-0.000653598,994851,3740.3,748922,3331.92,5.89566e+06,524.631,7.41532e+07,2.51256e+07,2513.82,219987,14.4314,309189
7.5,-0.00577823,1.04063e+06,1.14,-0.000653598,994783,3772.77,748922,3347.55,4.18923e+06,411.583,7.16143e+07,2.4875e+07,2500.32,225714,13.7011,292178
7.6,-0.00577823,1.04063e+06,1.13545,-0.000653598,994714,3804.64,748922,3361.85,2.99889e+06,322.67,6.91602e+07,2.46289e+07,2486.05,231153,13.0397,276782
7.7,-0.00577823,1.04063e+06,1.13092,-0.000653598,994646,3835.94,748922,3374.94,2.1686e+06,252.82,6.67886e+07,2.43873e+07,2471.19,236314,12.4407,262848
7.8,-0.00577823,1.04063e+06,1.1264,-0.000653598,994578,3866.65,748922,3386.95,1.58948e+06,198.001,6.44972e+07,2.41501e+07,2455.89,241206,11.8982,250236
7.9,-0.00577823,1.04063e+06,1.12191,-0.000653598,994511,3896.8,748922,3397.97,1.18554e+06,155.016,6.22838e+07,2.39172e+07,2440.29,245840,11.4068,238822
8,-0.00577823,1.04063e+06,1.11743,-0.000653598,994444,3926.38,748923,3408.09,903792,121.337,6.01459e+07,2.36887e+07,2424.45,250224,10.9617,228491
8.1,-0.00577823,1.04063e+06,1.11297,-0.000653598,994377,3955.41,748923,3417.39,707271,94.9664,5.8081e+07,2.34644e+07,2408.48,254369,10.5585,219141
8.2,-0.00577823,1.04063e+06,1.10852,-0.000653598,994310,3983.89,748923,3425.96,570207,74.3309,5.60868e+07,2.32443e+07,2392.41,258282,10.1931,210679
8.3,-0.00577823,1.04063e+06,1.1041,-0.000653598,994244,4011.82,748923,3433.85,474611,58.1917,5.41609e+07,2.30281e+07,2376.29,261973,9.86213,203020
8.4,-0.00577824,1.04063e+06,1.09969,-0.000653598,994178,4039.22,748923,3441.13,407934,45.5749,5.23012e+07,2.28159e+07,2360.16,265449,9.56218,196088
8.5,-0.00577824,1.04063e+06,1.0953,-0.000653599,994112,4066.09,748923,3447.85,361401,35.7146,5.05052e+07,2.26076e+07,2344.05,268719,9.29034,189814
8.6,-0.00577824,1.04063e+06,1.09093,-0.000653599,994046,4092.43,748923,3454.06,328938,28.0118,4.8771e+07,2.24029e+07,2327.97,271791,9.04394,184136
8.7,-0.00577824,1.04063e+06,1.08657,-0.000653599,993981,4118.25,748923,3459.8,306334,21.9981,4.70963e+07,2.2202e+07,2311.95,274671,8.82057,178997
8.8,-0.00577824,1.04063e+06,1.08223,-0.000653599,993916,4143.56,748923,3465.12,290591,17.3042,4.54791e+07,2.20045e+07,2295.99,277367,8.61804,174345
8.9,-0.00577824,1.04063e+06,1.07791,-0.000653599,993851,4168.37,748923,3470.06,279597,13.6402,4.39176e+07,2.18106e+07,2280.11,279886,8.43437,170135
9,-0.00577824,1.04063e+06,1.07361,-0.000653599,993786,4192.67,748923,3474.63,271914,10.7803,4.24097e+07,2.162e+07,2264.31,282234,8.26778,166325
9.1,-0.00577824,1.04063e+06,1.06933,-0.000653599,993722,4216.48,748923,3478.88,266558,8.54891,4.09537e+07,2.14327e+07,2248.6,284419,8.11664,162877
9.2,-0.00577824,1.04063e+06,1.06506,-0.000653599,993658,4239.8,748923,3482.83,262847,6.80919,3.95477e+07,2.12485e+07,2232.98,286445,7.9795,159756
9.3,-0.00577824,1.04063e+06,1.06081,-0.000653599,993594,4262.64,748923,3486.5,260295,5.4539,3.819e+07,2.10676e+07,2217.45,288320,7.85502,156931
9.4,-0.00577824,1.04063e+06,1.05657,-0.000653599,993531,4285,748923,3489.92,258495,4.39597,3.6879e+07,2.08896e+07,2202.03,290049,7.742,154375
9.5,-0.00577824,1.04063e+06,1.05235,-0.000653599,993468,4306.89,748923,3493.11,257189,3.56838,3.56131e+07,2.07146e+07,2186.7,291637,7.63935,152061
9.6,-0.00577824,1.04063e+06,1.04815,-0.000653599,993405,4328.31,748924,3496.07,256250,2.92141,3.43908e+07,2.05425e+07,2171.48,293090,7.5461,149966
9.7,-0.00577824,1.04063e+06,1.04397,-0.000653599,993342,4349.27,748924,3498.84,255603,2.41695,3.32104e+07,2.03733e+07,2156.35,294413,7.46134,148071
9.8,-0.00577824,1.04063e+06,1.0398,-0.000653599,993279,4369.78,748924,3501.42,255168,2.02404,3.20706e+07,2.02067e+07,2141.33,295612,7.38428,146355
9.9,-0.00577824,1.04063e+06,1.03565,-0.000653599,993217,4389.83,748924,3503.83,254869,1.71771,3.09701e+07,2.00429e+07,2126.41,296691,7.31419,144803
10,-0.00577824,1.04063e+06,1.03151,-0.000653599,993155,4409.45,748924,3506.07,254651,1.47821,2.99073e+07,1.98817e+07,2111.59,297654,7.2504,143398
10.1,-0.00577824,1.04063e+06,1.0274,-0.000653599,993094,4428.62,748924,3508.16,254484,1.29047,2.88811e+07,1.97231e+07,2096.87,298506,7.19233,142126
10.2,-0.00577824,1.04063e+06,1.0233,-0.000653599,993032,4447.36,748924,3510.12,254362,1.1434,2.78902e+07,1.95669e+07,2082.26,299252,7.13941,140975
10.3,-0.00577824,1.04063e+06,1.01921,-0.000653599,992971,4465.67,748924,3511.94,254278,1.0283,2.69334e+07,1.94132e+07,2067.74,299896,7.09118,139933
10.4,-0.00577824,1.04063e+06,1.01514,-0.000653599,992910,4483.56,748924,3513.63,254220,0.938206,2.60094e+07,1.92619e+07,2053.33,300442,7.04718,138990
10.5,-0.00577824,1.04063e+06,1.01109,-0.000653599,992849,4501.03,748924,3515.21,254179,0.867553,2.51172e+07,1.91129e+07,2039.01,300893,7.00702,138136
10.6,-0.00577824,1.04063e+06,1.00705,-0.000653599,992789,4518.09,748924,3516.68,254146,0.811897,2.42557e+07,1.89661e+07,2024.8,301254,6.97032,137364
10.7,-0.00577824,1.04063e+06,1.00303,-0.000653599,992729,4534.74,748924,3518.04,254118,0.767889,2.34238e+07,1.88216e+07,2010.68,301528,6.93677,136665
10.8,-0.00577824,1.04063e+06,0.999029,-0.000653599,992669,4550.98,748924,3519.31,254097,0.73303,2.26205e+07,1.86793e+07,1996.66,301719,6.90607,136032
10.9,-0.00577824,1.04063e+06,0.995041,-0.000653599,992609,4566.83,748924,3520.48,254081,0.705353,2.18449e+07,1.85391e+07,1982.74,301829,6.87794,135460
11,-0.00577824,1.04063e+06,0.991068,-0.000653599,992550,4582.28,748924,3521.55,254069,0.683297,2.10959e+07,1.8401e+07,1968.91,301863,6.85215,134941
11.1,-0.00577824,1.04063e+06,0.987112,-0.000653599,992490,4597.35,748924,3522.55,254064,0.665862,2.03726e+07,1.82649e+07,1955.18,301823,6.82847,134472
11.2,-0.00577824,1.04063e+06,0.983172,-0.000653599,992431,4612.03,748924,3523.46,254061,0.651932,1.96742e+07,1.81308e+07,1941.55,301713,6.8067,134048
11.3,-0.00577824,1.04063e+06,0.979247,-0.000653599,992373,4626.33,748925,3524.29,254055,0.640428,1.89998e+07,1.79987e+07,1928.01,301535,6.78667,133663
11.4,-0.00577824,1.04063e+06,0.975338,-0.000653599,992314,4640.25,748925,3525.05,254048,0.630922,1.83486e+07,1.78684e+07,1914.57,301292,6.7682,133316
11.5,-0.00577824,1.04063e+06,0.971444,-0.000653599,992256,4653.81,748925,3525.73,254037,0.622724,1.77198e+07,1.774e+07,1901.22,300988,6.75116,133001
11.6,-0.00577824,1.04063e+06,0.967566,-0.000653599,992198,4667,748925,3526.34,254025,0.615696,1.71126e+07,1.76134e+07,1887.96,300623,6.7354,132716
11.7,-0.00577824,1.04063e+06,0.963703,-0.000653599,992140,4679.83,748925,3526.88,254014,0.609573,1.65263e+07,1.74886e+07,1874.8,300202,6.72081,132458
11.8,-0.00577825,1.04063e+06,0.959856,-0.000653599,992083,4692.3,748925,3527.36,254005,0.604329,1.59602e+07,1.73656e+07,1861.73,299727,6.70728,132225
11.9,-0.00577825,1.04063e+06,0.956025,-0.000653599,992025,4704.42,748925,3527.78,253999,0.599775,1.54135e+07,1.72443e+07,1848.75,299199,6.69471,132014
12,-0.00577825,1.04063e+06,0.952208,-0.000653599,991968,4716.19,748925,3528.13,253994,0.59578,1.48856e+07,1.71246e+07,1835.85,298621,6.683,131823
12.1,-0.00577825,1.04063e+06,0.948407,-0.000653599,991911,4727.61,748925,3528.42,253991,0.592209,1.43758e+07,1.70066e+07,1823.05,297996,6.67208,131650
12.2,-0.00577825,1.04063e+06,0.944621,-0.000653599,991855,4738.7,748925,3528.65,253986,0.588892,1.38836e+07,1.68902e+07,1810.34,297325,6.66187,131493
12.3,-0.00577825,1.04063e+06,0.94085,-0.000653599,991798,4749.45,748925,3528.82,253981,0.585775,1.34083e+07,1.67753e+07,1797.72,296611,6.65231,131351
12.4,-0.00577825,1.04063e+06,0.937094,-0.000653599,991742,4759.88,748925,3528.94,253975,0.582786,1.29493e+07,1.6662e+07,1785.18,295855,6.64334,131223
12.5,-0.00577825,1.04063e+06,0.933353,-0.000653599,991686,4769.97,748925,3529,253969,0.579932,1.25061e+07,1.65503e+07,1772.74,295059,6.63489,131107
12.6,-0.00577825,1.04063e+06,0.929627,-0.000653599,991631,4779.74,748925,3529.01,253962,0.577109,1.20781e+07,1.64399e+07,1760.38,294226,6.62693,131002
12.7,-0.00577825,1.04063e+06,0.925916,-0.000653599,991575,4789.19,748925,3528.97,253956,0.574378,1.16649e+07,1.63311e+07,1748.1,293356,6.61941,130907
12.8,-0.00577825,1.04063e+06,0.92222,-0.000653599,991520,4798.33,748925,3528.87,253951,0.571785,1.12658e+07,1.62237e+07,1735.91,292452,6.61228,130821
12.9,-0.00577825,1.04063e+06,0.918538,-0.000653599,991465,4807.16,748925,3528.72,253944,0.569168,1.08805e+07,1.61176e+07,1723.81,291516,6.60551,130743
13,-0.00577825,1.04063e+06,0.914871,-0.000653599,991410,4815.67,748926,3528.53,253939,0.566673,1.05084e+07,1.6013e+07,1711.79,290548,6.59907,130672
13.1,-0.00577825,1.04063e+06,0.911219,-0.000653599,991356,4823.89,748926,3528.28,253936,0.564294,1.01491e+07,1.59096e+07,1699.85,289550,6.59293,130609
13.2,-0.00577825,1.04063e+06,0.907582,-0.000653599,991301,4831.81,748926,3527.98,253932,0.561931,9.80214e+06,1.58076e+07,1688,288524,6.58706,130551
13.3,-0.00577825,1.04063e+06,0.903959,-0.000653599,991247,4839.43,748926,3527.64,253930,0.559657,9.46711e+06,1.57069e+07,1676.23,287472,6.58144,130499
13.4,-0.00577825,1.04063e+06,0.90035,-0.000653599,991193,4846.76,748926,3527.25,253928,0.55744,9.1436e+06,1.56075e+07,1664.54,286394,6.57603,130451
13.5,-0.00577825,1.04063e+06,0.896756,-0.000653599,991139,4853.8,748926,3526.81,253926,0.555252,8.83121e+06,1.55093e+07,1652.94,285291,6.57083,130408
13.6,-0.00577825,1.04063e+06,0.893176,-0.000653599,991086,4860.55,748926,3526.33,253924,0.553071,8.52955e+06,1.54123e+07,1641.41,284166,6.56582,130370
13.7,-0.00577825,1.04063e+06,0.88961,-0.000653599,991033,4867.03,748926,3525.8,253922,0.550912,8.23826e+06,1.53165e+07,1629.97,283019,6.56097,130335
13.8,-0.00577825,1.04063e+06,0.886059,-0.000653599,990980,4873.22,748926,3525.23,253920,0.54875,7.95698e+06,1.52219e+07,1618.6,281852,6.55627,130303
13.9,-0.00577825,1.04063e+06,0.882522,-0.000653599,990927,4879.15,748926,3524.61,253918,0.54657,7.68536e+06,1.51284e+07,1607.31,280665,6.55172,130274
14,-0.00577825,1.04063e+06,0.878999,-0.000653599,990874,4884.8,748926,3523.95,253915,0.544388,7.42308e+06,1.50361e+07,1596.11,279460,6.54729,130248
14.1,-0.00577825,1.04063e+06,0.87549,-0.000653599,990822,4890.19,748926,3523.25,253912,0.542204,7.16981e+06,1.49449e+07,1584.98,278238,6.54298,130225
14.2,-0.00577825,1.04063e+06,0.871995,-0.000653599,990770,4895.31,748926,3522.5,253910,0.540025,6.92525e+06,1.48548e+07,1573.93,276999,6.53877,130203
14.3,-0.00577825,1.04063e+06,0.868514,-0.000653599,990718,4900.18,748926,3521.71,253907,0.537846,6.68909e+06,1.47658e+07,1562.95,275745,6.53466,130184
14.4,-0.00577825,1.04063e+06,0.865047,-0.000653599,990666,4904.78,748926,3520.88,253905,0.535684,6.46104e+06,1.46778e+07,1552.05,274477,6.53064,130167
14.5,-0.00577825,1.04063e+06,0.861594,-0.000653599,990615,4909.14,748926,3520,253903,0.53354,6.24083e+06,1.45908e+07,1541.23,273195,6.52671,130151
14.6,-0.00577825,1.04063e+06,0.858154,-0.000653599,990563,4913.24,748926,3519.09,253901,0.531409,6.02819e+06,1.45049e+07,1530.49,271900,6.52284,130136
14.7,-0.00577825,1.04063e+06,0.854728,-0.000653599,990512,4917.1,748926,3518.14,253899,0.52929,5.82285e+06,1.442e+07,1519.82,270594,6.51905,130123
14.8,-0.00577825,1.04063e+06,0.851316,-0.000653599,990461,4920.71,748926,3517.14,253898,0.527187,5.62457e+06,1.4336e+07,1509.22,269277,6.51532,130112
14.9,-0.00577825,1.04063e+06,0.847918,-0.000653599,990411,4924.08,748927,3516.11,253896,0.525094,5.4331e+06,1.4253e+07,1498.7,267949,6.51165,130101
15,-0.00577825,1.04063e+06,0.844533,-0.000653599,990360,4927.22,748927,3515.03,253895,0.523002,5.24821e+06,1.4171e+07,1488.25,266613,6.50803,130092
15.1,-0.00577825,1.04063e+06,0.841161,-0.000653599,990310,4930.12,748927,3513.92,253894,0.520934,5.06967e+06,1.40899e+07,1477.87,265267,6.50446,130083
15.2,-0.00577825,1.04063e+06,0.837804,-0.000653599,990260,4932.79,748927,3512.77,253892,0.518877,4.89726e+06,1.40097e+07,1467.56,263913,6.50094,130075
15.3,-0.00577825,1.04063e+06,0.834459,-0.000653599,990210,4935.23,748927,3511.58,253891,0.516823,4.73078e+06,1.39304e+07,1457.33,262552,6.49746,130068
15.4,-0.00577826,1.04063e+06,0.831128,-0.000653599,990160,4937.45,748927,3510.35,253890,0.514763,4.57001e+06,1.3852e+07,1447.17,261184,6.49402,130061
15.5,-0.00577826,1.04063e+06,0.82781,-0.000653599,990111,4939.45,748927,3509.09,253889,0.512719,4.41477e+06,1.37745e+07,1437.08,259809,6.49061,130056
15.6,-0.00577826,1.04063e+06,0.824505,-0.000653599,990061,4941.22,748927,3507.78,253888,0.510692,4.26486e+06,1.36978e+07,1427.06,258429,6.48724,130050
15.7,-0.00577826,1.04063e+06,0.821214,-0.000653599,990012,4942.78,748927,3506.44,253888,0.508669,4.1201e+06,1.3622e+07,1417.11,257044,6.4839,130046
15.8,-0.00577826,1.04063e+06,0.817936,-0.000653599,989964,4944.13,748927,3505.07,253887,0.506638,3.98031e+06,1.3547e+07,1407.23,255655,6.4806,130041
15.9,-0.00577826,1.04063e+06,0.81467,-0.000653599,989915,4945.27,748927,3503.66,253886,0.504604,3.84533e+06,1.34728e+07,1397.42,254261,6.47731,130037
16,-0.00577826,1.04063e+06,0.811418,-0.000653599,989866,4946.2,748927,3502.21,253885,0.502592,3.71498e+06,1.33994e+07,1387.67,252864,6.47406,130034
16.1,-0.00577826,1.04063e+06,0.808179,-0.000653599,989818,4946.92,748927,3500.72,253885,0.500584,3.5891e+06,1.33268e+07,1378,251464,6.47083,130031
16.2,-0.00577826,1.04063e+06,0.804953,-0.000653599,989770,4947.45,748927,3499.2,253884,0.498577,3.46755e+06,1.3255e+07,1368.39,250062,6.46762,130028
16.3,-0.00577826,1.04063e+06,0.801739,-0.000653599,989722,4947.77,748927,3497.65,253883,0.496568,3.35017e+06,1.31839e+07,1358.85,248657,6.46444,130025
16.4,-0.00577826,1.04063e+06,0.798539,-0.000653599,989675,4947.9,748927,3496.06,253883,0.494572,3.23683e+06,1.31136e+07,1349.38,247251,6.46128,130023
16.5,-0.00577826,1.04063e+06,0.795351,-0.000653599,989627,4947.83,748927,3494.43,253883,0.492583,3.12737e+06,1.30441e+07,1339.97,245843,6.45813,130021
16.6,-0.00577826,1.04063e+06,0.792176,-0.000653599,989580,4947.57,748927,3492.78,253882,0.490602,3.02167e+06,1.29753e+07,1330.62,244435,6.45501,130019
16.7,-0.00577826,1.04063e+06,0.789014,-0.000653599,989533,4947.13,748927,3491.08,253882,0.48863,2.9196e+06,1.29071e+07,1321.35,243026,6.4519,130017
16.8,-0.00577826,1.04063e+06,0.785864,-0.000653599,989486,4946.49,748927,3489.36,253882,0.486666,2.82104e+06,1.28397e+07,1312.13,241616,6.44881,130015
16.9,-0.00577826,1.04063e+06,0.782727,-0.000653599,989439,4945.68,748927,3487.6,253882,0.484711,2.72585e+06,1.2773e+07,1302.98,240207,6.44573,130014
17,-0.00577826,1.04063e+06,0.779602,-0.000653599,989393,4944.68,748928,3485.81,253882,0.482767,2.63394e+06,1.2707e+07,1293.9,238799,6.44267,130013
17.1,-0.00577826,1.04063e+06,0.77649,-0.000653599,989346,4943.51,748928,3483.98,253882,0.480833,2.54518e+06,1.26416e+07,1284.88,237391,6.43963,130011
17.2,-0.00577826,1.04063e+06,0.77339,-0.000653599,989300,4942.16,748928,3482.13,253883,0.47891,2.45946e+06,1.2577e+07,1275.92,235984,6.4366,130010
17.3,-0.00577826,1.04062e+06,0.770303,-0.000653599,989254,4940.63,748928,3480.24,253883,0.476995,2.37669e+06,1.25129e+07,1267.02,234579,6.43358,130009
17.4,-0.00577826,1.04062e+06,0.767228,-0.000653599,989208,4938.94,748928,3478.32,253884,0.475091,2.29677e+06,1.24495e+07,1258.19,233176,6.43058,130009
17.5,-0.00577826,1.04062e+06,0.764165,-0.000653599,989163,4937.08,748928,3476.36,253884,0.473195,2.21958e+06,1.23868e+07,1249.42,231774,6.4276,130008
17.6,-0.00577826,1.04062e+06,0.761114,-0.000653599,989117,4935.05,748928,3474.38,253885,0.471309,2.14505e+06,1.23246e+07,1240.71,230375,6.42462,130007
17.7,-0.00577826,1.04062e+06,0.758076,-0.000653599,989072,4932.85,748928,3472.37,253886,0.46943,2.07307e+06,1.22631e+07,1232.06,228978,6.42166,130006
17.8,-0.00577826,1.04063e+06,0.75505,-0.000653599,989027,4930.5,748928,3470.32,253887,0.467558,2.00356e+06,1.22022e+07,1223.47,227584,6.41871,130006
17.9,-0.00577826,1.04063e+06,0.752036,-0.000653599,988982,4927.98,748928,3468.24,253887,0.465692,1.93643e+06,1.21419e+07,1214.93,226192,6.41578,130005
18,-0.00577826,1.04063e+06,0.749033,-0.000653599,988938,4925.31,748928,3466.14,253888,0.463839,1.87162e+06,1.20822e+07,1206.46,224804,6.41285,130005
18.1,-0.00577826,1.04063e+06,0.746043,-0.000653599,988893,4922.49,748928,3464,253889,0.461993,1.80904e+06,1.2023e+07,1198.05,223419,6.40994,130004
18.2,-0.00577826,1.04064e+06,0.743065,-0.000653599,988849,4919.51,748928,3461.83,253890,0.460155,1.7486e+06,1.19645e+07,1189.7,222038,6.40704,130004
18.3,-0.00577826,1.04064e+06,0.740099,-0.000653599,988805,4916.38,748928,3459.64,253892,0.458323,1.69023e+06,1.19065e+07,1181.4,220661,6.40415,130004
18.4,-0.00577826,1.04064e+06,0.737144,-0.000653599,988761,4913.1,748928,3457.41,253893,0.456497,1.63387e+06,1.1849e+07,1173.17,219287,6.40127,130003
18.5,-0.00577826,1.04065e+06,0.734202,-0.000653599,988717,4909.68,748928,3455.16,253894,0.454676,1.57943e+06,1.17921e+07,1164.99,217917,6.3984,130003
18.6,-0.00577826,1.04065e+06,0.731271,-0.000653599,988674,4906.11,748929,3452.88,253895,0.45286,1.52685e+06,1.17357e+07,1156.87,216552,6.39555,130003
18.7,-0.00577826,1.04066e+06,0.728351,-0.000653599,988630,4902.41,748929,3450.56,253897,0.451054,1.4761e+06,1.16799e+07,1148.8,215191,6.3927,130003
18.8,-0.00577826,1.04066e+06,0.725444,-0.000653599,988587,4898.56,748929,3448.22,253898,0.449254,1.42708e+06,1.16246e+07,1140.79,213834,6.38986,130002
18.9,-0.00577826,1.04066e+06,0.722548,-0.000653599,988544,4894.57,748929,3445.86,253900,0.447461,1.37975e+06,1.15698e+07,1132.84,212482,6.38704,130002
19,-0.00577826,1.04066e+06,0.719663,-0.000653599,988501,4890.45,748929,3443.46,253901,0.445675,1.33404e+06,1.15155e+07,1124.94,211135,6.38422,130002
19.1,-0.00577826,1.04066e+06,0.71679,-0.000653599,988458,4886.2,748929,3441.04,253903,0.443895,1.28989e+06,1.14617e+07,1117.09,209793,6.38142,130002
19.2,-0.00577826,1.04065e+06,0.713929,-0.000653599,988416,4881.81,748929,3438.59,253905,0.442123,1.24724e+06,1.14085e+07,1109.31,208456,6.37862,130002
19.3,-0.00577826,1.04065e+06,0.711079,-0.000653599,988373,4877.3,748929,3436.11,253906,0.440358,1.20605e+06,1.13557e+07,1101.57,207124,6.37583,130002
19.4,-0.00577826,1.04064e+06,0.70824,-0.000653599,988331,4872.65,748929,3433.61,253908,0.438599,1.16628e+06,1.13033e+07,1093.89,205797,6.37306,130002
19.5,-0.00577826,1.04064e+06,0.705413,-0.000653599,988289,4867.88,748929,3431.08,253910,0.436846,1.12788e+06,1.12515e+07,1086.26,204476,6.37029,130001
19.6,-0.00577826,1.04063e+06,0.702597,-0.000653599,988247,4862.99,748929,3428.52,253912,0.435101,1.09079e+06,1.12001e+07,1078.69,203160,6.36753,130001
19.7,-0.00577826,1.04062e+06,0.699792,-0.000653599,988206,4857.98,748929,3425.94,253914,0.433363,1.05497e+06,1.11492e+07,1071.17,201850,6.36478,130001
19.8,-0.00577827,1.04061e+06,0.696999,-0.000653599,988164,4852.84,748929,3423.33,253916,0.431634,1.02037e+06,1.10988e+07,1063.7,200545,6.36204,130001
19.9,-0.00577827,1.0406e+06,0.694216,-0.000653599,988123,4847.59,748928,3420.7,253918,0.429912,986949,1.10488e+07,1056.29,199246,6.35931,130001
20,-0.00577827,1.04059e+06,0.691445,-0.000653599,988082,4842.22,748928,3418.04,253920,0.428199,954670,1.09992e+07,1048.92,197953,6.35659,130001
20.1,-0.00577827,1.04058e+06,0.688685,-0.000653599,988041,4836.73,748928,3415.36,253922,0.426493,923498,1.09501e+07,1041.61,196666,6.35388,130001
20.2,-0.00577827,1.04057e+06,0.685935,-0.000653599,988000,4831.14,748928,3412.65,253924,0.424793,893395,1.09015e+07,1034.35,195384,6.35118,130001
20.3,-0.00577827,1.04057e+06,0.683197,-0.000653599,987959,4825.43,748928,3409.91,253927,0.423101,864320,1.08532e+07,1027.14,194109,6.34849,130001
20.4,-0.00577827,1.04057e+06,0.68047,-0.000653599,987919,4819.61,748928,3407.15,253929,0.421416,836239,1.08054e+07,1019.97,192840,6.3458,130001
20.5,-0.00577827,1.04057e+06,0.677753,-0.000653599,987879,4813.69,748928,3404.37,253931,0.419738,809118,1.0758e+07,1012.86,191577,6.34313,130001
20.6,-0.00577827,1.04057e+06,0.675048,-0.000653599,987838,4807.65,748928,3401.57,253934,0.418067,782922,1.07109e+07,1005.8,190320,6.34046,130001
20.7,-0.00577827,1.04059e+06,0.672353,-0.000653599,987798,4801.52,748929,3398.74,253936,0.416404,757620,1.06643e+07,998.789,189069,6.3378,130000
20.8,-0.00577827,1.0406e+06,0.669669,-0.0006536,987759,4795.28,748929,3395.88,253939,0.414747,733183,1.06181e+07,991.825,187824,6.33516,130000
20.9,-0.00577827,1.04061e+06,0.666996,-0.0006536,987719,4788.94,748929,3393,253941,0.413098,709583,1.05723e+07,984.91,186586,6.33252,130000
21,-0.00577827,1.04063e+06,0.664333,-0.0006536,987679,4782.5,748929,3390.1,253944,0.411455,686789,1.05269e+07,978.044,185354,6.32989,130000
21.1,-0.00577827,1.04065e+06,0.661681,-0.0006536,987640,4775.97,748929,3387.18,253947,0.409819,664774,1.04819e+07,971.225,184128,6.32727,130000
21.2,-0.00577827,1.04067e+06,0.65904,-0.0006536,987601,4769.34,748930,3384.24,253949,0.408189,643511,1.04373e+07,964.453,182909,6.32466,130000
21.3,-0.00577827,1.04069e+06,0.656409,-0.0006536,987562,4762.61,748930,3381.27,253952,0.406565,622974,1.0393e+07,957.729,181696,6.32205,130000
21.4,-0.00577827,1.04071e+06,0.653788,-0.0006536,987523,4755.79,748930,3378.28,253955,0.404946,603136,1.03491e+07,951.052,180490,6.31946,130000
21.5,-0.00577827,1.04073e+06,0.651178,-0.0006536,987484,4748.88,748931,3375.26,253958,0.403334,583977,1.03055e+07,944.422,179290,6.31687,130000
21.6,-0.00577827,1.04075e+06,0.648579,-0.0006536,987446,4741.88,748931,3372.23,253960,0.401729,565474,1.02624e+07,937.837,178096,6.3143,130000
21.7,-0.00577827,1.04077e+06,0.64599,-0.0006536,987407,4734.79,748931,3369.17,253963,0.40013,547603,1.02195e+07,931.299,176910,6.31173,130000
21.8,-0.00577827,1.04078e+06,0.643411,-0.0006536,987369,4727.61,748931,3366.1,253966,0.398537,530341,1.01771e+07,924.806,175729,6.30917,130000
21.9,-0.00577827,1.04078e+06,0.640842,-0.0006536,987331,4720.35,748931,3363,253969,0.396951,513669,1.0135e+07,918.358,174555,6.30662,130000
22,-0.00577827,1.04077e+06,0.638284,-0.0006536,987293,4713.01,748931,3359.88,253972,0.39537,497564,1.00932e+07,911.956,173388,6.30408,130000
22.1,-0.00577827,1.04074e+06,0.635736,-0.0006536,987255,4705.58,748931,3356.74,253975,0.393795,482006,1.00518e+07,905.598,172227,6.30154,130000
22.2,-0.00577827,1.04071e+06,0.633198,-0.0006536,987218,4698.07,748931,3353.58,253978,0.392227,466978,1.00107e+07,899.284,171073,6.29902,130000
22.3,-0.00577827,1.04068e+06,0.630671,-0.0006536,987180,4690.48,748931,3350.4,253981,0.390664,452466,9.96989e+06,893.014,169926,6.2965,130000
22.4,-0.00577827,1.04065e+06,0.628153,-0.0006536,987143,4682.81,748930,3347.19,253985,0.389108,438448,9.92945e+06,886.788,168785,6.29399,130000
22.5,-0.00577827,1.04061e+06,0.625645,-0.0006536,987106,4675.07,748930,3343.97,253988,0.387558,424908,9.88933e+06,880.606,167650,6.29149,130000
22.6,-0.00577827,1.04056e+06,0.623148,-0.0006536,987069,4667.25,748929,3340.73,253991,0.386014,411828,9.84954e+06,874.467,166523,6.289,130000
22.7,-0.00577827,1.04051e+06,0.62066,-0.0006536,987032,4659.35,748929,3337.47,253994,0.384476,399192,9.81006e+06,868.37,165401,6.28652,130000
22.8,-0.00577827,1.04046e+06,0.618182,-0.0006536,986995,4651.38,748928,3334.19,253997,0.382946,386984,9.77089e+06,862.316,164287,6.28404,130000
22.9,-0.00577827,1.0404e+06,0.615715,-0.0006536,986959,4643.34,748927,3330.89,254001,0.381422,375190,9.73203e+06,856.304,163179,6.28158,130000
23,-0.00577827,1.04035e+06,0.613257,-0.0006536,986922,4635.23,748927,3327.57,254004,0.379903,363800,9.69348e+06,850.334,162077,6.27912,130000
23.1,-0.00577827,1.04031e+06,0.610809,-0.0006536,986886,4627.06,748927,3324.23,254007,0.378391,352797,9.65522e+06,844.406,160982,6.27667,130000
23.2,-0.00577827,1.04029e+06,0.60837,-0.0006536,986850,4618.81,748926,3320.87,254011,0.376885,342168,9.61727e+06,838.519,159894,6.27422,130000
23.3,-0.00577827,1.04028e+06,0.605942,-0.0006536,986814,4610.49,748926,3317.5,254014,0.375385,331899,9.57961e+06,832.673,158812,6.27179,130000
23.4,-0.00577827,1.04029e+06,0.603523,-0.0006536,986778,4602.12,748926,3314.11,254018,0.373891,321977,9.54224e+06,826.868,157737,6.26936,130000
23.5,-0.00577827,1.04033e+06,0.601113,-0.0006536,986743,4593.67,748927,3310.69,254021,0.372404,312392,9.50516e+06,821.104,156668,6.26695,130000
23.6,-0.00577827,1.0404e+06,0.598714,-0.0006536,986707,4585.17,748927,3307.27,254025,0.370923,303130,9.46836e+06,815.379,155606,6.26454,130000
23.7,-0.00577827,1.04046e+06,0.596324,-0.0006536,986672,4576.6,748928,3303.82,254028,0.369448,294183,9.43184e+06,809.695,154551,6.26213,130000
23.8,-0.00577827,1.04053e+06,0.593943,-0.0006536,986636,4567.97,748929,3300.35,254032,0.367979,285540,9.3956e+06,804.05,153501,6.25974,130000
23.9,-0.00577827,1.04062e+06,0.591572,-0.0006536,986601,4559.28,748930,3296.87,254035,0.366516,277189,9.35964e+06,798.444,152459,6.25735,130000
24,-0.00577827,1.04072e+06,0.589211,-0.0006536,986566,4550.54,748931,3293.37,254039,0.365058,269121,9.32394e+06,792.878,151422,6.25498,130000
24.1,-0.00577827,1.04084e+06,0.586858,-0.0006536,986532,4541.73,748933,3289.85,254043,0.363607,261325,9.28852e+06,787.35,150392,6.25261,130000
24.2,-0.00577827,1.04097e+06,0.584516,-0.0006536,986497,4532.87,748934,3286.32,254046,0.362161,253793,9.25336e+06,781.861,149369,6.25024,130000
24.3,-0.00577827,1.04111e+06,0.582182,-0.0006536,986463,4523.96,748936,3282.77,254050,0.36072,246515,9.21846e+06,776.41,148352,6.24789,130000
24.4,-0.00577827,1.04123e+06,0.579858,-0.0006536,986428,4514.99,748937,3279.2,254054,0.359286,239483,9.18382e+06,770.998,147341,6.24554,130000
24.5,-0.00577827,1.04133e+06,0.577543,-0.0006536,986394,4505.97,748938,3275.62,254058,0.357857,232689,9.14944e+06,765.623,146337,6.24321,130000
24.6,-0.00577827,1.04141e+06,0.575238,-0.0006536,986360,4496.9,748939,3272.02,254061,0.356434,226124,9.11532e+06,760.285,145339,6.24088,130000
24.7,-0.00577827,1.04146e+06,0.572941,-0.0006536,986326,4487.77,748940,3268.41,254065,0.355017,219780,9.08144e+06,754.985,144348,6.23855,130000
24.8,-0.00577827,1.04146e+06,0.570654,-0.0006536,986292,4478.6,748940,3264.78,254069,0.353605,213650,9.04781e+06,749.721,143362,6.23624,130000
24.9,-0.00577827,1.0414e+06,0.568376,-0.0006536,986258,4469.38,748940,3261.13,254073,0.352199,207727,9.01443e+06,744.495,142383,6.23393,130000
25,-0.00577827,1.04126e+06,0.566107,-0.0006536,986225,4460.11,748938,3257.47,254077,0.350797,202002,8.98129e+06,739.304,141410,6.23163,130000
25.1,-0.00577827,1.04114e+06,0.563847,-0.0006536,986191,4450.79,748937,3253.79,254080,0.349402,196471,8.94839e+06,734.15,140444,6.22934,130000
25.2,-0.00577827,1.04104e+06,0.561596,-0.0006536,986158,4441.43,748936,3250.1,254084,0.348012,191126,8.91573e+06,729.032,139484,6.22705,130000
25.3,-0.00577827,1.04091e+06,0.559355,-0.0006536,986125,4432.03,748935,3246.39,254088,0.346627,185960,8.8833e+06,723.95,138529,6.22478,130000
25.4,-0.00577827,1.04078e+06,0.557122,-0.0006536,986092,4422.58,748933,3242.67,254092,0.345248,180968,8.85111e+06,718.903,137581,6.22251,130000
25.5,-0.00577827,1.04064e+06,0.554898,-0.0006536,986059,4413.09,748932,3238.93,254096,0.343875,176144,8.81915e+06,713.891,136639,6.22025,130000
25.6,-0.00577827,1.04051e+06,0.552682,-0.0006536,986026,4403.55,748930,3235.18,254100,0.342507,171480,8.78741e+06,708.914,135704,6.21799,130000
25.7,-0.00577827,1.0404e+06,0.550476,-0.0006536,985994,4393.98,748929,3231.41,254104,0.341145,166973,8.7559e+06,703.972,134774,6.21575,130000
25.8,-0.00577827,1.0403e+06,0.548279,-0.0006536,985961,4384.36,748928,3227.63,254108,0.339788,162616,8.72461e+06,699.065,133850,6.21351,130000
25.9,-0.00577828,1.04021e+06,0.54609,-0.0006536,985929,4374.71,748926,3223.84,254112,0.338436,158406,8.69354e+06,694.191,132932,6.21128,130000
26,-0.00577828,1.04015e+06,0.54391,-0.0006536,985897,4365.02,748926,3220.03,254116,0.33709,154337,8.66269e+06,689.352,132021,6.20905,130000
26.1,-0.00577828,1.04015e+06,0.541739,-0.0006536,985865,4355.29,748925,3216.21,254120,0.335749,150403,8.63206e+06,684.546,131115,6.20684,130000
26.2,-0.00577828,1.04021e+06,0.539576,-0.0006536,985833,4345.53,748926,3212.37,254124,0.334414,146600,8.60164e+06,679.774,130215,6.20463,130000
26.3,-0.00577828,1.04035e+06,0.537422,-0.0006536,985801,4335.73,748927,3208.52,254128,0.333085,142924,8.57143e+06,675.035,129321,6.20242,130000
26.4,-0.00577828,1.04059e+06,0.535277,-0.0006536,985769,4325.9,748930,3204.66,254132,0.33176,139369,8.54143e+06,670.329,128433,6.20023,130000
26.5,-0.00577828,1.04088e+06,0.53314,-0.0006536,985738,4316.03,748933,3200.78,254137,0.330441,135933,8.51163e+06,665.656,127551,6.19804,130000
26.6,-0.00577828,1.04109e+06,0.531011,-0.0006536,985706,4306.13,748935,3196.89,254141,0.329128,132610,8.48204e+06,661.016,126675,6.19586,130000
26.7,-0.00577828,1.04126e+06,0.528892,-0.0006536,985675,4296.2,748937,3192.99,254145,0.327819,129398,8.45266e+06,656.407,125804,6.19369,130000
26.8,-0.00577828,1.04134e+06,0.52678,-0.0006536,985644,4286.24,748938,3189.08,254149,0.326516,126292,8.42347e+06,651.832,124939,6.19152,130000
26.9,-0.00577828,1.04127e+06,0.524677,-0.0006536,985613,4276.24,748938,3185.15,254153,0.325218,123289,8.39449e+06,647.287,124080,6.18937,130000
27,-0.00577828,1.04105e+06,0.522583,-0.0006536,985582,4266.22,748935,3181.21,254157,0.323926,120384,8.3657e+06,642.775,123227,6.18722,130000
27.1,-0.00577828,1.04086e+06,0.520497,-0.0006536,985551,4256.17,748934,3177.26,254162,0.322638,117576,8.3371e+06,638.294,122379,6.18507,130000
27.2,-0.00577828,1.04067e+06,0.518419,-0.0006536,985521,4246.09,748932,3173.3,254166,0.321355,114860,8.3087e+06,633.844,121537,6.18293,130000
27.3,-0.00577828,1.04056e+06,0.516349,-0.0006536,985490,4235.98,748931,3169.32,254170,0.320078,112234,8.28048e+06,629.426,120701,6.1808,130000
27.4,-0.00577828,1.04048e+06,0.514288,-0.0006536,985460,4225.85,748930,3165.34,254174,0.318805,109694,8.25246e+06,625.038,119870,6.17868,130000
27.5,-0.00577828,1.0404e+06,0.512235,-0.0006536,985429,4215.69,748929,3161.34,254179,0.317538,107238,8.22462e+06,620.681,119044,6.17657,130000
27.6,-0.00577828,1.04039e+06,0.51019,-0.0006536,985399,4205.51,748929,3157.33,254183,0.316275,104862,8.19697e+06,616.354,118224,6.17446,130000
27.7,-0.00577828,1.04047e+06,0.508154,-0.0006536,985369,4195.3,748930,3153.31,254187,0.315018,102564,8.1695e+06,612.057,117410,6.17236,130000
27.8,-0.00577828,1.04056e+06,0.506125,-0.0006536,985339,4185.07,748931,3149.28,254191,0.313765,100341,8.14221e+06,607.791,116601,6.17026,130000
27.9,-0.00577828,1.04066e+06,0.504105,-0.0006536,985310,4174.82,748932,3145.23,254196,0.312518,98191,8.11511e+06,603.554,115798,6.16818,130000
28,-0.00577828,1.04073e+06,0.502092,-0.0006536,985280,4164.54,748933,3141.18,254200,0.311276,96110.8,8.08818e+06,599.346,115000,6.1661,130000
28.1,-0.00577828,1.04074e+06,0.500088,-0.0006536,985250,4154.25,748933,3137.11,254204,0.310038,94098.4,8.06142e+06,595.168,114207,6.16402,130000
28.2,-0.00577828,1.04079e+06,0.498091,-0.0006536,985221,4143.93,748933,3133.04,254209,0.308806,92151.3,8.03484e+06,591.019,113420,6.16196,130000
28.3,-0.00577828,1.0408e+06,0.496103,-0.0006536,985192,4133.59,748933,3128.95,254213,0.307578,90267.4,8.00843e+06,586.899,112638,6.1599,130000
28.4,-0.00577828,1.04075e+06,0.494123,-0.0006536,985162,4123.23,748933,3124.85,254217,0.306356,88444.5,7.9822e+06,582.808,111861,6.15784,130000
28.5,-0.00577828,1.04069e+06,0.49215,-0.0006536,985133,4112.86,748933,3120.74,254222,0.305138,86680.4,7.95613e+06,578.745,111089,6.1558,130000
28.6,-0.00577828,1.04062e+06,0.490185,-0.0006536,985104,4102.47,748932,3116.63,254226,0.303925,84973.2,7.93023e+06,574.711,110323,6.15376,130000
28.7,-0.00577828,1.04057e+06,0.488229,-0.0006536,985076,4092.06,748931,3112.5,254231,0.302717,83321,7.9045e+06,570.704,109562,6.15173,130000
28.8,-0.00577828,1.04056e+06,0.48628,-0.0006536,985047,4081.63,748931,3108.36,254235,0.301514,81721.8,7.87893e+06,566.726,108806,6.1497,130000
28.9,-0.00577828,1.04053e+06,0.484338,-0.0006536,985018,4071.19,748931,3104.21,254239,0.300315,80173.9,7.85352e+06,562.775,108055,6.14768,130000
29,-0.00577828,1.04052e+06,0.482405,-0.0006536,984990,4060.73,748931,3100.06,254244,0.299122,78675.5,7.82828e+06,558.852,107309,6.14567,130000
29.1,-0.00577828,1.04054e+06,0.480479,-0.0006536,984961,4050.26,748931,3095.89,254248,0.297933,77224.9,7.80319e+06,554.957,106568,6.14366,130000
29.2,-0.00577828,1.04058e+06,0.478561,-0.0006536,984933,4039.77,748932,3091.71,254253,0.296748,75820.6,7.77826e+06,551.088,105832,6.14167,130000
29.3,-0.00577828,1.04062e+06,0.476651,-0.0006536,984905,4029.27,748932,3087.53,254257,0.295569,74460.8,7.75349e+06,547.246,105102,6.13967,130000
29.4,-0.00577828,1.04066e+06,0.474748,-0.0006536,984877,4018.76,748932,3083.34,254261,0.294394,73144.2,7.72888e+06,543.432,104376,6.13769,130000
29.5,-0.00577828,1.04067e+06,0.472853,-0.0006536,984849,4008.23,748933,3079.13,254266,0.293224,71869.2,7.70442e+06,539.643,103655,6.13571,130000
29.6,-0.00577828,1.04068e+06,0.470965,-0.0006536,984821,3997.69,748933,3074.92,254270,0.292058,70634.5,7.68011e+06,535.882,102939,6.13374,130000
29.7,-0.00577828,1.04069e+06,0.469085,-0.0006536,984794,3987.14,748933,3070.7,254275,0.290897,69438.5,7.65595e+06,532.146,102228,6.13177,130000
29.8,-0.00577828,1.04069e+06,0.467212,-0.0006536,984766,3976.58,748933,3066.47,254279,0.289741,68280.1,7.63194e+06,528.437,101522,6.12981,130000
29.9,-0.00577828,1.04066e+06,0.465347,-0.0006536,984739,3966.01,748933,3062.23,254284,0.28859,67157.9,7.60808e+06,524.753,100820,6.12786,130000
30,-0.00577828,1.04064e+06,0.463489,-0.0006536,984711,3955.43,748932,3057.98,254288,0.287443,66070.8,7.58437e+06,521.095,100124,6.12591,130000
30.1,-0.00577828,1.04061e+06,0.461639,-0.0006536,984684,3944.85,748932,3053.73,254293,0.2863,65017.4,7.5608e+06,517.463,99431.7,6.12398,130000
30.2,-0.00577828,1.0406e+06,0.459796,-0.0006536,984657,3934.25,748932,3049.47,254297,0.285162,63996.7,7.53738e+06,513.856,98744.5,6.12204,130000
30.3,-0.00577828,1.04059e+06,0.457961,-0.0006536,984630,3923.65,748932,3045.2,254301,0.284029,63007.5,7.5141e+06,510.274,98062.1,6.12012,130000
30.4,-0.00577828,1.04059e+06,0.456133,-0.0006536,984603,3913.03,748932,3040.92,254306,0.2829,62048.9,7.49096e+06,506.717,97384.3,6.1182,130000
30.5,-0.00577828,1.04059e+06,0.454312,-0.0006536,984576,3902.41,748932,3036.63,254310,0.281776,61119.6,7.46796e+06,503.184,96711.1,6.11628,130000
30.6,-0.00577828,1.0406e+06,0.452498,-0.0006536,984550,3891.79,748932,3032.34,254315,0.280656,60218.8,7.4451e+06,499.677,96042.5,6.11437,130000
30.7,-0.00577828,1.04062e+06,0.450692,-0.0006536,984523,3881.16,748932,3028.03,254319,0.27954,59345.5,7.42237e+06,496.194,95378.5,6.11247,130000
30.8,-0.00577828,1.04064e+06,0.448893,-0.0006536,984497,3870.52,748933,3023.72,254324,0.278429,58498.8,7.39979e+06,492.735,94719.1,6.11058,130000
30.9,-0.00577828,1.04065e+06,0.447101,-0.0006536,984470,3859.88,748933,3019.41,254328,0.277323,57677.6,7.37734e+06,489.3,94064.2,6.10869,130000
31,-0.00577828,1.04065e+06,0.445316,-0.0006536,984444,3849.23,748933,3015.08,254333,0.27622,56881.3,7.35502e+06,485.889,93413.7,6.10681,130000
31.1,-0.00577828,1.04065e+06,0.443538,-0.0006536,984418,3838.58,748933,3010.75,254337,0.275122,56108.9,7.33284e+06,482.503,92767.7,6.10493,130000
31.2,-0.00577828,1.04065e+06,0.441767,-0.0006536,984392,3827.93,748933,3006.41,254342,0.274029,55359.6,7.31078e+06,479.139,92126.2,6.10306,130000
31.3,-0.00577828,1.04065e+06,0.440004,-0.0006536,984366,3817.27,748933,3002.07,254346,0.27294,54632.7,7.28886e+06,475.799,91489,6.1012,130000
31.4,-0.00577828,1.04063e+06,0.438247,-0.0006536,984340,3806.62,748933,2997.72,254351,0.271855,53927.3,7.26707e+06,472.483,90856.2,6.09934,130000
31.5,-0.00577828,1.04062e+06,0.436498,-0.0006536,984315,3795.95,748933,2993.36,254355,0.270775,53242.8,7.2454e+06,469.189,90227.8,6.09749,130000
31.6,-0.00577828,1.04061e+06,0.434755,-0.0006536,984289,3785.29,748933,2988.99,254360,0.269698,52578.5,7.22387e+06,465.919,89603.7,6.09565,130000
31.7,-0.00577828,1.04062e+06,0.43302,-0.0006536,984264,3774.63,748933,2984.62,254364,0.268627,51933.6,7.20245e+06,462.671,88983.9,6.09381,130000
31.8,-0.00577828,1.0406e+06,0.431291,-0.0006536,984238,3763.96,748932,2980.24,254369,0.267559,51307.6,7.18117e+06,459.446,88368.3,6.09198,130000
31.9,-0.00577828,1.04058e+06,0.42957,-0.0006536,984213,3753.3,748932,2975.86,254373,0.266496,50699.7,7.16e+06,456.243,87757,6.09015,130000
32,-0.00577828,1.04056e+06,0.427855,-0.0006536,984188,3742.63,748932,2971.47,254378,0.265437,50109.4,7.13896e+06,453.063,87149.8,6.08833,130000
32.1,-0.00577828,1.04054e+06,0.426147,-0.0006536,984163,3731.97,748932,2967.07,254382,0.264382,49536,7.11804e+06,449.905,86546.9,6.08652,130000
32.2,-0.00577828,1.04054e+06,0.424445,-0.0006536,984138,3721.3,748932,2962.67,254387,0.263331,48979.1,7.09725e+06,446.769,85948.1,6.08471,130000
32.3,-0.00577828,1.04056e+06,0.422751,-0.0006536,984113,3710.64,748932,2958.26,254391,0.262284,48438,7.07657e+06,443.655,85353.4,6.08291,130000
32.4,-0.00577828,1.04055e+06,0.421063,-0.0006536,984088,3699.98,748932,2953.85,254396,0.261242,47912.2,7.05601e+06,440.562,84762.8,6.08111,130000
32.5,-0.00577828,1.04053e+06,0.419383,-0.0006536,984063,3689.32,748932,2949.43,254400,0.260204,47401.3,7.03556e+06,437.491,84176.3,6.07932,130000
32.6,-0.00577828,1.04051e+06,0.417708,-0.0006536,984039,3678.66,748932,2945,254405,0.259169,46904.6,7.01524e+06,434.442,83593.8,6.07754,130000
32.7,-0.00577828,1.0405e+06,0.416041,-0.0006536,984014,3668.01,748932,2940.57,254410,0.258139,46421.8,6.99503e+06,431.414,83015.3,6.07576,130000
32.8,-0.00577828,1.0405e+06,0.41438,-0.0006536,983990,3657.36,748932,2936.13,254414,0.257114,45952.3,6.97493e+06,428.407,82440.9,6.07399,130000
32.9,-0.00577828,1.04054e+06,0.412726,-0.0006536,983966,3646.71,748932,2931.69,254419,0.256092,45495.7,6.95495e+06,425.42,81870.4,6.07222,130000
33,-0.00577828,1.04054e+06,0.411078,-0.0006536,983941,3636.07,748932,2927.25,254423,0.255074,45051.6,6.93507e+06,422.455,81303.8,6.07046,130000
33.1,-0.00577828,1.04054e+06,0.409437,-0.0006536,983917,3625.43,748932,2922.79,254428,0.25406,44619.5,6.91532e+06,419.51,80741.1,6.06871,130000
33.2,-0.00577828,1.04054e+06,0.407803,-0.0006536,983893,3614.8,748932,2918.34,254432,0.25305,44199.1,6.89567e+06,416.586,80182.3,6.06696,130000
33.3,-0.00577828,1.04055e+06,0.406175,-0.0006536,983870,3604.17,748932,2913.88,254437,0.252045,43790,6.87613e+06,413.683,79627.4,6.06522,130000
33.4,-0.00577828,1.04057e+06,0.404553,-0.0006536,983846,3593.54,748933,2909.41,254441,0.251043,43391.7,6.8567e+06,410.799,79076.3,6.06348,130000
33.5,-0.00577828,1.0406e+06,0.402938,-0.0006536,983822,3582.92,748933,2904.94,254446,0.250045,43004,6.83738e+06,407.936,78529,6.06175,130000
33.6,-0.00577828,1.04061e+06,0.40133,-0.000653601,983799,3572.31,748933,2900.46,254450,0.249051,42626.4,6.81816e+06,405.092,77985.5,6.06002,130000
33.7,-0.00577828,1.04063e+06,0.399728,-0.000653601,983775,3561.71,748933,2895.98,254455,0.248062,42258.6,6.79905e+06,402.269,77445.7,6.0583,130000
33.8,-0.00577828,1.04064e+06,0.398132,-0.000653601,983752,3551.11,748933,2891.5,254459,0.247076,41900.4,6.78005e+06,399.465,76909.7,6.05659,130000
33.9,-0.00577828,1.04065e+06,0.396543,-0.000653601,983728,3540.51,748933,2887.01,254464,0.246094,41551.3,6.76115e+06,396.68,76377.3,6.05488,130000
34,-0.00577828,1.04065e+06,0.39496,-0.000653601,983705,3529.93,748934,2882.52,254468,0.245116,41211.2,6.74235e+06,393.916,75848.7,6.05318,130000
34.1,-0.00577828,1.04065e+06,0.393383,-0.000653601,983682,3519.35,748934,2878.02,254472,0.244141,40879.5,6.72366e+06,391.17,75323.7,6.05148,130000
34.2,-0.00577828,1.04065e+06,0.391813,-0.000653601,983659,3508.78,748934,2873.52,254477,0.243171,40556.2,6.70507e+06,388.443,74802.3,6.04979,130000
34.3,-0.00577828,1.04065e+06,0.390248,-0.000653601,983636,3498.22,748934,2869.01,254481,0.242205,40241,6.68658e+06,385.736,74284.6,6.04811,130000
34.4,-0.00577828,1.04065e+06,0.388691,-0.000653601,983613,3487.67,748934,2864.51,254486,0.241242,39933.4,6.66819e+06,383.047,73770.4,6.04643,130000
34.5,-0.00577828,1.04065e+06,0.387139,-0.000653601,983591,3477.13,748934,2859.99,254490,0.240283,39633.4,6.6499e+06,380.377,73259.8,6.04475,130000
34.6,-0.00577828,1.04064e+06,0.385593,-0.000653601,983568,3466.59,748934,2855.48,254495,0.239328,39340.7,6.6317e+06,377.726,72752.7,6.04308,130000
34.7,-0.00577828,1.04063e+06,0.384054,-0.000653601,983545,3456.06,748934,2850.96,254499,0.238377,39054.9,6.61361e+06,375.093,72249.1,6.04142,130000
34.8,-0.00577828,1.04063e+06,0.382521,-0.000653601,983523,3445.55,748933,2846.43,254504,0.23743,38776,6.59561e+06,372.479,71749,6.03976,130000
34.9,-0.00577828,1.04062e+06,0.380994,-0.000653601,983501,3435.04,748933,2841.91,254508,0.236486,38503.6,6.57771e+06,369.883,71252.3,6.03811,130000
35,-0.00577828,1.04061e+06,0.379473,-0.000653601,983478,3424.55,748933,2837.38,254513,0.235546,38237.6,6.5599e+06,367.305,70759.1,6.03646,130000
35.1,-0.00577828,1.04061e+06,0.377958,-0.000653601,983456,3414.06,748933,2832.84,254517,0.23461,37977.7,6.54219e+06,364.744,70269.3,6.03482,130000
35.2,-0.00577828,1.04061e+06,0.376449,-0.000653601,983434,3403.59,748933,2828.31,254522,0.233677,37723.8,6.52457e+06,362.202,69783,6.03319,130000
35.3,-0.00577828,1.04061e+06,0.374947,-0.000653601,983412,3393.12,748933,2823.77,254526,0.232749,37475.6,6.50705e+06,359.678,69299.9,6.03156,130000
35.4,-0.00577828,1.04061e+06,0.37345,-0.000653601,983390,3382.67,748933,2819.22,254531,0.231823,37233,6.48962e+06,357.171,68820.2,6.02993,130000
35.5,-0.00577828,1.04061e+06,0.371959,-0.000653601,983368,3372.23,748933,2814.68,254535,0.230902,36995.8,6.47228e+06,354.681,68343.9,6.02831,130000
35.6,-0.00577828,1.0406e+06,0.370474,-0.000653601,983347,3361.8,748933,2810.13,254539,0.229984,36763.8,6.45503e+06,352.209,67870.8,6.0267,130000
35.7,-0.00577828,1.0406e+06,0.368995,-0.000653601,983325,3351.39,748933,2805.58,254544,0.22907,36536.8,6.43787e+06,349.754,67401,6.02509,130000
35.8,-0.00577828,1.04059e+06,0.367522,-0.000653601,983304,3340.98,748933,2801.02,254548,0.22816,36314.8,6.4208e+06,347.317,66934.5,6.02349,130000
35.9,-0.00577828,1.04059e+06,0.366055,-0.000653601,983282,3330.59,748933,2796.47,254553,0.227253,36097.4,6.40382e+06,344.896,66471.2,6.02189,130000
36,-0.00577828,1.04058e+06,0.364594,-0.000653601,983261,3320.21,748933,2791.91,254557,0.22635,35884.6,6.38692e+06,342.492,66011.1,6.0203,130000
36.1,-0.00577828,1.04058e+06,0.363138,-0.000653601,983239,3309.84,748933,2787.35,254561,0.22545,35676.3,6.37012e+06,340.105,65554.2,6.01871,130000
36.2,-0.00577828,1.04059e+06,0.361689,-0.000653601,983218,3299.49,748933,2782.78,254566,0.224554,35472.1,6.3534e+06,337.734,65100.5,6.01713,130000
36.3,-0.00577828,1.0406e+06,0.360245,-0.000653601,983197,3289.15,748934,2778.22,254570,0.223661,35272.1,6.33677e+06,335.38,64649.9,6.01555,130000
36.4,-0.00577828,1.0406e+06,0.358807,-0.000653601,983176,3278.82,748934,2773.65,254575,0.222772,35076.2,6.32022e+06,333.043,64202.4,6.01398,130000
36.5,-0.00577828,1.04059e+06,0.357374,-0.000653601,983155,3268.51,748934,2769.08,254579,0.221887,34884.2,6.30376e+06,330.722,63758.1,6.01242,130000
36.6,-0.00577828,1.04059e+06,0.355948,-0.000653601,983134,3258.21,748933,2764.51,254583,0.221005,34696,6.28738e+06,328.417,63316.8,6.01086,130000
36.7,-0.00577829,1.04058e+06,0.354527,-0.000653601,983114,3247.93,748933,2759.93,254588,0.220126,34511.4,6.27109e+06,326.128,62878.6,6.0093,130000
36.8,-0.00577829,1.04058e+06,0.353111,-0.000653601,983093,3237.66,748933,2755.35,254592,0.219252,34330.4,6.25487e+06,323.855,62443.4,6.00775,130000
36.9,-0.00577829,1.04057e+06,0.351702,-0.000653601,983072,3227.4,748933,2750.78,254597,0.21838,34152.7,6.23874e+06,321.597,62011.2,6.00621,130000
37,-0.00577829,1.04058e+06,0.350298,-0.000653601,983052,3217.16,748933,2746.2,254601,0.217512,33978.3,6.2227e+06,319.356,61582,6.00467,130000
37.1,-0.00577829,1.04058e+06,0.348899,-0.000653601,983031,3206.94,748934,2741.61,254605,0.216647,33807.1,6.20673e+06,317.13,61155.9,6.00313,130000
37.2,-0.00577829,1.0406e+06,0.347507,-0.000653601,983011,3196.73,748934,2737.03,254610,0.215786,33638.9,6.19084e+06,314.92,60732.6,6.0016,130000
37.3,-0.00577829,1.04062e+06,0.346119,-0.000653601,982991,3186.53,748934,2732.45,254614,0.214928,33473.7,6.17504e+06,312.725,60312.3,6.00008,130000
37.4,-0.00577829,1.04062e+06,0.344738,-0.000653601,982971,3176.36,748934,2727.86,254618,0.214074,33311.5,6.15931e+06,310.545,59894.9,5.99856,130000
37.5,-0.00577829,1.04062e+06,0.343361,-0.000653601,982951,3166.19,748934,2723.27,254623,0.213223,33152.2,6.14366e+06,308.381,59480.4,5.99704,130000
37.6,-0.00577829,1.04062e+06,0.341991,-0.000653601,982931,3156.04,748934,2718.68,254627,0.212376,32995.6,6.12809e+06,306.232,59068.8,5.99553,130000
37.7,-0.00577829,1.04062e+06,0.340625,-0.000653601,982911,3145.91,748934,2714.09,254631,0.211531,32841.6,6.11259e+06,304.098,58660.1,5.99403,130000
37.8,-0.00577829,1.04062e+06,0.339266,-0.000653601,982891,3135.8,748934,2709.5,254635,0.210691,32690.1,6.09718e+06,301.978,58254.2,5.99253,130000
37.9,-0.00577829,1.04062e+06,0.337911,-0.000653601,982871,3125.7,748934,2704.91,254640,0.209853,32541.2,6.08184e+06,299.873,57851,5.99103,130000
38,-0.00577829,1.04063e+06,0.336562,-0.000653601,982851,3115.62,748934,2700.31,254644,0.209019,32394.6,6.06657e+06,297.783,57450.7,5.98955,130000
38.1,-0.00577829,1.04063e+06,0.335219,-0.000653601,982832,3105.55,748934,2695.72,254648,0.208188,32250.2,6.05138e+06,295.708,57053.2,5.98806,130000
38.2,-0.00577829,1.04064e+06,0.333881,-0.000653601,982812,3095.51,748934,2691.12,254653,0.20736,32108.1,6.03627e+06,293.647,56658.4,5.98658,130000
38.3,-0.00577829,1.04065e+06,0.332548,-0.000653601,982793,3085.48,748934,2686.53,254657,0.206536,31968.2,6.02123e+06,291.601,56266.4,5.98511,130000
38.4,-0.00577829,1.04065e+06,0.33122,-0.000653601,982773,3075.46,748934,2681.93,254661,0.205715,31830.5,6.00626e+06,289.568,55877.1,5.98364,130000
38.5,-0.00577829,1.04066e+06,0.329898,-0.000653601,982754,3065.47,748935,2677.33,254665,0.204897,31694.8,5.99136e+06,287.55,55490.5,5.98217,130000
38.6,-0.00577829,1.04066e+06,0.328581,-0.000653601,982735,3055.49,748935,2672.73,254670,0.204083,31561.1,5.97654e+06,285.546,55106.6,5.98071,130000
38.7,-0.00577829,1.04066e+06,0.327269,-0.000653601,982716,3045.53,748935,2668.13,254674,0.203271,31429.4,5.96179e+06,283.556,54725.3,5.97926,130000
38.8,-0.00577829,1.04066e+06,0.325963,-0.000653601,982697,3035.59,748935,2663.53,254678,0.202463,31299.5,5.94711e+06,281.58,54346.7,5.97781,130000
38.9,-0.00577829,1.04066e+06,0.324662,-0.000653601,982678,3025.66,748935,2658.93,254682,0.201659,31171.4,5.9325e+06,279.617,53970.7,5.97636,130000
39,-0.00577829,1.04066e+06,0.323366,-0.000653601,982659,3015.76,748935,2654.33,254687,0.200857,31045.1,5.91796e+06,277.669,53597.3,5.97492,130000
39.1,-0.00577829,1.04065e+06,0.322075,-0.000653601,982640,3005.87,748935,2649.73,254691,0.200058,30920.5,5.90349e+06,275.734,53226.5,5.97349,130000
39.2,-0.00577829,1.04065e+06,0.320789,-0.000653601,982621,2996,748935,2645.13,254695,0.199263,30797.5,5.8891e+06,273.812,52858.3,5.97206,130000
39.3,-0.00577829,1.04065e+06,0.319508,-0.000653601,982603,2986.15,748935,2640.53,254699,0.198471,30676.2,5.87477e+06,271.904,52492.7,5.97063,130000
39.4,-0.00577829,1.04065e+06,0.318233,-0.000653601,982584,2976.31,748935,2635.93,254703,0.197682,30556.4,5.8605e+06,270.009,52129.6,5.96921,130000
39.5,-0.00577829,1.04064e+06,0.316963,-0.000653601,982566,2966.5,748935,2631.32,254708,0.196896,30438.2,5.84631e+06,268.127,51769,5.96779,130000
39.6,-0.00577829,1.04064e+06,0.315697,-0.000653601,982547,2956.71,748935,2626.72,254712,0.196113,30321.5,5.83218e+06,266.258,51410.9,5.96638,130000
39.7,-0.00577829,1.04064e+06,0.314437,-0.000653601,982529,2946.93,748935,2622.12,254716,0.195334,30206.2,5.81812e+06,264.403,51055.3,5.96497,130000
39.8,-0.00577829,1.04063e+06,0.313182,-0.000653601,982511,2937.17,748935,2617.52,254720,0.194557,30092.3,5.80413e+06,262.56,50702.1,5.96357,130000
39.9,-0.00577829,1.04063e+06,0.311931,-0.000653601,982493,2927.44,748935,2612.92,254724,0.193783,29979.7,5.7902e+06,260.73,50351.5,5.96217,130000
40,-0.00577829,1.04063e+06,0.310686,-0.000653601,982474,2917.72,748935,2608.32,254728,0.193013,29868.5,5.77634e+06,258.913,50003.2,5.96078,130000
40.1,-0.00577829,1.04063e+06,0.309446,-0.000653601,982456,2908.02,748935,2603.72,254733,0.192246,29758.5,5.76254e+06,257.109,49657.4,5.95939,130000
40.2,-0.00577829,1.04062e+06,0.308211,-0.000653601,982438,2898.34,748935,2599.11,254737,0.191481,29649.9,5.74881e+06,255.317,49313.9,5.95801,130000
40.3,-0.00577829,1.04062e+06,0.30698,-0.000653601,982420,2888.68,748935,2594.51,254741,0.19072,29542.4,5.73514e+06,253.538,48972.9,5.95663,130000
40.4,-0.00577829,1.04062e+06,0.305755,-0.000653601,982403,2879.05,748935,2589.91,254745,0.189962,29436.1,5.72154e+06,251.771,48634.2,5.95525,130000
40.5,-0.00577829,1.04062e+06,0.304534,-0.000653601,982385,2869.43,748935,2585.31,254749,0.189207,29331,5.708e+06,250.016,48297.9,5.95388,130000
40.6,-0.00577829,1.04062e+06,0.303319,-0.000653601,982367,2859.83,748935,2580.72,254753,0.188454,29227,5.69452e+06,248.274,47963.9,5.95252,130000
40.7,-0.00577829,1.04062e+06,0.302108,-0.000653601,982350,2850.25,748935,2576.12,254757,0.187705,29124.1,5.6811e+06,246.544,47632.3,5.95116,130000
40.8,-0.00577829,1.04062e+06,0.300902,-0.000653601,982332,2840.69,748935,2571.52,254761,0.186959,29022.3,5.66774e+06,244.825,47302.9,5.9498,130000
40.9,-0.00577829,1.04062e+06,0.2997,-0.000653601,982315,2831.15,748935,2566.92,254765,0.186215,28921.5,5.65445e+06,243.119,46975.8,5.94845,130000
41,-0.00577829,1.04062e+06,0.298504,-0.000653601,982297,2821.64,748935,2562.33,254769,0.185475,28821.7,5.64122e+06,241.425,46651,5.9471,130000
41.1,-0.00577829,1.04062e+06,0.297312,-0.000653601,982280,2812.14,748935,2557.73,254773,0.184738,28722.9,5.62805e+06,239.742,46328.5,5.94576,130000
41.2,-0.00577829,1.04063e+06,0.296126,-0.000653601,982263,2802.66,748935,2553.14,254778,0.184003,28625,5.61494e+06,238.072,46008.1,5.94442,130000
41.3,-0.00577829,1.04063e+06,0.294943,-0.000653601,982246,2793.21,748935,2548.54,254782,0.183271,28528.1,5.60188e+06,236.413,45690.1,5.94309,130000
41.4,-0.00577829,1.04063e+06,0.293766,-0.000653601,982228,2783.77,748935,2543.95,254786,0.182543,28432.2,5.58889e+06,234.765,45374.2,5.94176,130000
41.5,-0.00577829,1.04063e+06,0.292593,-0.000653601,982211,2774.36,748935,2539.36,254790,0.181817,28337.1,5.57596e+06,233.129,45060.5,5.94043,130000
41.6,-0.00577829,1.04064e+06,0.291425,-0.000653601,982194,2764.97,748935,2534.77,254794,0.181094,28242.8,5.56308e+06,231.504,44749,5.93911,130000
41.7,-0.00577829,1.04064e+06,0.290262,-0.000653601,982178,2755.59,748935,2530.18,254798,0.180374,28149.4,5.55027e+06,229.891,44439.7,5.93779,130000
41.8,-0.00577829,1.04064e+06,0.289103,-0.000653601,982161,2746.24,748935,2525.59,254802,0.179657,28056.9,5.53751e+06,228.289,44132.5,5.93648,130000
41.9,-0.00577829,1.04064e+06,0.287949,-0.000653601,982144,2736.91,748935,2521,254806,0.178942,27965.1,5.52481e+06,226.698,43827.4,5.93518,130000
42,-0.00577829,1.04064e+06,0.2868,-0.000653601,982127,2727.6,748935,2516.42,254810,0.178231,27874.1,5.51216e+06,225.118,43524.5,5.93387,130000
42.1,-0.00577829,1.04064e+06,0.285655,-0.000653601,982111,2718.32,748935,2511.84,254814,0.177522,27783.8,5.49958e+06,223.55,43223.6,5.93257,130000
42.2,-0.00577829,1.04064e+06,0.284514,-0.000653601,982094,2709.05,748935,2507.25,254817,0.176816,27694.3,5.48704e+06,221.992,42924.9,5.93128,130000
42.3,-0.00577829,1.04064e+06,0.283379,-0.000653601,982078,2699.81,748935,2502.67,254821,0.176113,27605.6,5.47457e+06,220.445,42628.2,5.92999,130000
42.4,-0.00577829,1.04064e+06,0.282247,-0.000653601,982061,2690.58,748935,2498.09,254825,0.175413,27517.5,5.46215e+06,218.909,42333.6,5.9287,130000
42.5,-0.00577829,1.04064e+06,0.281121,-0.000653601,982045,2681.38,748935,2493.51,254829,0.174715,27430.2,5.44978e+06,217.383,42041.1,5.92742,130000
42.6,-0.00577829,1.04064e+06,0.279998,-0.000653601,982029,2672.2,748935,2488.94,254833,0.17402,27343.5,5.43747e+06,215.868,41750.5,5.92614,130000
42.7,-0.00577829,1.04063e+06,0.278881,-0.000653601,982012,2663.05,748935,2484.36,254837,0.173328,27257.5,5.42522e+06,214.364,41462,5.92487,130000
42.8,-0.00577829,1.04063e+06,0.277767,-0.000653601,981996,2653.91,748935,2479.79,254841,0.172639,27172.1,5.41302e+06,212.87,41175.5,5.9236,130000
42.9,-0.00577829,1.04063e+06,0.276658,-0.000653601,981980,2644.8,748935,2475.22,254845,0.171953,27087.4,5.40087e+06,211.387,40891,5.92234,130000
43,-0.00577829,1.04063e+06,0.275554,-0.000653601,981964,2635.7,748935,2470.65,254849,0.171269,27003.2,5.38877e+06,209.914,40608.4,5.92108,130000
43.1,-0.00577829,1.04063e+06,0.274454,-0.000653601,981948,2626.63,748935,2466.08,254853,0.170588,26919.7,5.37673e+06,208.451,40327.9,5.91982,130000
43.2,-0.00577829,1.04062e+06,0.273358,-0.000653601,981932,2617.59,748935,2461.51,254857,0.169909,26836.8,5.36474e+06,206.998,40049.2,5.91857,130000
43.3,-0.00577829,1.04062e+06,0.272267,-0.000653601,981917,2608.56,748935,2456.95,254860,0.169234,26754.4,5.3528e+06,205.556,39772.5,5.91732,130000
43.4,-0.00577829,1.04062e+06,0.27118,-0.000653601,981901,2599.56,748935,2452.38,254864,0.168561,26672.6,5.34092e+06,204.123,39497.8,5.91608,130000
43.5,-0.00577829,1.04062e+06,0.270098,-0.000653601,981885,2590.57,748935,2447.82,254868,0.16789,26591.4,5.32909e+06,202.701,39224.9,5.91484,130000
43.6,-0.00577829,1.04062e+06,0.269019,-0.000653601,981870,2581.61,748935,2443.27,254872,0.167223,26510.7,5.3173e+06,201.289,38953.9,5.9136,130000
43.7,-0.00577829,1.04062e+06,0.267945,-0.000653601,981854,2572.68,748935,2438.71,254876,0.166558,26430.5,5.30557e+06,199.886,38684.8,5.91237,130000
43.8,-0.00577829,1.04062e+06,0.266876,-0.000653601,981838,2563.76,748935,2434.16,254880,0.165895,26350.9,5.29389e+06,198.493,38417.6,5.91115,130000
43.9,-0.00577829,1.04062e+06,0.26581,-0.000653601,981823,2554.87,748935,2429.6,254883,0.165235,26271.7,5.28226e+06,197.11,38152.3,5.90992,130000
44,-0.00577829,1.04062e+06,0.264749,-0.000653601,981808,2546,748935,2425.05,254887,0.164578,26193.1,5.27068e+06,195.736,37888.7,5.9087,130000
44.1,-0.00577829,1.04062e+06,0.263692,-0.000653601,981792,2537.15,748935,2420.51,254891,0.163924,26115,5.25915e+06,194.372,37627.1,5.90749,130000
44.2,-0.00577829,1.04062e+06,0.26264,-0.000653601,981777,2528.32,748935,2415.96,254895,0.163272,26037.3,5.24767e+06,193.018,37367.2,5.90628,130000
44.3,-0.00577829,1.04062e+06,0.261591,-0.000653601,981762,2519.52,748935,2411.42,254899,0.162622,25960.1,5.23623e+06,191.673,37109.1,5.90507,130000
44.4,-0.00577829,1.04062e+06,0.260547,-0.000653601,981747,2510.74,748935,2406.88,254902,0.161976,25883.4,5.22485e+06,190.337,36852.8,5.90387,130000
44.5,-0.00577829,1.04062e+06,0.259507,-0.000653601,981732,2501.98,748935,2402.34,254906,0.161331,25807.1,5.21351e+06,189.011,36598.3,5.90267,130000
44.6,-0.00577829,1.04062e+06,0.258471,-0.000653601,981717,2493.25,748935,2397.8,254910,0.16069,25731.3,5.20223e+06,187.694,36345.6,5.90147,130000
44.7,-0.00577829,1.04062e+06,0.257439,-0.000653601,981702,2484.53,748935,2393.27,254913,0.160051,25656,5.19099e+06,186.386,36094.7,5.90028,130000
44.8,-0.00577829,1.04062e+06,0.256412,-0.000653601,981687,2475.84,748935,2388.74,254917,0.159414,25581,5.17979e+06,185.087,35845.4,5.8991,130000
44.9,-0.00577829,1.04062e+06,0.255388,-0.000653601,981672,2467.18,748935,2384.21,254921,0.15878,25506.5,5.16865e+06,183.798,35597.9,5.89791,130000
45,-0.00577829,1.04062e+06,0.254368,-0.000653601,981658,2458.53,748935,2379.69,254925,0.158149,25432.4,5.15755e+06,182.517,35352.2,5.89674,130000
45.1,-0.00577829,1.04062e+06,0.253353,-0.000653601,981643,2449.91,748935,2375.16,254928,0.15752,25358.7,5.1465e+06,181.245,35108.1,5.89556,130000
45.2,-0.00577829,1.04062e+06,0.252342,-0.000653601,981628,2441.31,748935,2370.64,254932,0.156893,25285.5,5.13549e+06,179.982,34865.7,5.89439,130000
45.3,-0.00577829,1.04062e+06,0.251334,-0.000653601,981614,2432.73,748935,2366.13,254936,0.156269,25212.6,5.12453e+06,178.728,34625,5.89322,130000
45.4,-0.00577829,1.04062e+06,0.250331,-0.000653601,981599,2424.18,748935,2361.61,254939,0.155647,25140.1,5.11362e+06,177.483,34386,5.89206,130000
45.5,-0.00577829,1.04063e+06,0.249332,-0.000653601,981585,2415.65,748935,2357.1,254943,0.155028,25068,5.10275e+06,176.246,34148.6,5.8909,130000
45.6,-0.00577829,1.04063e+06,0.248336,-0.000653601,981570,2407.14,748936,2352.59,254947,0.154412,24996.2,5.09193e+06,175.018,33912.9,5.88974,130000
45.7,-0.00577829,1.04064e+06,0.247345,-0.000653601,981556,2398.65,748936,2348.09,254950,0.153797,24924.9,5.08115e+06,173.798,33678.9,5.88859,130000
45.8,-0.00577829,1.04064e+06,0.246357,-0.000653601,981542,2390.19,748936,2343.58,254954,0.153186,24853.9,5.07041e+06,172.587,33446.4,5.88744,130000
45.9,-0.00577829,1.04063e+06,0.245374,-0.000653601,981528,2381.75,748936,2339.08,254957,0.152576,24783.3,5.05972e+06,171.385,33215.6,5.8863,130000
46,-0.00577829,1.04063e+06,0.244394,-0.000653601,981513,2373.33,748936,2334.59,254961,0.151969,24713.1,5.04908e+06,170.191,32986.3,5.88516,130000
46.1,-0.00577829,1.04063e+06,0.243419,-0.000653601,981499,2364.94,748936,2330.09,254965,0.151365,24643.2,5.03848e+06,169.005,32758.7,5.88402,130000
46.2,-0.00577829,1.04063e+06,0.242447,-0.000653601,981485,2356.57,748936,2325.6,254968,0.150763,24573.6,5.02792e+06,167.827,32532.6,5.88289,130000
46.3,-0.00577829,1.04063e+06,0.241479,-0.000653601,981471,2348.22,748936,2321.11,254972,0.150163,24504.4,5.0174e+06,166.658,32308.2,5.88176,130000
46.4,-0.00577829,1.04062e+06,0.240515,-0.000653601,981458,2339.89,748936,2316.63,254975,0.149566,24435.6,5.00693e+06,165.497,32085.2,5.88064,130000
46.5,-0.00577829,1.04062e+06,0.239555,-0.000653601,981444,2331.59,748936,2312.15,254979,0.148971,24367.1,4.9965e+06,164.343,31863.8,5.87952,130000
46.6,-0.00577829,1.04062e+06,0.238599,-0.000653602,981430,2323.31,748936,2307.67,254982,0.148378,24298.9,4.98611e+06,163.198,31644,5.8784,130000
46.7,-0.00577829,1.04062e+06,0.237646,-0.000653602,981416,2315.06,748936,2303.19,254986,0.147788,24231,4.97577e+06,162.061,31425.7,5.87728,130000
46.8,-0.00577829,1.04062e+06,0.236698,-0.000653602,981402,2306.82,748936,2298.72,254990,0.1472,24163.4,4.96546e+06,160.932,31208.9,5.87617,130000
46.9,-0.00577829,1.04062e+06,0.235753,-0.000653602,981389,2298.61,748936,2294.25,254993,0.146614,24096.1,4.9552e+06,159.811,30993.6,5.87507,130000
47,-0.00577829,1.04062e+06,0.234812,-0.000653602,981375,2290.43,748936,2289.79,254997,0.146031,24029.1,4.94498e+06,158.697,30779.8,5.87396,130000
47.1,-0.00577829,1.04062e+06,0.233874,-0.000653602,981362,2282.26,748936,2285.33,255000,0.14545,23962.5,4.9348e+06,157.592,30567.5,5.87287,130000
47.2,-0.00577829,1.04062e+06,0.232941,-0.000653602,981348,2274.12,748936,2280.87,255004,0.144872,23896.1,4.92466e+06,156.494,30356.6,5.87177,130000
47.3,-0.00577829,1.04062e+06,0.232011,-0.000653602,981335,2266,748936,2276.41,255007,0.144295,23830.1,4.91457e+06,155.403,30147.3,5.87068,130000
47.4,-0.00577829,1.04062e+06,0.231085,-0.000653602,981322,2257.91,748936,2271.96,255011,0.143721,23764.3,4.90451e+06,154.32,29939.3,5.86959,130000
47.5,-0.00577829,1.04062e+06,0.230162,-0.000653602,981308,2249.83,748936,2267.52,255014,0.143149,23698.9,4.89449e+06,153.245,29732.9,5.8685,130000
47.6,-0.00577829,1.04061e+06,0.229243,-0.000653602,981295,2241.78,748936,2263.07,255017,0.14258,23633.8,4.88451e+06,152.177,29527.8,5.86742,130000
47.7,-0.00577829,1.04061e+06,0.228328,-0.000653602,981282,2233.76,748936,2258.63,255021,0.142013,23568.9,4.87458e+06,151.117,29324.2,5.86635,130000
47.8,-0.00577829,1.04061e+06,0.227417,-0.000653602,981269,2225.76,748936,2254.19,255024,0.141448,23504.3,4.86468e+06,150.064,29122,5.86527,130000
47.9,-0.00577829,1.04061e+06,0.226509,-0.000653602,981256,2217.77,748936,2249.76,255028,0.140885,23440,4.85482e+06,149.019,28921.2,5.8642,130000
48,-0.00577829,1.04061e+06,0.225605,-0.000653602,981243,2209.82,748936,2245.33,255031,0.140324,23376,4.845e+06,147.98,28721.8,5.86314,130000
48.1,-0.00577829,1.04061e+06,0.224704,-0.000653602,981230,2201.88,748936,2240.9,255035,0.139766,23312.2,4.83522e+06,146.949,28523.8,5.86207,130000
48.2,-0.00577829,1.04061e+06,0.223807,-0.000653602,981217,2193.97,748936,2236.48,255038,0.13921,23248.8,4.82547e+06,145.926,28327.1,5.86101,130000
48.3,-0.00577829,1.04061e+06,0.222913,-0.000653602,981204,2186.08,748936,2232.06,255041,0.138656,23185.5,4.81577e+06,144.909,28131.8,5.85996,130000
48.4,-0.00577829,1.04061e+06,0.222024,-0.000653602,981191,2178.22,748936,2227.65,255045,0.138105,23122.5,4.8061e+06,143.899,27937.9,5.8589,130000
48.5,-0.00577829,1.04062e+06,0.221137,-0.000653602,981178,2170.37,748936,2223.24,255048,0.137555,23059.8,4.79647e+06,142.897,27745.3,5.85786,130000
48.6,-0.00577829,1.04062e+06,0.220254,-0.000653602,981166,2162.56,748936,2218.83,255051,0.137008,22997.3,4.78688e+06,141.901,27554.1,5.85681,130000
48.7,-0.00577829,1.04063e+06,0.219375,-0.000653602,981153,2154.76,748936,2214.43,255055,0.136463,22935.1,4.77733e+06,140.912,27364.2,5.85577,130000
48.8,-0.00577829,1.04064e+06,0.218499,-0.000653602,981141,2146.98,748936,2210.03,255058,0.13592,22873.1,4.76781e+06,139.931,27175.6,5.85473,130000
48.9,-0.00577829,1.04064e+06,0.217627,-0.000653602,981128,2139.23,748936,2205.63,255061,0.135379,22811.4,4.75833e+06,138.956,26988.3,5.85369,130000
49,-0.00577829,1.04064e+06,0.216758,-0.000653602,981116,2131.51,748936,2201.24,255065,0.13484,22749.9,4.74889e+06,137.988,26802.3,5.85266,130000
49.1,-0.00577829,1.04065e+06,0.215893,-0.000653602,981103,2123.8,748936,2196.85,255068,0.134304,22688.7,4.73948e+06,137.026,26617.6,5.85163,130000
49.2,-0.00577829,1.04065e+06,0.215031,-0.000653602,981091,2116.12,748936,2192.47,255071,0.133769,22627.8,4.73011e+06,136.072,26434.2,5.85061,130000
49.3,-0.00577829,1.04065e+06,0.214173,-0.000653602,981078,2108.46,748936,2188.09,255075,0.133237,22567.1,4.72078e+06,135.124,26252,5.84959,130000
49.4,-0.00577829,1.04065e+06,0.213318,-0.000653602,981066,2100.82,748936,2183.71,255078,0.132707,22506.6,4.71148e+06,134.182,26071.2,5.84857,130000
49.5,-0.00577829,1.04066e+06,0.212466,-0.000653602,981054,2093.21,748936,2179.34,255081,0.132179,22446.4,4.70222e+06,133.247,25891.5,5.84756,130000
49.6,-0.00577829,1.04066e+06,0.211618,-0.000653602,981042,2085.62,748936,2174.98,255084,0.131653,22386.3,4.69299e+06,132.319,25713.2,5.84654,130000
49.7,-0.00577829,1.04066e+06,0.210773,-0.000653602,981030,2078.05,748936,2170.61,255088,0.131129,22326.6,4.6838e+06,131.397,25536,5.84554,130000
49.8,-0.00577829,1.04066e+06,0.209932,-0.000653602,981018,2070.51,748936,2166.25,255091,0.130607,22267,4.67464e+06,130.482,25360.1,5.84453,130000
49.9,-0.00577829,1.04066e+06,0.209094,-0.000653602,981006,2062.98,748936,2161.9,255094,0.130087,22207.7,4.66552e+06,129.573,25185.4,5.84353,130000
50,-0.00577829,1.04066e+06,0.208259,-0.000653602,980994,2055.48,748936,2157.55,255097,0.12957,22148.6,4.65644e+06,128.67,25012,5.84253,130000
50.1,-0.00577829,1.04066e+06,0.207428,-0.000653602,980982,2048.01,748936,2153.2,255100,0.129054,22089.7,4.64738e+06,127.774,24839.7,5.84154,130000
50.2,-0.00577829,1.04066e+06,0.2066,-0.000653602,980970,2040.55,748936,2148.86,255104,0.128541,22031,4.63836e+06,126.883,24668.6,5.84055,130000
50.3,-0.00577829,1.04066e+06,0.205775,-0.000653602,980958,2033.12,748936,2144.52,255107,0.128029,21972.6,4.62938e+06,125.999,24498.7,5.83956,130000
50.4,-0.00577829,1.04066e+06,0.204954,-0.000653602,980946,2025.71,748936,2140.19,255110,0.12752,21914.4,4.62043e+06,125.122,24330,5.83857,130000
50.5,-0.00577829,1.04066e+06,0.204135,-0.000653602,980934,2018.32,748936,2135.86,255113,0.127012,21856.4,4.61151e+06,124.25,24162.5,5.83759,130000
50.6,-0.00577829,1.04066e+06,0.203321,-0.000653602,980923,2010.96,748936,2131.53,255116,0.126507,21798.6,4.60263e+06,123.384,23996.1,5.83661,130000
50.7,-0.00577829,1.04066e+06,0.202509,-0.000653602,980911,2003.62,748937,2127.21,255120,0.126003,21741.1,4.59378e+06,122.525,23830.9,5.83564,130000
50.8,-0.00577829,1.04066e+06,0.2017,-0.000653602,980900,1996.3,748937,2122.9,255123,0.125502,21683.7,4.58496e+06,121.671,23666.9,5.83467,130000
50.9,-0.00577829,1.04066e+06,0.200895,-0.000653602,980888,1989,748937,2118.59,255126,0.125002,21626.6,4.57618e+06,120.824,23503.9,5.8337,130000
51,-0.00577829,1.04066e+06,0.200093,-0.000653602,980877,1981.73,748937,2114.28,255129,0.124505,21569.7,4.56743e+06,119.982,23342.1,5.83273,130000
51.1,-0.00577829,1.04066e+06,0.199295,-0.000653602,980865,1974.48,748937,2109.98,255132,0.124009,21513,4.55871e+06,119.146,23181.4,5.83177,130000
51.2,-0.00577829,1.04065e+06,0.198499,-0.000653602,980854,1967.25,748936,2105.68,255135,0.123516,21456.5,4.55002e+06,118.316,23021.9,5.83081,130000
51.3,-0.00577829,1.04065e+06,0.197707,-0.000653602,980842,1960.05,748936,2101.39,255138,0.123024,21400.2,4.54137e+06,117.492,22863.4,5.82986,130000
51.4,-0.00577829,1.04065e+06,0.196917,-0.000653602,980831,1952.86,748936,2097.1,255141,0.122535,21344.2,4.53275e+06,116.673,22706.1,5.82891,130000
51.5,-0.00577829,1.04064e+06,0.196131,-0.000653602,980820,1945.7,748936,2092.81,255144,0.122047,21288.3,4.52416e+06,115.86,22549.8,5.82796,130000
51.6,-0.00577829,1.04064e+06,0.195348,-0.000653602,980809,1938.56,748936,2088.53,255147,0.121561,21232.6,4.5156e+06,115.053,22394.6,5.82701,130000
51.7,-0.00577829,1.04064e+06,0.194568,-0.000653602,980798,1931.44,748936,2084.26,255151,0.121078,21177.2,4.50707e+06,114.252,22240.5,5.82607,130000
51.8,-0.00577829,1.04063e+06,0.193792,-0.000653602,980786,1924.35,748936,2079.99,255154,0.120596,21121.9,4.49858e+06,113.456,22087.5,5.82513,130000
51.9,-0.00577829,1.04063e+06,0.193018,-0.000653602,980775,1917.28,748936,2075.72,255157,0.120116,21066.9,4.49011e+06,112.665,21935.5,5.82419,130000
52,-0.00577829,1.04062e+06,0.192248,-0.000653602,980764,1910.23,748936,2071.46,255160,0.119638,21012,4.48168e+06,111.881,21784.6,5.82326,130000
52.1,-0.00577829,1.04062e+06,0.19148,-0.000653602,980753,1903.2,748936,2067.2,255163,0.119161,20957.3,4.47328e+06,111.101,21634.7,5.82233,130000
52.2,-0.00577829,1.04062e+06,0.190716,-0.000653602,980742,1896.2,748936,2062.95,255166,0.118687,20902.8,4.4649e+06,110.327,21485.9,5.8214,130000
52.3,-0.00577829,1.04062e+06,0.189954,-0.000653602,980732,1889.21,748936,2058.7,255169,0.118215,20848.5,4.45656e+06,109.559,21338.1,5.82048,130000
52.4,-0.00577829,1.04061e+06,0.189196,-0.000653602,980721,1882.25,748936,2054.46,255172,0.117744,20794.4,4.44825e+06,108.795,21191.3,5.81955,130000
52.5,-0.00577829,1.04061e+06,0.188441,-0.000653602,980710,1875.31,748936,2050.22,255175,0.117276,20740.5,4.43997e+06,108.037,21045.6,5.81864,130000
52.6,-0.00577829,1.04061e+06,0.187688,-0.000653602,980699,1868.4,748936,2045.99,255178,0.116809,20686.8,4.43172e+06,107.285,20900.8,5.81772,130000
52.7,-0.00577829,1.04061e+06,0.186939,-0.000653602,980689,1861.5,748936,2041.76,255181,0.116344,20633.3,4.4235e+06,106.537,20757.1,5.81681,130000
52.8,-0.00577829,1.04061e+06,0.186193,-0.000653602,980678,1854.63,748936,2037.54,255184,0.115881,20580,4.41531e+06,105.795,20614.3,5.8159,130000
52.9,-0.00577829,1.0406e+06,0.18545,-0.000653602,980667,1847.78,748936,2033.32,255186,0.11542,20526.9,4.40714e+06,105.058,20472.6,5.81499,130000
53,-0.00577829,1.0406e+06,0.184709,-0.000653602,980657,1840.95,748936,2029.11,255189,0.11496,20473.9,4.39901e+06,104.326,20331.8,5.81409,130000
53.1,-0.00577829,1.0406e+06,0.183972,-0.000653602,980646,1834.14,748936,2024.9,255192,0.114502,20421.2,4.39091e+06,103.599,20192,5.81319,130000
53.2,-0.00577829,1.0406e+06,0.183238,-0.000653602,980636,1827.36,748936,2020.69,255195,0.114047,20368.6,4.38283e+06,102.878,20053.2,5.81229,130000
53.3,-0.00577829,1.0406e+06,0.182506,-0.000653602,980625,1820.59,748936,2016.5,255198,0.113593,20316.3,4.37479e+06,102.161,19915.3,5.8114,130000
53.4,-0.00577829,1.0406e+06,0.181777,-0.000653602,980615,1813.85,748936,2012.3,255201,0.113141,20264.1,4.36677e+06,101.449,19778.4,5.81051,130000
53.5,-0.00577829,1.0406e+06,0.181052,-0.000653602,980605,1807.13,748936,2008.11,255204,0.11269,20212.1,4.35878e+06,100.743,19642.4,5.80962,130000
53.6,-0.00577829,1.0406e+06,0.180329,-0.000653602,980594,1800.43,748936,2003.93,255207,0.112242,20160.3,4.35082e+06,100.041,19507.4,5.80874,130000
53.7,-0.00577829,1.0406e+06,0.179609,-0.000653602,980584,1793.76,748936,1999.75,255210,0.111795,20108.6,4.34289e+06,99.3439,19373.3,5.80785,130000
53.8,-0.00577829,1.0406e+06,0.178892,-0.000653602,980574,1787.1,748936,1995.58,255213,0.11135,20057.2,4.33498e+06,98.6518,19240.2,5.80697,130000
53.9,-0.00577829,1.0406e+06,0.178178,-0.000653602,980564,1780.47,748936,1991.41,255215,0.110907,20006,4.32711e+06,97.9646,19108,5.8061,130000
54,-0.00577829,1.0406e+06,0.177467,-0.000653602,980554,1773.86,748936,1987.24,255218,0.110465,19954.9,4.31926e+06,97.2822,18976.7,5.80523,130000
54.1,-0.00577829,1.0406e+06,0.176758,-0.000653602,980543,1767.27,748936,1983.08,255221,0.110025,19904.1,4.31144e+06,96.6045,18846.3,5.80435,130000
54.2,-0.00577829,1.0406e+06,0.176053,-0.000653602,980533,1760.7,748936,1978.93,255224,0.109587,19853.4,4.30365e+06,95.9316,18716.8,5.80349,130000
54.3,-0.00577829,1.0406e+06,0.17535,-0.000653602,980523,1754.15,748936,1974.78,255227,0.109151,19802.9,4.29588e+06,95.2633,18588.2,5.80262,130000
54.4,-0.00577829,1.04061e+06,0.17465,-0.000653602,980514,1747.63,748936,1970.64,255229,0.108717,19752.5,4.28814e+06,94.5996,18460.5,5.80176,130000
54.5,-0.00577829,1.04061e+06,0.173953,-0.000653602,980504,1741.12,748936,1966.5,255232,0.108284,19702.3,4.28043e+06,93.9406,18333.7,5.8009,130000
54.6,-0.00577829,1.04061e+06,0.173258,-0.000653602,980494,1734.64,748936,1962.37,255235,0.107853,19652.2,4.27275e+06,93.2861,18207.7,5.80005,130000
54.7,-0.00577829,1.04061e+06,0.172567,-0.000653602,980484,1728.18,748936,1958.24,255238,0.107423,19602.4,4.26509e+06,92.6362,18082.6,5.79919,130000
54.8,-0.00577829,1.04061e+06,0.171878,-0.000653602,980474,1721.74,748936,1954.11,255241,0.106996,19552.7,4.25746e+06,91.9908,17958.4,5.79834,130000
54.9,-0.00577829,1.04061e+06,0.171191,-0.000653602,980464,1715.32,748936,1950,255243,0.10657,19503.2,4.24985e+06,91.3499,17835.1,5.79749,130000
55,-0.00577829,1.04061e+06,0.170508,-0.000653602,980455,1708.92,748936,1945.88,255246,0.106145,19453.8,4.24228e+06,90.7135,17712.6,5.79665,130000
55.1,-0.00577829,1.04061e+06,0.169827,-0.000653602,980445,1702.54,748937,1941.78,255249,0.105723,19404.7,4.23472e+06,90.0815,17591,5.79581,130000
55.2,-0.00577829,1.04061e+06,0.169149,-0.000653602,980435,1696.19,748937,1937.67,255252,0.105302,19355.7,4.2272e+06,89.454,17470.2,5.79497,130000
55.3,-0.00577829,1.04061e+06,0.168474,-0.000653602,980426,1689.85,748937,1933.58,255254,0.104883,19306.8,4.2197e+06,88.8308,17350.2,5.79413,130000
55.4,-0.00577829,1.04062e+06,0.167802,-0.000653602,980416,1683.54,748937,1929.49,255257,0.104465,19258.2,4.21222e+06,88.2119,17231.1,5.7933,130000
55.5,-0.00577829,1.04062e+06,0.167132,-0.000653602,980407,1677.25,748937,1925.4,255260,0.104049,19209.7,4.20477e+06,87.5974,17112.8,5.79247,130000
55.6,-0.00577829,1.04062e+06,0.166465,-0.000653602,980397,1670.97,748937,1921.32,255262,0.103635,19161.4,4.19735e+06,86.9871,16995.3,5.79164,130000
55.7,-0.00577829,1.04062e+06,0.1658,-0.000653602,980388,1664.72,748937,1917.24,255265,0.103222,19113.3,4.18995e+06,86.3811,16878.6,5.79081,130000
55.8,-0.00577829,1.04062e+06,0.165138,-0.000653602,980378,1658.49,748937,1913.17,255268,0.102811,19065.3,4.18258e+06,85.7793,16762.8,5.78999,130000
55.9,-0.00577829,1.04062e+06,0.164479,-0.000653602,980369,1652.28,748937,1909.11,255270,0.102402,19017.5,4.17523e+06,85.1817,16647.7,5.78917,130000
56,-0.00577829,1.04062e+06,0.163822,-0.000653602,980360,1646.09,748937,1905.05,255273,0.101994,18969.9,4.16791e+06,84.5883,16533.5,5.78835,130000
56.1,-0.00577829,1.04062e+06,0.163168,-0.000653602,980350,1639.93,748937,1900.99,255276,0.101588,18922.5,4.16062e+06,83.9991,16420,5.78754,130000
56.2,-0.00577829,1.04063e+06,0.162517,-0.000653602,980341,1633.78,748937,1896.94,255278,0.101184,18875.2,4.15334e+06,83.4139,16307.3,5.78673,130000
56.3,-0.00577829,1.04063e+06,0.161868,-0.000653602,980332,1627.65,748937,1892.9,255281,0.100781,18828.1,4.1461e+06,82.8329,16195.4,5.78592,130000
56.4,-0.00577829,1.04063e+06,0.161222,-0.000653602,980323,1621.55,748937,1888.86,255284,0.100379,18781.1,4.13887e+06,82.2559,16084.3,5.78511,130000
56.5,-0.00577829,1.04063e+06,0.160578,-0.000653602,980314,1615.46,748937,1884.83,255286,0.0999798,18734.4,4.13168e+06,81.683,15974,5.78431,130000
56.6,-0.00577829,1.04063e+06,0.159937,-0.000653602,980305,1609.39,748937,1880.8,255289,0.0995817,18687.8,4.1245e+06,81.114,15864.4,5.78351,130000
56.7,-0.00577829,1.04063e+06,0.159299,-0.000653602,980296,1603.35,748937,1876.78,255292,0.0991852,18641.3,4.11735e+06,80.549,15755.6,5.78271,130000
56.8,-0.00577829,1.04063e+06,0.158663,-0.000653602,980287,1597.33,748937,1872.76,255294,0.0987902,18595,4.11023e+06,79.9878,15647.5,5.78191,130000
56.9,-0.00577829,1.04063e+06,0.158029,-0.000653602,980278,1591.32,748937,1868.75,255297,0.0983969,18548.8,4.10312e+06,79.4306,15540.2,5.78112,130000
57,-0.00577829,1.04063e+06,0.157399,-0.000653602,980269,1585.34,748937,1864.74,255299,0.0980051,18502.8,4.09604e+06,78.8772,15433.6,5.78033,130000
57.1,-0.00577829,1.04063e+06,0.15677,-0.000653602,980260,1579.37,748937,1860.74,255302,0.0976148,18457,4.08899e+06,78.3277,15327.8,5.77954,130000
57.2,-0.00577829,1.04063e+06,0.156144,-0.000653602,980251,1573.43,748937,1856.75,255304,0.0972261,18411.3,4.08196e+06,77.782,15222.7,5.77876,130000
57.3,-0.00577829,1.04064e+06,0.155521,-0.000653602,980242,1567.51,748937,1852.76,255307,0.0968389,18365.7,4.07495e+06,77.2401,15118.3,5.77797,130000
57.4,-0.00577829,1.04064e+06,0.1549,-0.000653602,980233,1561.61,748937,1848.77,255309,0.0964533,18320.4,4.06797e+06,76.702,15014.6,5.77719,130000
57.5,-0.00577829,1.04064e+06,0.154282,-0.000653602,980225,1555.72,748937,1844.79,255312,0.0960692,18275.1,4.06101e+06,76.1676,14911.7,5.77642,130000
57.6,-0.00577829,1.04064e+06,0.153666,-0.000653602,980216,1549.86,748937,1840.82,255315,0.0956867,18230.1,4.05407e+06,75.637,14809.5,5.77564,130000
57.7,-0.00577829,1.04064e+06,0.153052,-0.000653602,980207,1544.02,748937,1836.85,255317,0.0953056,18185.2,4.04715e+06,75.11,14707.9,5.77487,130000
57.8,-0.00577829,1.04064e+06,0.152441,-0.000653602,980199,1538.2,748937,1832.89,255320,0.0949261,18140.4,4.04026e+06,74.5868,14607.1,5.7741,130000
57.9,-0.00577829,1.04064e+06,0.151833,-0.000653602,980190,1532.39,748937,1828.93,255322,0.0945481,18095.8,4.03339e+06,74.0672,14507,5.77333,130000
58,-0.00577829,1.04064e+06,0.151227,-0.000653602,980182,1526.61,748937,1824.98,255325,0.0941716,18051.4,4.02654e+06,73.5512,14407.6,5.77257,130000
58.1,-0.00577829,1.04064e+06,0.150623,-0.000653602,980173,1520.85,748937,1821.04,255327,0.0937966,18007.1,4.01972e+06,73.0388,14308.9,5.7718,130000
58.2,-0.00577829,1.04064e+06,0.150022,-0.000653602,980165,1515.1,748937,1817.1,255329,0.093423,17962.9,4.01292e+06,72.53,14210.8,5.77105,130000
58.3,-0.00577829,1.04064e+06,0.149423,-0.000653602,980156,1509.38,748937,1813.16,255332,0.093051,17919,4.00614e+06,72.0248,14113.4,5.77029,130000
58.4,-0.00577829,1.04064e+06,0.148826,-0.000653602,980148,1503.68,748937,1809.24,255334,0.0926804,17875.1,3.99938e+06,71.523,14016.8,5.76953,130000
58.5,-0.00577829,1.04064e+06,0.148232,-0.000653602,980139,1497.99,748937,1805.31,255337,0.0923113,17831.4,3.99265e+06,71.0248,13920.7,5.76878,130000
58.6,-0.00577829,1.04063e+06,0.14764,-0.000653602,980131,1492.33,748937,1801.4,255339,0.0919437,17787.9,3.98593e+06,70.5301,13825.4,5.76803,130000
58.7,-0.00577829,1.04063e+06,0.147051,-0.000653602,980123,1486.68,748937,1797.48,255342,0.0915775,17744.6,3.97924e+06,70.0389,13730.7,5.76728,130000
58.8,-0.00577829,1.04063e+06,0.146464,-0.000653602,980114,1481.05,748937,1793.58,255344,0.0912128,17701.3,3.97257e+06,69.551,13636.7,5.76654,130000
58.9,-0.00577829,1.04063e+06,0.145879,-0.000653602,980106,1475.45,748937,1789.68,255347,0.0908496,17658.3,3.96593e+06,69.0666,13543.3,5.7658,130000
59,-0.00577829,1.04063e+06,0.145297,-0.000653602,980098,1469.86,748937,1785.78,255349,0.0904878,17615.3,3.9593e+06,68.5856,13450.6,5.76506,130000
59.1,-0.00577829,1.04063e+06,0.144717,-0.000653602,980090,1464.29,748937,1781.89,255351,0.0901274,17572.6,3.9527e+06,68.1079,13358.5,5.76432,130000
59.2,-0.00577829,1.04062e+06,0.144139,-0.000653602,980082,1458.74,748937,1778.01,255354,0.0897684,17529.9,3.94611e+06,67.6334,13267.1,5.76359,130000
59.3,-0.00577829,1.04062e+06,0.143564,-0.000653602,980074,1453.21,748937,1774.13,255356,0.0894109,17487.4,3.93955e+06,67.1623,13176.2,5.76285,130000
59.4,-0.00577829,1.04062e+06,0.142991,-0.000653602,980066,1447.7,748937,1770.26,255358,0.0890548,17445,3.93301e+06,66.6944,13086,5.76212,130000
59.5,-0.00577829,1.04062e+06,0.14242,-0.000653602,980058,1442.21,748937,1766.39,255361,0.0887001,17402.8,3.92649e+06,66.2298,12996.5,5.7614,130000
59.6,-0.00577829,1.04062e+06,0.141851,-0.000653603,980050,1436.74,748937,1762.53,255363,0.0883468,17360.7,3.91999e+06,65.7685,12907.5,5.76067,130000
59.7,-0.00577829,1.04062e+06,0.141285,-0.000653603,980042,1431.29,748937,1758.68,255366,0.087995,17318.8,3.91351e+06,65.3103,12819.2,5.75995,130000
59.8,-0.00577829,1.04062e+06,0.140721,-0.000653603,980034,1425.85,748937,1754.83,255368,0.0876445,17277,3.90705e+06,64.8554,12731.4,5.75923,130000
59.9,-0.00577829,1.04062e+06,0.140159,-0.000653603,980026,1420.44,748937,1750.98,255370,0.0872954,17235.4,3.90062e+06,64.4036,12644.3,5.75851,130000
60,-0.00577829,1.04062e+06,0.1396,-0.000653603,980018,1415.04,748937,1747.15,255373,0.0869477,17193.9,3.8942e+06,63.9549,12557.8,5.7578,130000
60.1,-0.00577829,1.04062e+06,0.139042,-0.000653603,980010,1409.66,748937,1743.31,255375,0.0866014,17152.5,3.88781e+06,63.5094,12471.9,5.75708,130000
60.2,-0.00577829,1.04062e+06,0.138487,-0.000653603,980002,1404.31,748937,1739.49,255377,0.0862565,17111.3,3.88143e+06,63.0671,12386.6,5.75637,130000
60.3,-0.00577829,1.04062e+06,0.137934,-0.000653603,979995,1398.97,748937,1735.67,255379,0.0859129,17070.2,3.87508e+06,62.6277,12301.9,5.75566,130000
60.4,-0.00577829,1.04062e+06,0.137384,-0.000653603,979987,1393.65,748937,1731.85,255382,0.0855707,17029.3,3.86874e+06,62.1915,12217.7,5.75496,130000
60.5,-0.00577829,1.04062e+06,0.136835,-0.000653603,979979,1388.34,748937,1728.04,255384,0.0852299,16988.5,3.86243e+06,61.7583,12134.2,5.75425,130000
60.6,-0.00577829,1.04062e+06,0.136289,-0.000653603,979971,1383.06,748937,1724.24,255386,0.0848904,16947.8,3.85613e+06,61.3282,12051.2,5.75355,130000
60.7,-0.00577829,1.04061e+06,0.135745,-0.000653603,979964,1377.79,748937,1720.44,255389,0.0845523,16907.3,3.84986e+06,60.901,11968.8,5.75285,130000
60.8,-0.00577829,1.04061e+06,0.135203,-0.000653603,979956,1372.55,748937,1716.65,255391,0.0842155,16866.9,3.8436e+06,60.4768,11887,5.75216,130000
60.9,-0.00577829,1.04061e+06,0.134663,-0.000653603,979949,1367.32,748937,1712.86,255393,0.0838801,16826.6,3.83736e+06,60.0556,11805.7,5.75146,130000
61,-0.00577829,1.04061e+06,0.134126,-0.000653603,979941,1362.11,748937,1709.08,255395,0.0835459,16786.5,3.83115e+06,59.6373,11725,5.75077,130000
61.1,-0.00577829,1.04061e+06,0.13359,-0.000653603,979934,1356.92,748937,1705.31,255398,0.0832132,16746.5,3.82495e+06,59.222,11644.9,5.75008,130000
61.2,-0.00577829,1.04061e+06,0.133057,-0.000653603,979926,1351.74,748937,1701.54,255400,0.0828817,16706.6,3.81878e+06,58.8096,11565.3,5.74939,130000
61.3,-0.00577829,1.04061e+06,0.132526,-0.000653603,979919,1346.59,748937,1697.78,255402,0.0825516,16666.9,3.81262e+06,58.4,11486.3,5.74871,130000
61.4,-0.00577829,1.04062e+06,0.131997,-0.000653603,979911,1341.45,748937,1694.02,255404,0.0822227,16627.3,3.80648e+06,57.9934,11407.9,5.74802,130000
61.5,-0.00577829,1.04062e+06,0.13147,-0.000653603,979904,1336.33,748937,1690.27,255406,0.0818952,16587.9,3.80036e+06,57.5895,11329.9,5.74734,130000
61.6,-0.00577829,1.04061e+06,0.130945,-0.000653603,979897,1331.23,748937,1686.52,255409,0.081569,16548.6,3.79426e+06,57.1883,11252.5,5.74666,130000
61.7,-0.00577829,1.04061e+06,0.130422,-0.000653603,979889,1326.15,748937,1682.78,255411,0.0812441,16509.4,3.78818e+06,56.79,11175.7,5.74599,130000
61.8,-0.00577829,1.04061e+06,0.129902,-0.000653603,979882,1321.08,748937,1679.05,255413,0.0809204,16470.3,3.78212e+06,56.3945,11099.3,5.74531,130000
61.9,-0.00577829,1.04061e+06,0.129383,-0.000653603,979875,1316.04,748937,1675.32,255415,0.0805981,16431.4,3.77607e+06,56.0017,11023.5,5.74464,130000
62,-0.00577829,1.04061e+06,0.128866,-0.000653603,979868,1311.01,748937,1671.6,255417,0.080277,16392.6,3.77005e+06,55.6116,10948.2,5.74397,130000
62.1,-0.00577829,1.04061e+06,0.128352,-0.000653603,979860,1306,748937,1667.88,255419,0.0799572,16353.9,3.76404e+06,55.2243,10873.5,5.74331,130000
62.2,-0.00577829,1.04062e+06,0.12784,-0.000653603,979853,1301,748937,1664.17,255422,0.0796387,16315.4,3.75805e+06,54.8397,10799.2,5.74264,130000
62.3,-0.00577829,1.04062e+06,0.127329,-0.000653603,979846,1296.03,748937,1660.47,255424,0.0793215,16277,3.75208e+06,54.4577,10725.5,5.74198,130000
62.4,-0.00577829,1.04062e+06,0.126821,-0.000653603,979839,1291.07,748937,1656.77,255426,0.0790055,16238.7,3.74613e+06,54.0784,10652.3,5.74132,130000
62.5,-0.00577829,1.04062e+06,0.126315,-0.000653603,979832,1286.13,748937,1653.08,255428,0.0786907,16200.5,3.7402e+06,53.7018,10579.6,5.74066,130000
62.6,-0.00577829,1.04062e+06,0.12581,-0.000653603,979825,1281.21,748937,1649.39,255430,0.0783773,16162.5,3.73428e+06,53.3278,10507.4,5.74,130000
62.7,-0.00577829,1.04062e+06,0.125308,-0.000653603,979818,1276.3,748937,1645.71,255432,0.078065,16124.6,3.72839e+06,52.9564,10435.7,5.73935,130000
62.8,-0.00577829,1.04062e+06,0.124808,-0.000653603,979811,1271.42,748937,1642.03,255434,0.077754,16086.8,3.72251e+06,52.5876,10364.5,5.7387,130000
62.9,-0.00577829,1.04062e+06,0.12431,-0.000653603,979804,1266.55,748937,1638.36,255436,0.0774443,16049.2,3.71665e+06,52.2213,10293.8,5.73805,130000
63,-0.00577829,1.04062e+06,0.123813,-0.000653603,979797,1261.69,748937,1634.7,255439,0.0771358,16011.7,3.71081e+06,51.8576,10223.5,5.7374,130000
63.1,-0.00577829,1.04062e+06,0.123319,-0.000653603,979790,1256.86,748937,1631.04,255441,0.0768285,15974.3,3.70498e+06,51.4965,10153.8,5.73675,130000
63.2,-0.00577829,1.04062e+06,0.122827,-0.000653603,979783,1252.04,748937,1627.39,255443,0.0765224,15937,3.69917e+06,51.1379,10084.6,5.73611,130000
63.3,-0.00577829,1.04062e+06,0.122337,-0.000653603,979777,1247.24,748937,1623.74,255445,0.0762175,15899.8,3.69338e+06,50.7818,10015.8,5.73547,130000
63.4,-0.00577829,1.04062e+06,0.121848,-0.000653603,979770,1242.46,748937,1620.1,255447,0.0759139,15862.8,3.68761e+06,50.4282,9947.49,5.73483,130000
63.5,-0.00577829,1.04063e+06,0.121362,-0.000653603,979763,1237.69,748937,1616.47,255449,0.0756115,15825.9,3.68186e+06,50.077,9879.67,5.73419,130000
63.6,-0.00577829,1.04063e+06,0.120877,-0.000653603,979756,1232.94,748937,1612.84,255451,0.0753102,15789.1,3.67612e+06,49.7283,9812.33,5.73356,130000
63.7,-0.00577829,1.04063e+06,0.120395,-0.000653603,979750,1228.21,748937,1609.22,255453,0.0750102,15752.5,3.6704e+06,49.3821,9745.45,5.73292,130000
63.8,-0.00577829,1.04063e+06,0.119914,-0.000653603,979743,1223.49,748937,1605.6,255455,0.0747113,15715.9,3.6647e+06,49.0382,9679.04,5.73229,130000
63.9,-0.00577829,1.04063e+06,0.119435,-0.000653603,979736,1218.8,748937,1601.99,255457,0.0744137,15679.5,3.65901e+06,48.6967,9613.07,5.73166,130000
64,-0.00577829,1.04063e+06,0.118959,-0.000653603,979730,1214.12,748937,1598.39,255459,0.0741172,15643.2,3.65334e+06,48.3576,9547.56,5.73104,130000
64.1,-0.00577829,1.04063e+06,0.118484,-0.000653603,979723,1209.45,748937,1594.79,255461,0.0738219,15607.1,3.64769e+06,48.0209,9482.5,5.73041,130000
64.2,-0.00577829,1.04063e+06,0.118011,-0.000653603,979716,1204.8,748938,1591.2,255463,0.0735278,15571,3.64205e+06,47.6864,9417.89,5.72979,130000
64.3,-0.00577829,1.04063e+06,0.11754,-0.000653603,979710,1200.17,748938,1587.61,255465,0.0732349,15535.1,3.63644e+06,47.3543,9353.73,5.72917,130000
64.4,-0.00577829,1.04064e+06,0.11707,-0.000653603,979703,1195.56,748938,1584.03,255467,0.0729431,15499.3,3.63083e+06,47.0246,9290.01,5.72855,130000
64.5,-0.00577829,1.04064e+06,0.116603,-0.000653603,979697,1190.96,748938,1580.46,255469,0.0726524,15463.6,3.62525e+06,46.6971,9226.74,5.72794,130000
64.6,-0.00577829,1.04064e+06,0.116138,-0.000653603,979690,1186.38,748938,1576.89,255471,0.072363,15428,3.61968e+06,46.3719,9163.9,5.72732,130000
64.7,-0.00577829,1.04064e+06,0.115674,-0.000653603,979684,1181.82,748938,1573.32,255473,0.0720747,15392.5,3.61413e+06,46.049,9101.5,5.72671,130000
64.8,-0.00577829,1.04064e+06,0.115212,-0.000653603,979678,1177.27,748938,1569.77,255475,0.0717875,15357.2,3.60859e+06,45.7283,9039.53,5.7261,130000
64.9,-0.00577829,1.04064e+06,0.114752,-0.000653603,979671,1172.74,748938,1566.22,255477,0.0715015,15322,3.60307e+06,45.4099,8977.98,5.72549,130000
65,-0.00577829,1.04064e+06,0.114294,-0.000653603,979665,1168.22,748938,1562.67,255479,0.0712166,15286.9,3.59757e+06,45.0937,8916.87,5.72488,130000
65.1,-0.00577829,1.04064e+06,0.113838,-0.000653603,979659,1163.73,748938,1559.13,255481,0.0709328,15251.9,3.59209e+06,44.7797,8856.18,5.72428,130000
65.2,-0.00577829,1.04064e+06,0.113383,-0.000653603,979652,1159.24,748938,1555.6,255483,0.0706502,15217,3.58662e+06,44.4678,8795.91,5.72368,130000
65.3,-0.00577829,1.04064e+06,0.112931,-0.000653603,979646,1154.78,748938,1552.07,255485,0.0703687,15182.2,3.58116e+06,44.1582,8736.05,5.72308,130000
65.4,-0.00577829,1.04064e+06,0.11248,-0.000653603,979640,1150.33,748938,1548.55,255487,0.0700883,15147.6,3.57572e+06,43.8507,8676.61,5.72248,130000
65.5,-0.00577829,1.04064e+06,0.112031,-0.000653603,979634,1145.9,748938,1545.03,255488,0.069809,15113.1,3.5703e+06,43.5454,8617.58,5.72188,130000
65.6,-0.00577829,1.04064e+06,0.111584,-0.000653603,979627,1141.48,748938,1541.52,255490,0.0695309,15078.7,3.5649e+06,43.2422,8558.97,5.72129,130000
65.7,-0.00577829,1.04064e+06,0.111138,-0.000653603,979621,1137.08,748938,1538.02,255492,0.0692538,15044.4,3.5595e+06,42.9411,8500.76,5.7207,130000
65.8,-0.00577829,1.04064e+06,0.110694,-0.000653603,979615,1132.69,748938,1534.52,255494,0.0689779,15010.2,3.55413e+06,42.6421,8442.95,5.72011,130000
65.9,-0.00577829,1.04064e+06,0.110253,-0.000653603,979609,1128.32,748938,1531.03,255496,0.068703,14976.1,3.54877e+06,42.3452,8385.54,5.71952,130000
66,-0.00577829,1.04064e+06,0.109812,-0.000653603,979603,1123.97,748938,1527.54,255498,0.0684293,14942.1,3.54343e+06,42.0504,8328.53,5.71893,130000
66.1,-0.00577829,1.04064e+06,0.109374,-0.000653603,979597,1119.63,748938,1524.06,255500,0.0681566,14908.3,3.5381e+06,41.7577,8271.92,5.71835,130000
66.2,-0.00577829,1.04064e+06,0.108937,-0.000653603,979591,1115.31,748938,1520.59,255502,0.067885,14874.5,3.53279e+06,41.467,8215.7,5.71776,130000
66.3,-0.00577829,1.04064e+06,0.108503,-0.000653603,979585,1111,748938,1517.12,255504,0.0676145,14840.9,3.52749e+06,41.1783,8159.86,5.71718,130000
66.4,-0.00577829,1.04064e+06,0.108069,-0.000653603,979579,1106.72,748938,1513.66,255505,0.0673451,14807.4,3.52221e+06,40.8915,8104.41,5.7166,130000
66.5,-0.00577829,1.04064e+06,0.107638,-0.000653603,979573,1102.44,748938,1510.21,255507,0.0670767,14774,3.51694e+06,40.6068,8049.34,5.71603,130000
66.6,-0.00577829,1.04064e+06,0.107208,-0.000653603,979567,1098.18,748938,1506.76,255509,0.0668094,14740.7,3.51169e+06,40.3241,7994.64,5.71545,130000
66.7,-0.00577829,1.04063e+06,0.10678,-0.000653603,979561,1093.94,748938,1503.31,255511,0.0665432,14707.5,3.50645e+06,40.0433,7940.33,5.71488,130000
66.8,-0.00577829,1.04063e+06,0.106354,-0.000653603,979555,1089.71,748938,1499.87,255513,0.0662781,14674.4,3.50123e+06,39.7645,7886.39,5.71431,130000
66.9,-0.00577829,1.04063e+06,0.105929,-0.000653603,979549,1085.5,748938,1496.44,255515,0.0660139,14641.5,3.49603e+06,39.4876,7832.83,5.71374,130000
67,-0.00577829,1.04063e+06,0.105507,-0.000653603,979544,1081.3,748938,1493.02,255516,0.0657509,14608.6,3.49084e+06,39.2126,7779.64,5.71317,130000
67.1,-0.00577829,1.04063e+06,0.105085,-0.000653603,979538,1077.12,748938,1489.59,255518,0.0654889,14575.9,3.48566e+06,38.9396,7726.81,5.71261,130000
67.2,-0.00577829,1.04063e+06,0.104666,-0.000653603,979532,1072.96,748938,1486.18,255520,0.0652279,14543.2,3.4805e+06,38.6685,7674.35,5.71204,130000
67.3,-0.00577829,1.04063e+06,0.104248,-0.000653603,979526,1068.81,748938,1482.77,255522,0.064968,14510.7,3.47535e+06,38.3993,7622.25,5.71148,130000
67.4,-0.00577829,1.04063e+06,0.103832,-0.000653603,979521,1064.67,748938,1479.37,255523,0.0647091,14478.3,3.47022e+06,38.1319,7570.51,5.71092,130000
67.5,-0.00577829,1.04063e+06,0.103417,-0.000653603,979515,1060.55,748938,1475.97,255525,0.0644512,14445.9,3.4651e+06,37.8664,7519.13,5.71036,130000
67.6,-0.00577829,1.04063e+06,0.103004,-0.000653603,979509,1056.45,748938,1472.58,255527,0.0641943,14413.7,3.46e+06,37.6028,7468.11,5.70981,130000
67.7,-0.00577829,1.04063e+06,0.102593,-0.000653603,979503,1052.36,748938,1469.2,255529,0.0639385,14381.6,3.45491e+06,37.341,7417.44,5.70925,130000
67.8,-0.00577829,1.04063e+06,0.102184,-0.000653603,979498,1048.28,748938,1465.82,255531,0.0636837,14349.6,3.44984e+06,37.081,7367.12,5.7087,130000
67.9,-0.00577829,1.04063e+06,0.101776,-0.000653603,979492,1044.22,748938,1462.45,255532,0.0634299,14317.7,3.44478e+06,36.8228,7317.15,5.70815,130000
68,-0.00577829,1.04063e+06,0.101369,-0.000653603,979487,1040.18,748938,1459.08,255534,0.0631771,14285.9,3.43973e+06,36.5665,7267.53,5.7076,130000
68.1,-0.00577829,1.04063e+06,0.100965,-0.000653603,979481,1036.15,748938,1455.72,255536,0.0629254,14254.3,3.4347e+06,36.3119,7218.25,5.70705,130000
68.2,-0.00577829,1.04063e+06,0.100562,-0.000653603,979476,1032.13,748938,1452.37,255538,0.0626746,14222.7,3.42968e+06,36.0591,7169.31,5.70651,130000
68.3,-0.00577829,1.04063e+06,0.10016,-0.000653603,979470,1028.13,748938,1449.02,255539,0.0624248,14191.2,3.42468e+06,35.8081,7120.71,5.70597,130000
68.4,-0.00577829,1.04062e+06,0.0997605,-0.000653603,979465,1024.15,748938,1445.67,255541,0.0621761,14159.8,3.41969e+06,35.5589,7072.45,5.70542,130000
68.5,-0.00577829,1.04062e+06,0.0993622,-0.000653603,979459,1020.18,748938,1442.34,255543,0.0619283,14128.6,3.41472e+06,35.3113,7024.52,5.70488,130000
68.6,-0.00577829,1.04062e+06,0.0989656,-0.000653603,979454,1016.22,748938,1439.01,255544,0.0616815,14097.4,3.40976e+06,35.0655,6976.92,5.70435,130000
68.7,-0.00577829,1.04062e+06,0.0985705,-0.000653603,979448,1012.28,748938,1435.68,255546,0.0614356,14066.3,3.40481e+06,34.8214,6929.65,5.70381,130000
68.8,-0.00577829,1.04062e+06,0.098177,-0.000653603,979443,1008.35,748938,1432.36,255548,0.0611908,14035.4,3.39988e+06,34.579,6882.7,5.70327,130000
68.9,-0.00577829,1.04062e+06,0.097785,-0.000653603,979438,1004.44,748938,1429.05,255549,0.0609469,14004.5,3.39496e+06,34.3382,6836.07,5.70274,130000
69,-0.00577829,1.04062e+06,0.0973947,-0.000653603,979432,1000.54,748938,1425.74,255551,0.060704,13973.7,3.39005e+06,34.0992,6789.77,5.70221,130000
69.1,-0.00577829,1.04062e+06,0.0970059,-0.000653603,979427,996.661,748938,1422.44,255553,0.0604621,13943.1,3.38516e+06,33.8618,6743.79,5.70168,130000
69.2,-0.00577829,1.04062e+06,0.0966186,-0.000653603,979422,992.792,748938,1419.15,255555,0.0602211,13912.5,3.38028e+06,33.626,6698.12,5.70115,130000
69.3,-0.00577829,1.04062e+06,0.0962329,-0.000653603,979416,988.938,748938,1415.86,255556,0.0599811,13882.1,3.37542e+06,33.3919,6652.77,5.70063,130000
69.4,-0.00577829,1.04062e+06,0.0958487,-0.000653603,979411,985.098,748938,1412.57,255558,0.059742,13851.7,3.37057e+06,33.1595,6607.73,5.7001,130000
69.5,-0.00577829,1.04062e+06,0.0954661,-0.000653603,979406,981.272,748938,1409.3,255559,0.0595039,13821.5,3.36573e+06,32.9286,6563.01,5.69958,130000
69.6,-0.00577829,1.04062e+06,0.095085,-0.000653603,979401,977.461,748938,1406.02,255561,0.0592668,13791.3,3.3609e+06,32.6994,6518.59,5.69906,130000
69.7,-0.00577829,1.04062e+06,0.0947054,-0.000653603,979396,973.663,748938,1402.76,255563,0.0590306,13761.2,3.35609e+06,32.4717,6474.48,5.69854,130000
69.8,-0.00577829,1.04062e+06,0.0943273,-0.000653603,979390,969.88,748938,1399.5,255564,0.0587953,13731.3,3.3513e+06,32.2457,6430.68,5.69803,130000
69.9,-0.00577829,1.04062e+06,0.0939508,-0.000653603,979385,966.111,748938,1396.25,255566,0.0585609,13701.4,3.34651e+06,32.0212,6387.18,5.69751,130000
70,-0.00577829,1.04062e+06,0.0935757,-0.000653603,979380,962.356,748938,1393,255568,0.0583275,13671.6,3.34174e+06,31.7983,6343.98,5.697,130000
