Time,V,Ap,ApM,I,ThN,ThE,TkN,TkE,B,Ps,Pl,Bm,IgM,IgG,C,NK
0,61,1e+06,0,0,1e+06,0,500000,0,250000,0,0,0,0,0,0,130000
0.1,70.8669,1.00617e+06,0.421898,0.0264529,999995,4.8992,618892,1.79716,268562,0.0323899,0.220025,0.0443925,9.7302e-05,5.54522e-06,5.99063,131714
0.2,82.324,1.00957e+06,0.708133,0.0536376,999982,17.4831,684419,7.35386,281569,0.11047,1.66842,0.339649,0.000692767,8.52403e-05,6.49548,137319
0.3,95.6261,1.0113e+06,0.886234,0.0754321,999965,35.0174,717697,16.2346,290694,0.209151,5.2738,1.08349,0.00206612,0.000410099,7.02463,145844
0.4,111.068,1.01213e+06,0.986599,0.0921922,999944,55.4283,733718,27.676,297109,0.310319,11.6172,2.40938,0.0043072,0.00122481,7.56095,156225
0.5,128.993,1.01251e+06,1.03714,0.10552,999922,77.3082,741001,40.9724,301634,0.403268,20.9879,4.39542,0.0073798,0.00281539,8.09598,167661
0.6,149.795,1.01267e+06,1.05961,0.117184,999899,99.8062,744138,55.6208,304843,0.483225,33.4758,7.08113,0.0111825,0.00548394,8.62959,179678
0.7,173.935,1.01274e+06,1.06847,0.128578,999875,122.477,745397,71.329,307137,0.54936,49.0515,10.4823,0.015591,0.00953307,9.16667,192077
0.8,201.943,1.01276e+06,1.07166,0.140588,999852,145.118,745867,87.9622,308800,0.60287,67.6282,14.6029,0.0204858,0.0152567,9.71367,204836
0.9,234.434,1.01277e+06,1.07278,0.153529,999828,167.651,746031,105.479,310032,0.645679,89.0947,19.4411,0.0257624,0.0229368,10.2766,218017
1,272.122,1.01277e+06,1.07333,0.167933,999804,190.05,746083,123.885,310974,0.679752,113.334,24.9932,0.0313344,0.0328414,10.8612,231723
1.1,315.838,1.01277e+06,1.07376,0.183879,999781,212.31,746096,143.21,311724,0.706819,140.23,31.255,0.0371325,0.0452248,11.4737,246087
1.2,366.529,1.01277e+06,1.0739,0.201383,999757,234.427,746100,163.498,312357,0.728329,169.671,38.2224,0.0431001,0.0603295,12.1191,261233
1.3,425.291,1.01277e+06,1.07405,0.220483,999734,256.398,746102,184.799,312929,0.745457,201.553,45.8916,0.0491924,0.0783854,12.8022,277265
1.4,493.4,1.01277e+06,1.07426,0.24126,999710,278.225,746104,207.174,313477,0.759145,235.776,54.2597,0.055375,0.0996099,13.5272,294281
1.5,572.32,1.01277e+06,1.07439,0.264099,999686,299.908,746105,230.688,314034,0.77015,272.25,63.3242,0.0616208,0.12421,14.2986,312392
1.6,663.743,1.01277e+06,1.07481,0.288565,999663,321.453,746105,255.416,314626,0.779101,310.889,73.0838,0.0679088,0.152382,15.1203,331675
1.7,769.621,1.01277e+06,1.07476,0.315629,999639,342.856,746105,281.436,315274,0.78646,351.617,83.5379,0.0742232,0.184312,15.9964,352248
1.8,892.203,1.01277e+06,1.0746,0.345056,999616,364.112,746105,308.827,316001,0.792564,394.366,94.687,0.0805515,0.22018,16.9323,374229
1.9,1034.09,1.01277e+06,1.07465,0.376944,999592,385.226,746105,337.684,316827,0.797761,439.073,106.533,0.0868843,0.260156,17.9326,397718
2,1198.27,1.01277e+06,1.07497,0.411491,999568,406.201,746105,368.106,317775,0.802346,485.688,119.078,0.0932152,0.304404,19.001,422800
2.1,1388.19,1.01277e+06,1.07461,0.449086,999545,427.034,746105,400.19,318870,0.806489,534.17,132.328,0.0995395,0.353082,20.1407,449570
2.2,1607.78,1.01277e+06,1.07517,0.489748,999521,447.731,746105,434.049,320139,0.810431,584.486,146.29,0.105855,0.406344,21.3567,478113
2.3,1861.59,1.01277e+06,1.07488,0.534127,999497,468.29,746105,469.787,321613,0.814285,636.62,160.971,0.112159,0.464339,22.6521,508538
2.4,2154.85,1.01277e+06,1.07481,0.582267,999474,488.708,746105,507.517,323329,0.818181,690.567,176.385,0.118453,0.527216,24.0317,540938
2.5,2493.55,1.01277e+06,1.07489,0.634469,999450,508.988,746105,547.356,325330,0.822277,746.34,192.547,0.124738,0.595121,25.4993,575396
2.6,2884.54,1.01277e+06,1.07489,0.691419,999427,529.132,746105,589.425,327665,0.826705,803.97,209.474,0.131016,0.668202,27.0586,612011
2.7,3335.69,1.01277e+06,1.07558,0.752986,999403,549.151,746105,633.853,330394,0.831677,863.51,227.192,0.137291,0.746612,28.7129,650838
2.8,3855.87,1.01277e+06,1.0747,0.82054,999379,569.025,746105,680.74,333588,0.837167,925.041,245.729,0.143567,0.830506,30.4656,692012
2.9,4455.42,1.01276e+06,1.07466,0.893848,999356,588.763,746105,730.207,337334,0.843397,988.672,265.123,0.14985,0.920051,32.321,735574
3,5146.1,1.01276e+06,1.07406,0.97384,999332,608.364,746105,782.37,341736,0.850549,1054.56,285.417,0.156147,1.01542,34.2805,781591
3.1,5941.3,1.01276e+06,1.0745,1.06092,999308,627.83,746105,837.335,346921,0.85883,1122.89,306.669,0.162467,1.11681,36.3478,830114
3.2,6856.27,1.01276e+06,1.07424,1.15608,999285,647.166,746105,895.205,353046,0.868513,1193.92,328.946,0.16882,1.22444,38.5231,881184
3.3,7908.33,1.01276e+06,1.07446,1.26001,999261,666.375,746105,956.067,360304,0.879888,1267.98,352.334,0.17522,1.33854,40.8084,934822
3.4,9117.21,1.01276e+06,1.07399,1.37366,999238,685.443,746105,1019.97,368940,0.893193,1345.49,376.937,0.181682,1.4594,43.2034,991047
3.5,10505.3,1.01276e+06,1.07377,1.49799,999214,704.378,746105,1086.96,379265,0.908923,1426.96,402.888,0.188225,1.58733,45.7078,1.04983e+06
3.6,12098.1,1.01276e+06,1.07323,1.63441,999190,723.181,746105,1157.07,391676,0.927607,1513.08,430.351,0.194871,1.72271,48.3197,1.11114e+06
3.7,13924.2,1.01275e+06,1.07329,1.78378,999167,741.853,746105,1230.27,406692,0.949935,1604.71,459.534,0.201648,1.86599,51.0365,1.1749e+06
3.8,16016.3,1.01275e+06,1.07286,1.9481,999143,760.392,746105,1306.5,425001,0.976741,1702.97,490.704,0.208589,2.01773,53.8536,1.241e+06
3.9,18411,1.01275e+06,1.07278,2.12856,999120,778.798,746105,1385.65,447531,1.00917,1809.32,524.203,0.215739,2.17859,56.7654,1.30932e+06
4,21149.7,1.01275e+06,1.07166,2.32754,999096,797.067,746105,1467.54,475553,1.04868,1925.7,560.48,0.223148,2.3494,59.7638,1.37969e+06
4.1,24279.3,1.01274e+06,1.07155,2.54657,999073,815.206,746105,1551.94,510865,1.09736,2054.69,600.136,0.230887,2.53123,62.8408,1.45186e+06
4.2,27853.8,1.01274e+06,1.07097,2.7886,999049,833.212,746105,1638.51,556126,1.15812,2199.99,644.007,0.239048,2.72547,65.9841,1.5256e+06
4.3,31930.7,1.01274e+06,1.07031,3.05604,999026,851.083,746105,1726.85,615077,1.23485,2366.46,693.198,0.247745,2.93386,69.1818,1.6006e+06
4.4,36574.7,1.01273e+06,1.0696,3.35181,999002,868.819,746105,1816.42,693426,1.33324,2561.06,749.263,0.257133,3.15868,72.4189,1.67651e+06
4.5,41860.8,1.01273e+06,1.06862,3.67945,998979,886.416,746106,1906.58,800422,1.46202,2794.3,814.539,0.267434,3.40316,75.6779,1.75293e+06
4.6,47872,1.01273e+06,1.06782,4.04292,998955,903.877,746106,1996.55,951140,1.63473,3082.12,892.539,0.27896,3.67176,78.9408,1.82943e+06
4.7,54700.7,1.01272e+06,1.06672,4.44652,998932,921.198,746106,2085.4,1.17125e+06,1.87322,3449.75,988.769,0.292172,3.97093,82.1873,1.90554e+06
4.8,62449.2,1.01272e+06,1.06492,4.89512,998908,938.379,746106,2172.05,1.50636e+06,2.21372,3938.24,1112.12,0.307764,4.31019,85.3963,1.98077e+06
4.9,71231.6,1.01271e+06,1.06362,5.39401,998885,955.406,746106,2255.22,2.04465e+06,2.72183,4620.26,1278.2,0.326867,4.70465,88.5471,2.05461e+06
5,81172.8,1.0127e+06,1.06175,5.94912,998862,972.285,746106,2333.55,2.96449e+06,3.52093,5630.28,1515.69,0.35139,5.17926,91.6169,2.12655e+06
5.1,92408.1,1.0127e+06,1.06078,6.56657,998838,989.021,746106,2405.52,4.6571e+06,4.86031,7235.72,1881.17,0.384777,5.778,94.5854,2.19609e+06
5.2,105079,1.01269e+06,1.0586,7.25284,998815,1005.6,746106,2469.41,8.04331e+06,7.28238,10007.3,2494.66,0.433666,6.58377,97.4304,2.26276e+06
5.3,119323,1.01268e+06,1.05672,8.01346,998792,1022.03,746106,2523.46,1.55484e+07,12.0912,15300.2,3639.36,0.512168,7.76921,100.134,2.32608e+06
5.4,135240,1.01267e+06,1.05375,8.85182,998769,1038.29,746106,2565.86,3.42593e+07,22.7602,26682.9,6056.97,0.653365,9.73193,102.675,2.38565e+06
5.5,152807,1.01266e+06,1.05119,9.76347,998746,1054.38,746106,2594.93,8.74443e+07,49.6624,54716.9,11932.2,0.944178,13.5017,105.037,2.44098e+06
5.6,171576,1.01265e+06,1.04822,10.721,998723,1070.3,746106,2609.34,2.62553e+08,128.262,135284,28656.6,1.64625,22.1445,107.192,2.49145e+06
5.7,189629,1.01264e+06,1.04548,11.6165,998700,1086.05,746106,2609.02,9.31481e+08,397.184,408394,84974.6,3.66901,46.2484,109.083,2.53569e+06
5.8,199453,1.01263e+06,1.04389,12.0423,998677,1101.65,746106,2597.72,3.78115e+09,1461.19,1.48634e+06,306297,10.6467,128.072,110.547,2.56971e+06
5.9,174350,1.01265e+06,1.04776,10.5429,998654,1117.16,746106,2592.61,1.47897e+10,5828.23,5.94191e+06,1.21967e+06,38.025,448.228,111.004,2.57927e+06
6,74674.8,1.01271e+06,1.06342,4.734,998631,1132.77,746106,2643.34,3.32154e+10,18543.7,1.9367e+07,3.98421e+06,136.766,1618.84,108.568,2.51875e+06
6.1,3943.25,1.01277e+06,1.07505,0.279037,998607,1148.62,746105,2778.98,3.03934e+10,33469.8,3.74959e+07,7.79519e+06,365.552,4461.64,101.173,2.34206e+06
6.2,4.28607,1.01278e+06,1.14367,0.000339692,998583,1164.81,746104,2930.67,2.13786e+10,40817.9,5.07805e+07,1.0728e+07,689.752,8875.35,92.3517,2.13359e+06
6.3,4.45905e-05,1.01278e+06,1.13886,-0.0293936,998558,1182,746104,3075.56,1.49375e+10,42592.8,5.93787e+07,1.27781e+07,1050.05,14335.2,84.2199,1.94319e+06
6.4,-1.57764e-05,1.01278e+06,1.13432,-0.0317874,998533,1198.97,746105,3206.12,1.04369e+10,40689.6,6.46702e+07,1.41973e+07,1405.61,20439.1,76.8603,1.77087e+06
6.5,-0.000122594,1.01278e+06,1.12979,-0.0323219,998509,1215.72,746105,3323.76,7.29222e+09,36921.4,6.76432e+07,1.51678e+07,1733.09,26905.2,70.1996,1.61492e+06
6.6,-0.00264873,1.01278e+06,1.12528,-0.0323768,998484,1232.26,746105,3429.75,5.09501e+09,32395.6,6.89985e+07,1.58198e+07,2021.71,33537,64.1715,1.4738e+06
6.7,-0.00268993,1.01278e+06,1.12079,-0.0323843,998459,1248.59,746105,3525.24,3.55984e+09,27763.6,6.92329e+07,1.62461e+07,2268.28,40198.1,58.716,1.34609e+06
6.8,-0.0160605,1.01278e+06,1.11631,-0.0323742,998435,1264.72,746105,3611.26,2.48723e+09,23385.7,6.86979e+07,1.65129e+07,2473.89,46795.4,53.7785,1.23051e+06
6.9,-0.00383749,1.01278e+06,1.11186,-0.0323826,998410,1280.64,746105,3688.73,1.73783e+09,19439.9,6.7642e+07,1.6667e+07,2641.91,53265.6,49.3098,1.12592e+06
7,-0.00406311,1.01278e+06,1.10742,-0.0323826,998386,1296.35,746105,3758.5,1.21428e+09,15993.7,6.62403e+07,1.67418e+07,2776.69,59567,45.2655,1.03127e+06
7.1,-0.00447315,1.01278e+06,1.103,-0.0323825,998362,1311.86,746105,3821.31,8.48557e+08,13050,6.46164e+07,1.67609e+07,2882.85,65672.9,41.6051,945620
7.2,-0.00445155,1.01278e+06,1.09859,-0.0323825,998337,1327.17,746105,3877.85,5.93041e+08,10577,6.28571e+07,1.6741e+07,2964.82,71567,38.2923,868107
7.3,-0.0044479,1.01278e+06,1.09421,-0.0323825,998313,1342.28,746105,3928.73,4.14558e+08,8525.27,6.10229e+07,1.6694e+07,3026.64,77240.6,35.2939,797960
7.4,-0.00444682,1.01278e+06,1.08984,-0.0323825,998289,1357.2,746105,3974.51,2.89693e+08,6840.06,5.91564e+07,1.66284e+07,3071.87,82689.8,32.58,734479
7.5,-0.00444677,1.01278e+06,1.08549,-0.0323825,998266,1371.91,746105,4015.68,2.0244e+08,5466.64,5.72865e+07,1.65499e+07,3103.58,87914.6,30.1237,677031
7.6,-0.00444678,1.01278e+06,1.08116,-0.0323825,998242,1386.44,746105,4052.69,1.41507e+08,4354.57,5.54329e+07,1.64628e+07,3124.33,92917.3,27.9004,625042
7.7,-0.00444676,1.01278e+06,1.07684,-0.0323825,998218,1400.77,746105,4085.95,9.89391e+07,3458.98,5.36093e+07,1.637e+07,3136.26,97701.8,25.8881,577995
7.8,-0.00444676,1.01278e+06,1.07254,-0.0323825,998195,1414.91,746105,4115.82,6.91937e+07,2740.96,5.18245e+07,1.62736e+07,3141.14,102273,24.0666,535418
7.9,-0.00444677,1.01278e+06,1.06826,-0.0323825,998171,1428.86,746105,4142.63,4.83896e+07,2167.44,5.00842e+07,1.6175e+07,3140.41,106637,22.4178,496888
8,-0.00444678,1.01278e+06,1.064,-0.0323825,998148,1442.62,746106,4166.68,3.38775e+07,1710.85,4.83919e+07,1.60753e+07,3135.24,110799,20.9254,462020
8.1,-0.00444678,1.01278e+06,1.05975,-0.0323825,998125,1456.2,746106,4188.24,2.37736e+07,1348.38,4.67493e+07,1.59751e+07,3126.57,114766,19.5744,430465
8.2,-0.00444678,1.01278e+06,1.05552,-0.0323825,998101,1469.59,746106,4207.55,1.67019e+07,1061.29,4.51572e+07,1.58751e+07,3115.16,118544,18.3515,401910
8.3,-0.00444678,1.01278e+06,1.0513,-0.0323825,998078,1482.8,746106,4224.82,1.17574e+07,834.345,4.36158e+07,1.57755e+07,3101.6,122140,17.2444,376068
8.4,-0.00444678,1.01278e+06,1.04711,-0.0323825,998055,1495.83,746106,4240.24,8.30999e+06,655.281,4.21244e+07,1.56765e+07,3086.39,125560,16.2421,352683
8.5,-0.00444678,1.01278e+06,1.04293,-0.0323825,998032,1508.68,746106,4254.01,5.89972e+06,514.211,4.06822e+07,1.55784e+07,3069.91,128809,15.3348,331519
8.6,-0.00444678,1.01278e+06,1.03876,-0.0323825,998010,1521.35,746106,4266.27,4.21395e+06,403.216,3.92882e+07,1.54811e+07,3052.45,131895,14.5133,312368
8.7,-0.00444678,1.01278e+06,1.03462,-0.0323825,997987,1533.85,746106,4277.17,3.03791e+06,315.988,3.79411e+07,1.53849e+07,3034.26,134822,13.7695,295036
8.8,-0.00444678,1.01278e+06,1.03049,-0.0323825,997964,1546.17,746106,4286.84,2.21616e+06,247.51,3.66395e+07,1.52898e+07,3015.53,137597,13.0961,279351
8.9,-0.00444678,1.01278e+06,1.02637,-0.0323825,997942,1558.32,746106,4295.4,1.64126e+06,193.801,3.53823e+07,1.51957e+07,2996.39,140226,12.4863,265157
9,-0.00444678,1.01278e+06,1.02228,-0.0323825,997919,1570.29,746106,4302.95,1.23937e+06,151.71,3.41678e+07,1.51026e+07,2976.98,142712,11.934,252312
9.1,-0.00444678,1.01278e+06,1.0182,-0.0323825,997897,1582.1,746106,4309.59,958899,118.749,3.29949e+07,1.50107e+07,2957.38,145063,11.434,240688
9.2,-0.00444678,1.01278e+06,1.01413,-0.0323825,997875,1593.74,746106,4315.39,763521,92.9517,3.18622e+07,1.49198e+07,2937.67,147282,10.981,230169
9.3,-0.00444678,1.01278e+06,1.01008,-0.0323825,997852,1605.21,746106,4320.45,627352,72.7682,3.07683e+07,1.48299e+07,2917.89,149375,10.5708,220649
9.4,-0.00444678,1.01278e+06,1.00605,-0.0323825,997830,1616.51,746106,4324.83,532153,56.9833,2.97119e+07,1.47412e+07,2898.09,151346,10.1992,212034
9.5,-0.00444678,1.01278e+06,1.00203,-0.0323825,997808,1627.65,746106,4328.58,465430,44.6451,2.86918e+07,1.46534e+07,2878.32,153200,9.86257,204238
9.6,-0.00444678,1.01278e+06,0.998033,-0.0323825,997786,1638.63,746107,4331.78,418725,35.0061,2.77067e+07,1.45667e+07,2858.58,154941,9.55758,197182
9.7,-0.00444678,1.01278e+06,0.994049,-0.0323825,997765,1649.45,746107,4334.46,386150,27.4777,2.67554e+07,1.4481e+07,2838.91,156573,9.28123,190797
9.8,-0.00444678,1.01278e+06,0.990081,-0.0323825,997743,1660.1,746107,4336.68,363435,21.5985,2.58369e+07,1.43963e+07,2819.32,158101,9.03079,185019
9.9,-0.00444678,1.01278e+06,0.986129,-0.0323825,997721,1670.6,746107,4338.48,347525,17.0083,2.49499e+07,1.43125e+07,2799.82,159529,8.8038,179791
10,-0.00444678,1.01278e+06,0.982192,-0.0323825,997700,1680.94,746107,4339.89,336350,13.4253,2.40934e+07,1.42297e+07,2780.42,160859,8.59804,175059
10.1,-0.00444678,1.01278e+06,0.978271,-0.0323825,997678,1691.13,746107,4340.95,328522,10.6293,2.32664e+07,1.41479e+07,2761.13,162097,8.41149,170776
10.2,-0.00444678,1.01278e+06,0.974366,-0.0323825,997657,1701.16,746107,4341.69,323066,8.44762,2.24677e+07,1.4067e+07,2741.95,163244,8.24232,166901
10.3,-0.00444678,1.01278e+06,0.970476,-0.0323825,997636,1711.04,746107,4342.13,319266,6.74531,2.16966e+07,1.3987e+07,2722.89,164306,8.08889,163394
10.4,-0.00444678,1.01278e+06,0.966602,-0.0323825,997614,1720.76,746107,4342.31,316604,5.41706,2.09519e+07,1.39079e+07,2703.95,165284,7.9497,160220
10.5,-0.00444678,1.01278e+06,0.962743,-0.0323825,997593,1730.34,746107,4342.24,314731,4.3807,2.02329e+07,1.38297e+07,2685.13,166183,7.8234,157348
10.6,-0.00444678,1.01278e+06,0.9589,-0.0323825,997572,1739.77,746107,4341.94,313415,3.5721,1.95386e+07,1.37523e+07,2666.43,167005,7.70876,154749
10.7,-0.00444678,1.01277e+06,0.955072,-0.0323825,997551,1749.05,746107,4341.44,312497,2.94114,1.88682e+07,1.36758e+07,2647.86,167754,7.60468,152397
10.8,-0.00444678,1.01277e+06,0.951259,-0.0323825,997530,1758.18,746107,4340.74,311859,2.44868,1.82208e+07,1.36001e+07,2629.42,168431,7.51015,150269
10.9,-0.00444678,1.01277e+06,0.947462,-0.0323825,997510,1767.17,746107,4339.87,311411,2.0642,1.75956e+07,1.35253e+07,2611.09,169041,7.42427,148342
11,-0.00444678,1.01278e+06,0.94368,-0.0323825,997489,1776.02,746108,4338.84,311094,1.76391,1.6992e+07,1.34513e+07,2592.9,169585,7.34622,146599
11.1,-0.00444678,1.01278e+06,0.939912,-0.0323825,997468,1784.72,746108,4337.65,310870,1.52928,1.64091e+07,1.33781e+07,2574.82,170066,7.27526,145022
11.2,-0.00444678,1.01278e+06,0.93616,-0.0323825,997448,1793.28,746108,4336.33,310712,1.34583,1.58463e+07,1.33056e+07,2556.87,170487,7.2107,143594
11.3,-0.00444678,1.01278e+06,0.932423,-0.0323825,997427,1801.71,746107,4334.87,310602,1.20225,1.53028e+07,1.3234e+07,2539.05,170849,7.15195,142302
11.4,-0.00444678,1.01277e+06,0.928701,-0.0323825,997407,1809.99,746107,4333.3,310524,1.08976,1.4778e+07,1.31631e+07,2521.35,171156,7.09845,141133
11.5,-0.00444678,1.01278e+06,0.924994,-0.0323825,997387,1818.14,746108,4331.61,310467,1.0015,1.42713e+07,1.30929e+07,2503.77,171409,7.04971,140075
11.6,-0.00444678,1.01278e+06,0.921301,-0.0323825,997367,1826.15,746108,4329.82,310426,0.932119,1.37819e+07,1.30235e+07,2486.31,171611,7.00527,139117
11.7,-0.00444678,1.01278e+06,0.917623,-0.0323825,997346,1834.03,746108,4327.93,310396,0.877459,1.33094e+07,1.29548e+07,2468.98,171764,6.96473,138251
11.8,-0.00444678,1.01277e+06,0.91396,-0.0323825,997326,1841.77,746108,4325.95,310374,0.834287,1.28532e+07,1.28869e+07,2451.76,171869,6.92771,137467
11.9,-0.00444678,1.01277e+06,0.910311,-0.0323825,997306,1849.38,746107,4323.88,310358,0.800074,1.24126e+07,1.28196e+07,2434.67,171929,6.89389,136757
12,-0.00444678,1.01277e+06,0.906677,-0.0323825,997287,1856.86,746107,4321.73,310347,0.7729,1.19872e+07,1.2753e+07,2417.69,171945,6.86296,136115
12.1,-0.00444678,1.01277e+06,0.903058,-0.0323825,997267,1864.21,746107,4319.51,310337,0.751115,1.15764e+07,1.26871e+07,2400.83,171920,6.83465,135534
12.2,-0.00444678,1.01277e+06,0.899453,-0.0323825,997247,1871.44,746108,4317.21,310329,0.733577,1.11797e+07,1.26219e+07,2384.09,171854,6.80871,135008
12.3,-0.00444678,1.01277e+06,0.895862,-0.0323825,997227,1878.53,746108,4314.84,310322,0.719266,1.07967e+07,1.25574e+07,2367.47,171750,6.78491,134532
12.4,-0.00444678,1.01278e+06,0.892286,-0.0323825,997208,1885.5,746108,4312.4,310315,0.707489,1.04269e+07,1.24935e+07,2350.96,171610,6.76305,134101
12.5,-0.00444678,1.01278e+06,0.888724,-0.0323825,997188,1892.34,746108,4309.9,310309,0.6977,1.00697e+07,1.24302e+07,2334.57,171434,6.74295,133712
12.6,-0.00444678,1.01278e+06,0.885176,-0.0323825,997169,1899.06,746108,4307.35,310304,0.689473,9.72484e+06,1.23676e+07,2318.29,171224,6.72445,133359
12.7,-0.00444678,1.01278e+06,0.881643,-0.0323825,997150,1905.66,746108,4304.73,310300,0.682481,9.39183e+06,1.23056e+07,2302.12,170982,6.70738,133040
12.8,-0.00444678,1.01277e+06,0.878123,-0.0323825,997130,1912.13,746108,4302.06,310296,0.676509,9.07027e+06,1.22442e+07,2286.07,170709,6.69163,132751
12.9,-0.00444678,1.01277e+06,0.874618,-0.0323825,997111,1918.49,746108,4299.34,310294,0.671361,8.75977e+06,1.21834e+07,2270.13,170406,6.67706,132489
13,-0.00444678,1.01277e+06,0.871126,-0.0323825,997092,1924.72,746108,4296.57,310291,0.666767,8.45993e+06,1.21232e+07,2254.3,170076,6.66356,132253
13.1,-0.00444678,1.01277e+06,0.867649,-0.0323825,997073,1930.84,746108,4293.74,310288,0.662753,8.17041e+06,1.20636e+07,2238.58,169718,6.65103,132039
13.2,-0.00444679,1.01277e+06,0.864185,-0.0323825,997054,1936.84,746107,4290.87,310287,0.659215,7.89084e+06,1.20046e+07,2222.97,169334,6.63939,131845
13.3,-0.00444679,1.01277e+06,0.860735,-0.0323825,997035,1942.72,746107,4287.96,310284,0.655795,7.62088e+06,1.19461e+07,2207.47,168926,6.62855,131670
13.4,-0.00444679,1.01277e+06,0.857299,-0.0323825,997017,1948.49,746107,4284.99,310281,0.652593,7.36021e+06,1.18882e+07,2192.08,168494,6.61842,131512
13.5,-0.00444679,1.01277e+06,0.853877,-0.0323825,996998,1954.15,746108,4281.99,310279,0.649652,7.10849e+06,1.18309e+07,2176.79,168039,6.60895,131368
13.6,-0.00444679,1.01277e+06,0.850468,-0.0323825,996979,1959.69,746108,4278.94,310275,0.646647,6.86543e+06,1.17741e+07,2161.61,167563,6.60008,131238
13.7,-0.00444679,1.01278e+06,0.847073,-0.0323825,996961,1965.12,746109,4275.86,310271,0.643629,6.63072e+06,1.17178e+07,2146.54,167067,6.59174,131121
13.8,-0.00444679,1.01278e+06,0.843691,-0.0323825,996942,1970.44,746109,4272.73,310267,0.640718,6.40408e+06,1.16621e+07,2131.57,166551,6.58388,131015
13.9,-0.00444679,1.01278e+06,0.840323,-0.0323825,996924,1975.65,746110,4269.56,310263,0.637789,6.18523e+06,1.16069e+07,2116.71,166016,6.57647,130918
14,-0.00444679,1.01278e+06,0.836969,-0.0323825,996906,1980.75,746110,4266.36,310259,0.634856,5.9739e+06,1.15522e+07,2101.95,165464,6.56946,130831
14.1,-0.00444679,1.01278e+06,0.833628,-0.0323825,996887,1985.74,746110,4263.12,310255,0.631967,5.76984e+06,1.1498e+07,2087.29,164895,6.56281,130752
14.2,-0.00444679,1.01278e+06,0.8303,-0.0323825,996869,1990.63,746110,4259.84,310252,0.629148,5.57279e+06,1.14443e+07,2072.74,164309,6.55649,130681
14.3,-0.00444679,1.01278e+06,0.826985,-0.0323825,996851,1995.41,746109,4256.53,310249,0.626337,5.38251e+06,1.13911e+07,2058.28,163709,6.55047,130616
14.4,-0.00444679,1.01278e+06,0.823684,-0.0323825,996833,2000.08,746109,4253.18,310245,0.623439,5.19877e+06,1.13384e+07,2043.93,163094,6.54471,130557
14.5,-0.00444679,1.01277e+06,0.820396,-0.0323825,996815,2004.65,746109,4249.8,310241,0.620561,5.02133e+06,1.12862e+07,2029.68,162466,6.53919,130504
14.6,-0.00444679,1.01277e+06,0.817121,-0.0323825,996797,2009.12,746109,4246.38,310238,0.617755,4.84999e+06,1.12345e+07,2015.53,161824,6.5339,130455
14.7,-0.00444679,1.01277e+06,0.813859,-0.0323825,996779,2013.49,746109,4242.93,310235,0.615088,4.68454e+06,1.11832e+07,2001.47,161171,6.52882,130412
14.8,-0.00444679,1.01277e+06,0.81061,-0.0323825,996762,2017.76,746109,4239.45,310233,0.612649,4.52479e+06,1.11324e+07,1987.52,160505,6.52393,130372
14.9,-0.00444679,1.01277e+06,0.807374,-0.0323825,996744,2021.93,746109,4235.93,310231,0.610171,4.37051e+06,1.1082e+07,1973.66,159829,6.51921,130336
15,-0.00444679,1.01277e+06,0.804151,-0.0323825,996726,2026,746109,4232.38,310230,0.607764,4.22154e+06,1.10321e+07,1959.9,159142,6.51465,130304
15.1,-0.00444679,1.01278e+06,0.800941,-0.0323825,996709,2029.97,746109,4228.81,310228,0.605425,4.0777e+06,1.09827e+07,1946.23,158445,6.51023,130275
15.2,-0.00444679,1.01278e+06,0.797743,-0.0323825,996691,2033.84,746110,4225.2,310226,0.603138,3.9388e+06,1.09336e+07,1932.66,157740,6.50594,130249
15.3,-0.00444679,1.01278e+06,0.794559,-0.0323825,996674,2037.62,746110,4221.56,310225,0.600876,3.80467e+06,1.0885e+07,1919.18,157025,6.50177,130225
15.4,-0.00444679,1.01278e+06,0.791387,-0.0323825,996657,2041.3,746110,4217.89,310223,0.598608,3.67516e+06,1.08369e+07,1905.8,156302,6.49772,130203
15.5,-0.00444679,1.01278e+06,0.788228,-0.0323825,996639,2044.89,746110,4214.19,310222,0.596295,3.55009e+06,1.07891e+07,1892.51,155572,6.49376,130184
15.6,-0.00444679,1.01278e+06,0.785081,-0.0323825,996622,2048.39,746110,4210.46,310220,0.594081,3.42932e+06,1.07418e+07,1879.32,154835,6.48988,130166
15.7,-0.00444679,1.01278e+06,0.781947,-0.0323825,996605,2051.79,746110,4206.7,310219,0.591898,3.31269e+06,1.06949e+07,1866.21,154091,6.48609,130150
15.8,-0.00444679,1.01278e+06,0.778825,-0.0323825,996588,2055.1,746110,4202.92,310218,0.58971,3.20006e+06,1.06483e+07,1853.2,153340,6.48237,130136
15.9,-0.00444679,1.01278e+06,0.775716,-0.0323825,996571,2058.32,746110,4199.1,310216,0.58749,3.0913e+06,1.06022e+07,1840.28,152584,6.47872,130123
16,-0.00444679,1.01278e+06,0.77262,-0.0323825,996554,2061.46,746110,4195.26,310214,0.585202,2.98628e+06,1.05565e+07,1827.45,151823,6.47514,130111
16.1,-0.00444679,1.01278e+06,0.769535,-0.0323825,996537,2064.5,746110,4191.39,310212,0.582806,2.88488e+06,1.05112e+07,1814.7,151056,6.47161,130100
16.2,-0.00444679,1.01278e+06,0.766463,-0.0323825,996521,2067.45,746110,4187.49,310211,0.580574,2.78693e+06,1.04662e+07,1802.05,150285,6.46813,130090
16.3,-0.00444679,1.01278e+06,0.763404,-0.0323825,996504,2070.32,746110,4183.57,310209,0.578338,2.69234e+06,1.04216e+07,1789.48,149510,6.46469,130081
16.4,-0.00444679,1.01278e+06,0.760356,-0.0323825,996487,2073.1,746110,4179.62,310208,0.576081,2.60099e+06,1.03774e+07,1777.01,148731,6.4613,130073
16.5,-0.00444679,1.01278e+06,0.757321,-0.0323825,996471,2075.8,746110,4175.64,310206,0.573791,2.51279e+06,1.03336e+07,1764.62,147948,6.45796,130066
16.6,-0.00444679,1.01278e+06,0.754297,-0.0323825,996454,2078.41,746110,4171.64,310205,0.571453,2.42763e+06,1.02901e+07,1752.31,147163,6.45466,130059
16.7,-0.00444679,1.01278e+06,0.751286,-0.0323825,996438,2080.94,746110,4167.61,310203,0.569059,2.34542e+06,1.0247e+07,1740.09,146374,6.4514,130054
16.8,-0.00444679,1.01278e+06,0.748287,-0.0323825,996422,2083.39,746110,4163.56,310201,0.566746,2.26598e+06,1.02043e+07,1727.96,145583,6.44816,130048
16.9,-0.00444679,1.01278e+06,0.7453,-0.0323825,996405,2085.75,746110,4159.48,310200,0.564431,2.18928e+06,1.01619e+07,1715.91,144790,6.44496,130043
17,-0.00444679,1.01278e+06,0.742325,-0.0323825,996389,2088.03,746110,4155.38,310198,0.562116,2.11521e+06,1.01198e+07,1703.95,143994,6.44178,130038
17.1,-0.00444679,1.01278e+06,0.739361,-0.0323825,996373,2090.23,746110,4151.25,310197,0.559804,2.04369e+06,1.00781e+07,1692.07,143197,6.43864,130034
17.2,-0.00444679,1.01278e+06,0.73641,-0.0323825,996357,2092.36,746110,4147.1,310195,0.557497,1.97464e+06,1.00368e+07,1680.27,142399,6.43553,130031
17.3,-0.00444679,1.01277e+06,0.73347,-0.0323825,996341,2094.4,746110,4142.92,310194,0.5552,1.90799e+06,9.99574e+06,1668.55,141599,6.43244,130028
17.4,-0.00444679,1.01277e+06,0.730542,-0.0323825,996325,2096.36,746110,4138.72,310193,0.552911,1.84359e+06,9.95503e+06,1656.92,140798,6.42938,130025
17.5,-0.00444679,1.01277e+06,0.727626,-0.0323825,996309,2098.25,746110,4134.5,310192,0.550635,1.7814e+06,9.91466e+06,1645.36,139997,6.42633,130022
17.6,-0.00444679,1.01277e+06,0.724721,-0.0323825,996293,2100.06,746110,4130.25,310190,0.548377,1.72135e+06,9.87461e+06,1633.89,139195,6.42331,130020
17.7,-0.00444679,1.01277e+06,0.721828,-0.0323825,996277,2101.8,746110,4125.98,310189,0.546141,1.66337e+06,9.83488e+06,1622.5,138393,6.42031,130018
17.8,-0.00444679,1.01277e+06,0.718946,-0.0323825,996262,2103.46,746110,4121.69,310188,0.543932,1.6074e+06,9.79546e+06,1611.19,137590,6.41733,130016
17.9,-0.00444679,1.01277e+06,0.716076,-0.0323825,996246,2105.05,746111,4117.37,310187,0.541746,1.55335e+06,9.75635e+06,1599.95,136788,6.41437,130014
18,-0.00444679,1.01277e+06,0.713218,-0.0323825,996230,2106.56,746111,4113.03,310187,0.53956,1.50115e+06,9.71756e+06,1588.8,135986,6.41142,130013
18.1,-0.00444679,1.01277e+06,0.710371,-0.0323825,996215,2108,746111,4108.67,310186,0.53739,1.45073e+06,9.67906e+06,1577.72,135185,6.40849,130011
18.2,-0.00444679,1.01277e+06,0.707535,-0.0323825,996199,2109.37,746111,4104.29,310185,0.535235,1.40205e+06,9.64087e+06,1566.72,134384,6.40558,130010
18.3,-0.00444679,1.01278e+06,0.70471,-0.0323825,996184,2110.67,746111,4099.89,310184,0.533097,1.35505e+06,9.60297e+06,1555.79,133584,6.40268,130009
18.4,-0.00444679,1.01278e+06,0.701897,-0.0323825,996169,2111.89,746111,4095.46,310183,0.530972,1.30967e+06,9.56537e+06,1544.94,132785,6.39979,130008
18.5,-0.00444679,1.01278e+06,0.699095,-0.0323825,996153,2113.05,746111,4091.02,310183,0.528861,1.26585e+06,9.52806e+06,1534.17,131987,6.39692,130007
18.6,-0.00444679,1.01278e+06,0.696304,-0.0323825,996138,2114.14,746111,4086.55,310182,0.526761,1.22352e+06,9.49103e+06,1523.48,131191,6.39406,130007
18.7,-0.00444679,1.01278e+06,0.693525,-0.0323825,996123,2115.16,746111,4082.06,310182,0.524671,1.18264e+06,9.45429e+06,1512.85,130396,6.39122,130006
18.8,-0.00444679,1.01278e+06,0.690756,-0.0323825,996108,2116.11,746111,4077.55,310181,0.522589,1.14317e+06,9.41783e+06,1502.3,129602,6.38839,130005
18.9,-0.00444679,1.01278e+06,0.687999,-0.0323825,996093,2117,746111,4073.02,310180,0.520513,1.10506e+06,9.38165e+06,1491.83,128810,6.38556,130005
19,-0.00444679,1.01278e+06,0.685252,-0.0323825,996078,2117.82,746111,4068.48,310180,0.518439,1.06826e+06,9.34574e+06,1481.43,128020,6.38276,130004
19.1,-0.00444679,1.01278e+06,0.682517,-0.0323825,996063,2118.57,746111,4063.91,310179,0.516372,1.03272e+06,9.3101e+06,1471.1,127231,6.37996,130004
19.2,-0.00444679,1.01278e+06,0.679792,-0.0323825,996048,2119.26,746111,4059.32,310179,0.514319,998394,9.27473e+06,1460.84,126445,6.37717,130004
19.3,-0.00444679,1.01278e+06,0.677078,-0.0323825,996033,2119.88,746111,4054.71,310179,0.512272,965245,9.23962e+06,1450.66,125661,6.37439,130003
19.4,-0.00444679,1.01278e+06,0.674375,-0.0323825,996019,2120.44,746111,4050.09,310178,0.51023,933234,9.20478e+06,1440.54,124879,6.37162,130003
19.5,-0.00444679,1.01278e+06,0.671683,-0.0323825,996004,2120.94,746111,4045.44,310178,0.508193,902324,9.1702e+06,1430.5,124100,6.36887,130003
19.6,-0.00444679,1.01278e+06,0.669002,-0.0323825,995989,2121.38,746111,4040.78,310177,0.50616,872480,9.13587e+06,1420.52,123322,6.36612,130002
19.7,-0.00444679,1.01278e+06,0.666331,-0.0323825,995975,2121.75,746111,4036.09,310177,0.504134,843659,9.10179e+06,1410.62,122548,6.36339,130002
19.8,-0.00444679,1.01277e+06,0.663671,-0.0323825,995960,2122.06,746111,4031.39,310177,0.502117,815817,9.06797e+06,1400.78,121776,6.36066,130002
19.9,-0.00444679,1.01277e+06,0.661022,-0.0323825,995946,2122.32,746111,4026.67,310177,0.500107,788931,9.03439e+06,1391.02,121006,6.35794,130002
20,-0.00444679,1.01277e+06,0.658383,-0.0323825,995932,2122.51,746112,4021.94,310176,0.498105,762967,9.00106e+06,1381.32,120239,6.35524,130002
20.1,-0.0044468,1.01277e+06,0.655755,-0.0323825,995917,2122.64,746112,4017.18,310176,0.496111,737897,8.96797e+06,1371.69,119475,6.35254,130001
20.2,-0.0044468,1.01277e+06,0.653137,-0.0323825,995903,2122.72,746112,4012.41,310176,0.494127,713691,8.93512e+06,1362.12,118714,6.34985,130001
20.3,-0.0044468,1.01278e+06,0.65053,-0.0323825,995889,2122.74,746112,4007.62,310176,0.492149,690312,8.9025e+06,1352.62,117956,6.34718,130001
20.4,-0.0044468,1.01278e+06,0.647933,-0.0323825,995875,2122.7,746112,4002.81,310176,0.490179,667729,8.87013e+06,1343.19,117201,6.34451,130001
20.5,-0.0044468,1.01278e+06,0.645346,-0.0323825,995861,2122.6,746112,3997.99,310176,0.488217,645920,8.83798e+06,1333.83,116449,6.34185,130001
20.6,-0.0044468,1.01278e+06,0.64277,-0.0323825,995847,2122.45,746112,3993.15,310176,0.486264,624859,8.80606e+06,1324.53,115700,6.3392,130001
20.7,-0.0044468,1.01278e+06,0.640204,-0.0323825,995833,2122.25,746112,3988.29,310176,0.484321,604523,8.77437e+06,1315.29,114954,6.33656,130001
20.8,-0.0044468,1.01278e+06,0.637648,-0.0323825,995819,2121.98,746112,3983.42,310176,0.482387,584887,8.74291e+06,1306.12,114212,6.33393,130001
20.9,-0.0044468,1.01278e+06,0.635103,-0.0323825,995805,2121.67,746112,3978.53,310176,0.480462,565922,8.71167e+06,1297.02,113472,6.33131,130001
21,-0.0044468,1.01278e+06,0.632567,-0.0323825,995791,2121.3,746112,3973.62,310176,0.478543,547601,8.68064e+06,1287.97,112736,6.32869,130000
21.1,-0.0044468,1.01278e+06,0.630042,-0.0323825,995777,2120.88,746112,3968.7,310176,0.476633,529909,8.64984e+06,1278.99,112004,6.32609,130000
21.2,-0.0044468,1.01278e+06,0.627527,-0.0323825,995764,2120.4,746112,3963.77,310177,0.474731,512823,8.61925e+06,1270.07,111274,6.32349,130000
21.3,-0.0044468,1.01278e+06,0.625022,-0.0323825,995750,2119.88,746112,3958.81,310177,0.472838,496324,8.58887e+06,1261.22,110549,6.32091,130000
21.4,-0.0044468,1.01278e+06,0.622527,-0.0323825,995737,2119.3,746112,3953.85,310177,0.470952,480393,8.55871e+06,1252.43,109826,6.31833,130000
21.5,-0.0044468,1.01278e+06,0.620042,-0.0323825,995723,2118.67,746112,3948.86,310177,0.469074,465005,8.52875e+06,1243.69,109107,6.31576,130000
21.6,-0.0044468,1.01278e+06,0.617567,-0.0323825,995710,2117.99,746112,3943.87,310178,0.467203,450140,8.499e+06,1235.02,108392,6.3132,130000
21.7,-0.0044468,1.01278e+06,0.615101,-0.0323825,995696,2117.26,746112,3938.85,310178,0.465341,435784,8.46945e+06,1226.41,107680,6.31065,130000
21.8,-0.0044468,1.01278e+06,0.612646,-0.0323825,995683,2116.49,746112,3933.83,310178,0.463485,421920,8.44011e+06,1217.86,106971,6.3081,130000
21.9,-0.0044468,1.01278e+06,0.6102,-0.0323825,995670,2115.66,746112,3928.79,310179,0.461636,408532,8.41097e+06,1209.37,106267,6.30557,130000
22,-0.0044468,1.01278e+06,0.607764,-0.0323825,995656,2114.79,746112,3923.73,310179,0.459794,395605,8.38202e+06,1200.94,105565,6.30304,130000
22.1,-0.0044468,1.01277e+06,0.605338,-0.0323825,995643,2113.87,746112,3918.66,310179,0.45796,383116,8.35327e+06,1192.56,104868,6.30053,130000
22.2,-0.0044468,1.01277e+06,0.602921,-0.0323825,995630,2112.9,746112,3913.58,310180,0.456133,371052,8.32472e+06,1184.25,104174,6.29802,130000
22.3,-0.0044468,1.01277e+06,0.600514,-0.0323825,995617,2111.89,746112,3908.48,310180,0.454313,359401,8.29635e+06,1175.99,103484,6.29552,130000
22.4,-0.0044468,1.01277e+06,0.598117,-0.0323825,995604,2110.83,746112,3903.37,310181,0.4525,348148,8.26818e+06,1167.79,102797,6.29302,130000
22.5,-0.0044468,1.01277e+06,0.59573,-0.0323825,995591,2109.72,746113,3898.25,310181,0.450694,337281,8.2402e+06,1159.65,102114,6.29054,130000
22.6,-0.0044468,1.01278e+06,0.593351,-0.0323825,995578,2108.57,746113,3893.11,310182,0.448895,326788,8.2124e+06,1151.56,101435,6.28806,130000
22.7,-0.0044468,1.01278e+06,0.590983,-0.0323825,995565,2107.38,746113,3887.96,310182,0.447103,316650,8.18479e+06,1143.54,100759,6.28559,130000
22.8,-0.0044468,1.01278e+06,0.588623,-0.0323825,995552,2106.14,746113,3882.8,310183,0.445319,306856,8.15736e+06,1135.56,100088,6.28313,130000
22.9,-0.0044468,1.01278e+06,0.586274,-0.0323825,995539,2104.86,746113,3877.63,310183,0.443541,297397,8.13011e+06,1127.65,99419.7,6.28068,130000
23,-0.0044468,1.01278e+06,0.583933,-0.0323825,995527,2103.53,746113,3872.44,310184,0.441771,288262,8.10304e+06,1119.78,98755.4,6.27824,130000
23.1,-0.0044468,1.01278e+06,0.581602,-0.0323825,995514,2102.17,746113,3867.24,310185,0.440008,279439,8.07615e+06,1111.98,98094.8,6.2758,130000
23.2,-0.0044468,1.01278e+06,0.57928,-0.0323825,995501,2100.76,746113,3862.03,310185,0.438252,270919,8.04943e+06,1104.22,97437.9,6.27338,130000
23.3,-0.0044468,1.01278e+06,0.576968,-0.0323825,995489,2099.31,746113,3856.81,310186,0.436502,262686,8.02289e+06,1096.52,96784.9,6.27096,130000
23.4,-0.0044468,1.01278e+06,0.574665,-0.0323825,995476,2097.82,746113,3851.57,310187,0.43476,254733,7.99652e+06,1088.88,96135.5,6.26855,130000
23.5,-0.0044468,1.01278e+06,0.572371,-0.0323825,995464,2096.29,746113,3846.33,310188,0.433025,247051,7.97032e+06,1081.29,95489.9,6.26614,130000
23.6,-0.0044468,1.01278e+06,0.570086,-0.0323825,995452,2094.72,746113,3841.07,310188,0.431297,239632,7.94429e+06,1073.75,94848.1,6.26375,130000
23.7,-0.0044468,1.01278e+06,0.56781,-0.0323825,995439,2093.11,746113,3835.8,310189,0.429576,232466,7.91843e+06,1066.26,94210,6.26136,130000
23.8,-0.0044468,1.01278e+06,0.565543,-0.0323825,995427,2091.46,746113,3830.52,310190,0.427863,225545,7.89273e+06,1058.83,93575.7,6.25898,130000
23.9,-0.0044468,1.01278e+06,0.563286,-0.0323825,995415,2089.77,746113,3825.23,310191,0.426155,218857,7.8672e+06,1051.45,92945.1,6.25661,130000
24,-0.0044468,1.01278e+06,0.561037,-0.0323825,995402,2088.05,746113,3819.92,310192,0.424455,212396,7.84183e+06,1044.12,92318.2,6.25424,130000
24.1,-0.0044468,1.01278e+06,0.558797,-0.0323825,995390,2086.29,746113,3814.61,310192,0.422762,206155,7.81662e+06,1036.84,91695.1,6.25189,130000
24.2,-0.0044468,1.01278e+06,0.556567,-0.0323825,995378,2084.49,746113,3809.29,310193,0.421076,200127,7.79157e+06,1029.61,91075.8,6.24954,130000
24.3,-0.0044468,1.01278e+06,0.554345,-0.0323825,995366,2082.65,746113,3803.95,310194,0.419396,194304,7.76667e+06,1022.43,90460.1,6.2472,130000
24.4,-0.0044468,1.01278e+06,0.552132,-0.0323825,995354,2080.78,746113,3798.61,310195,0.417723,188680,7.74194e+06,1015.3,89848.2,6.24487,130000
24.5,-0.0044468,1.01277e+06,0.549928,-0.0323825,995342,2078.87,746113,3793.25,310196,0.416057,183245,7.71736e+06,1008.22,89240,6.24254,130000
24.6,-0.0044468,1.01277e+06,0.547732,-0.0323825,995330,2076.92,746113,3787.89,310197,0.414397,177994,7.69293e+06,1001.19,88635.5,6.24023,130000
24.7,-0.0044468,1.01277e+06,0.545546,-0.0323825,995318,2074.95,746113,3782.51,310198,0.412744,172921,7.66866e+06,994.212,88034.7,6.23792,130000
24.8,-0.0044468,1.01278e+06,0.543368,-0.0323825,995306,2072.93,746113,3777.13,310199,0.411098,168020,7.64453e+06,987.28,87437.6,6.23561,130000
24.9,-0.0044468,1.01278e+06,0.541199,-0.0323825,995295,2070.88,746113,3771.74,310200,0.409458,163287,7.62056e+06,980.397,86844.2,6.23332,130000
25,-0.0044468,1.01278e+06,0.539038,-0.0323825,995283,2068.8,746113,3766.34,310201,0.407825,158714,7.59673e+06,973.562,86254.5,6.23103,130000
25.1,-0.0044468,1.01278e+06,0.536887,-0.0323825,995271,2066.69,746113,3760.92,310202,0.406198,154294,7.57305e+06,966.774,85668.4,6.22876,130000
25.2,-0.0044468,1.01278e+06,0.534743,-0.0323825,995260,2064.54,746114,3755.5,310203,0.404578,150024,7.54952e+06,960.034,85086,6.22648,130000
25.3,-0.0044468,1.01278e+06,0.532609,-0.0323825,995248,2062.36,746114,3750.07,310204,0.402964,145898,7.52613e+06,953.341,84507.2,6.22422,130000
25.4,-0.0044468,1.01278e+06,0.530482,-0.0323825,995237,2060.15,746114,3744.63,310205,0.401357,141912,7.50288e+06,946.694,83932.1,6.22196,130000
25.5,-0.0044468,1.01278e+06,0.528365,-0.0323825,995225,2057.91,746114,3739.19,310206,0.399756,138061,7.47977e+06,940.094,83360.6,6.21971,130000
25.6,-0.0044468,1.01278e+06,0.526255,-0.0323825,995214,2055.63,746114,3733.73,310207,0.398162,134341,7.4568e+06,933.54,82792.6,6.21747,130000
25.7,-0.0044468,1.01278e+06,0.524155,-0.0323825,995202,2053.33,746114,3728.27,310209,0.396573,130744,7.43398e+06,927.031,82228.3,6.21524,130000
25.8,-0.0044468,1.01278e+06,0.522062,-0.0323825,995191,2050.99,746114,3722.79,310210,0.394992,127269,7.41129e+06,920.568,81667.6,6.21301,130000
25.9,-0.0044468,1.01278e+06,0.519978,-0.0323825,995180,2048.63,746114,3717.31,310211,0.393416,123911,7.38873e+06,914.15,81110.5,6.21079,130000
26,-0.0044468,1.01278e+06,0.517902,-0.0323825,995168,2046.23,746114,3711.83,310212,0.391847,120667,7.36631e+06,907.777,80556.9,6.20858,130000
26.1,-0.0044468,1.01278e+06,0.515835,-0.0323825,995157,2043.81,746114,3706.33,310213,0.390284,117532,7.34403e+06,901.448,80006.8,6.20638,130000
26.2,-0.0044468,1.01278e+06,0.513776,-0.0323825,995146,2041.35,746114,3700.83,310215,0.388728,114502,7.32187e+06,895.163,79460.3,6.20418,130000
26.3,-0.0044468,1.01278e+06,0.511725,-0.0323825,995135,2038.87,746114,3695.31,310216,0.387177,111574,7.29985e+06,888.922,78917.3,6.20199,130000
26.4,-0.0044468,1.01278e+06,0.509682,-0.0323825,995124,2036.36,746114,3689.8,310217,0.385633,108743,7.27796e+06,882.725,78377.7,6.19981,130000
26.5,-0.0044468,1.01278e+06,0.507647,-0.0323825,995113,2033.82,746114,3684.27,310218,0.384095,106008,7.2562e+06,876.571,77841.7,6.19763,130000
26.6,-0.0044468,1.01278e+06,0.505621,-0.0323825,995102,2031.25,746114,3678.74,310220,0.382563,103364,7.23456e+06,870.459,77309.2,6.19546,130000
26.7,-0.0044468,1.01278e+06,0.503602,-0.0323825,995091,2028.66,746114,3673.2,310221,0.381037,100810,7.21305e+06,864.391,76780.1,6.1933,130000
26.8,-0.0044468,1.01278e+06,0.501592,-0.0323825,995080,2026.04,746114,3667.65,310222,0.379518,98341,7.19167e+06,858.364,76254.4,6.19115,130000
26.9,-0.0044468,1.01278e+06,0.499589,-0.0323825,995069,2023.4,746114,3662.09,310224,0.378004,95953.8,7.17042e+06,852.38,75732.2,6.189,130000
27,-0.0044468,1.01278e+06,0.497595,-0.0323825,995058,2020.72,746114,3656.53,310225,0.376497,93646.2,7.14928e+06,846.438,75213.4,6.18686,130000
27.1,-0.0044468,1.01278e+06,0.495609,-0.0323825,995048,2018.03,746114,3650.97,310226,0.374996,91415.8,7.12827e+06,840.536,74697.9,6.18473,130000
27.2,-0.0044468,1.01278e+06,0.49363,-0.0323825,995037,2015.3,746114,3645.39,310228,0.3735,89259.9,7.10738e+06,834.676,74185.9,6.1826,130000
27.3,-0.0044468,1.01278e+06,0.49166,-0.0323825,995026,2012.56,746114,3639.81,310229,0.372011,87176.2,7.08661e+06,828.857,73677.2,6.18049,130000
27.4,-0.0044468,1.01278e+06,0.489697,-0.0323825,995015,2009.78,746114,3634.23,310230,0.370527,85161.6,7.06596e+06,823.079,73171.8,6.17837,130000
27.5,-0.0044468,1.01278e+06,0.487742,-0.0323825,995005,2006.99,746114,3628.63,310232,0.36905,83213.5,7.04543e+06,817.341,72669.8,6.17627,130000
27.6,-0.0044468,1.01278e+06,0.485795,-0.0323825,994994,2004.17,746114,3623.04,310233,0.367578,81330,7.02502e+06,811.642,72171.1,6.17417,130000
27.7,-0.0044468,1.01278e+06,0.483856,-0.0323825,994984,2001.32,746114,3617.43,310235,0.366113,79509,7.00472e+06,805.984,71675.7,6.17208,130000
27.8,-0.0044468,1.01278e+06,0.481924,-0.0323825,994973,1998.46,746114,3611.82,310236,0.364653,77748.5,6.98454e+06,800.365,71183.5,6.17,130000
27.9,-0.0044468,1.01278e+06,0.48,-0.0323825,994963,1995.57,746114,3606.21,310238,0.363199,76046.6,6.96447e+06,794.785,70694.7,6.16792,130000
28,-0.0044468,1.01278e+06,0.478084,-0.0323825,994953,1992.65,746114,3600.59,310239,0.36175,74400.7,6.94451e+06,789.244,70209,6.16585,130000
28.1,-0.0044468,1.01278e+06,0.476176,-0.0323825,994942,1989.72,746114,3594.96,310241,0.360308,72808.6,6.92467e+06,783.742,69726.6,6.16379,130000
28.2,-0.0044468,1.01278e+06,0.474275,-0.0323825,994932,1986.76,746115,3589.33,310242,0.358871,71269.1,6.90494e+06,778.278,69247.4,6.16173,130000
28.3,-0.0044468,1.01278e+06,0.472381,-0.0323825,994922,1983.78,746115,3583.69,310244,0.35744,69780.2,6.88532e+06,772.852,68771.4,6.15968,130000
28.4,-0.0044468,1.01278e+06,0.470496,-0.0323825,994912,1980.78,746115,3578.05,310245,0.356015,68340.4,6.8658e+06,767.464,68298.6,6.15764,130000
28.5,-0.0044468,1.01278e+06,0.468617,-0.0323825,994901,1977.76,746115,3572.41,310247,0.354596,66948.2,6.8464e+06,762.114,67828.9,6.1556,130000
28.6,-0.0044468,1.01278e+06,0.466747,-0.0323825,994891,1974.72,746115,3566.76,310248,0.353182,65601.2,6.82711e+06,756.801,67362.3,6.15358,130000
28.7,-0.0044468,1.01278e+06,0.464883,-0.0323825,994881,1971.65,746115,3561.1,310250,0.351774,64298.1,6.80792e+06,751.524,66898.9,6.15155,130000
28.8,-0.0044468,1.01278e+06,0.463028,-0.0323825,994871,1968.57,746115,3555.44,310251,0.350371,63037.5,6.78884e+06,746.285,66438.6,6.14954,130000
28.9,-0.0044468,1.01278e+06,0.461179,-0.0323825,994861,1965.47,746115,3549.78,310253,0.348974,61818.1,6.76986e+06,741.083,65981.4,6.14753,130000
29,-0.0044468,1.01278e+06,0.459338,-0.0323825,994851,1962.35,746115,3544.11,310255,0.347583,60638.5,6.75099e+06,735.916,65527.2,6.14553,130000
29.1,-0.0044468,1.01278e+06,0.457505,-0.0323825,994841,1959.2,746115,3538.43,310256,0.346197,59497.4,6.73222e+06,730.786,65076.1,6.14353,130000
29.2,-0.0044468,1.01278e+06,0.455678,-0.0323825,994831,1956.04,746115,3532.76,310258,0.344816,58393.1,6.71355e+06,725.691,64628.1,6.14154,130000
29.3,-0.0044468,1.01278e+06,0.453859,-0.0323825,994821,1952.86,746115,3527.07,310259,0.343442,57324.3,6.69499e+06,720.632,64183,6.13956,130000
29.4,-0.0044468,1.01278e+06,0.452047,-0.0323825,994812,1949.67,746115,3521.39,310261,0.342072,56290.1,6.67652e+06,715.608,63741,6.13758,130000
29.5,-0.0044468,1.01278e+06,0.450243,-0.0323825,994802,1946.45,746115,3515.7,310263,0.340709,55289.3,6.65816e+06,710.619,63301.9,6.13561,130000
29.6,-0.0044468,1.01278e+06,0.448445,-0.0323825,994792,1943.22,746115,3510.01,310264,0.33935,54320.8,6.63989e+06,705.665,62865.8,6.13365,130000
29.7,-0.0044468,1.01278e+06,0.446655,-0.0323825,994783,1939.97,746115,3504.31,310266,0.337997,53383.5,6.62173e+06,700.746,62432.6,6.13169,130000
29.8,-0.0044468,1.01278e+06,0.444872,-0.0323825,994773,1936.7,746115,3498.61,310268,0.33665,52476.1,6.60366e+06,695.861,62002.4,6.12974,130000
29.9,-0.0044468,1.01278e+06,0.443096,-0.0323825,994763,1933.41,746115,3492.91,310269,0.335308,51597.5,6.58568e+06,691.009,61575.1,6.1278,130000
30,-0.0044468,1.01278e+06,0.441327,-0.0323825,994754,1930.11,746115,3487.2,310271,0.333971,50747,6.56781e+06,686.192,61150.7,6.12586,130000
30.1,-0.0044468,1.01278e+06,0.439565,-0.0323825,994744,1926.79,746115,3481.49,310273,0.332639,49923.5,6.55003e+06,681.408,60729.1,6.12393,130000
30.2,-0.0044468,1.01278e+06,0.437811,-0.0323825,994735,1923.46,746115,3475.78,310274,0.331313,49126.3,6.53234e+06,676.658,60310.5,6.12201,130000
30.3,-0.0044468,1.01278e+06,0.436063,-0.0323825,994725,1920.11,746115,3470.06,310276,0.329993,48354.5,6.51475e+06,671.941,59894.6,6.12009,130000
30.4,-0.0044468,1.01278e+06,0.434322,-0.0323825,994716,1916.74,746115,3464.35,310278,0.328677,47606.8,6.49725e+06,667.257,59481.6,6.11818,130000
30.5,-0.0044468,1.01278e+06,0.432588,-0.0323825,994706,1913.36,746115,3458.63,310280,0.327367,46882.6,6.47984e+06,662.605,59071.4,6.11628,130000
30.6,-0.0044468,1.01278e+06,0.430862,-0.0323825,994697,1909.96,746115,3452.9,310281,0.326062,46181.2,6.46253e+06,657.986,58664,6.11438,130000
30.7,-0.0044468,1.01278e+06,0.429142,-0.0323825,994688,1906.55,746115,3447.17,310283,0.324762,45501.7,6.4453e+06,653.399,58259.3,6.11248,130000
30.8,-0.0044468,1.01278e+06,0.427428,-0.0323825,994679,1903.12,746115,3441.45,310285,0.323467,44843.6,6.42817e+06,648.844,57857.4,6.1106,130000
30.9,-0.0044468,1.01278e+06,0.425722,-0.0323825,994669,1899.68,746115,3435.71,310287,0.322178,44206.1,6.41112e+06,644.321,57458.3,6.10872,130000
31,-0.0044468,1.01278e+06,0.424023,-0.0323825,994660,1896.22,746115,3429.98,310288,0.320893,43588.1,6.39416e+06,639.829,57061.9,6.10684,130000
31.1,-0.0044468,1.01278e+06,0.42233,-0.0323825,994651,1892.76,746115,3424.24,310290,0.319614,42989.2,6.3773e+06,635.368,56668.1,6.10498,130000
31.2,-0.0044468,1.01278e+06,0.420644,-0.0323825,994642,1889.27,746115,3418.51,310292,0.31834,42408.8,6.36052e+06,630.939,56277.1,6.10312,130000
31.3,-0.0044468,1.01278e+06,0.418965,-0.0323825,994633,1885.78,746115,3412.77,310294,0.317071,41846.3,6.34382e+06,626.541,55888.7,6.10126,130000
31.4,-0.0044468,1.01278e+06,0.417292,-0.0323825,994624,1882.27,746115,3407.02,310295,0.315807,41301.1,6.32721e+06,622.173,55503,6.09941,130000
31.5,-0.0044468,1.01278e+06,0.415626,-0.0323825,994615,1878.74,746115,3401.28,310297,0.314548,40772.6,6.31069e+06,617.836,55119.9,6.09757,130000
31.6,-0.0044468,1.01278e+06,0.413967,-0.0323825,994606,1875.21,746115,3395.53,310299,0.313294,40260,6.29425e+06,613.529,54739.5,6.09573,130000
31.7,-0.0044468,1.01278e+06,0.412315,-0.0323825,994597,1871.66,746115,3389.79,310301,0.312045,39762.9,6.2779e+06,609.252,54361.6,6.0939,130000
31.8,-0.0044468,1.01278e+06,0.410669,-0.0323825,994588,1868.1,746115,3384.04,310303,0.310801,39280.8,6.26163e+06,605.005,53986.4,6.09208,130000
31.9,-0.0044468,1.01278e+06,0.409029,-0.0323825,994579,1864.53,746115,3378.29,310305,0.309562,38813.3,6.24544e+06,600.787,53613.7,6.09026,130000
32,-0.0044468,1.01278e+06,0.407396,-0.0323825,994570,1860.94,746115,3372.54,310306,0.308329,38359.8,6.22933e+06,596.599,53243.5,6.08845,130000
32.1,-0.0044468,1.01278e+06,0.40577,-0.0323825,994562,1857.35,746116,3366.78,310308,0.307099,37919.9,6.21331e+06,592.44,52875.9,6.08664,130000
32.2,-0.0044468,1.01278e+06,0.40415,-0.0323825,994553,1853.74,746116,3361.03,310310,0.305875,37492.8,6.19736e+06,588.31,52510.9,6.08484,130000
32.3,-0.0044468,1.01278e+06,0.402537,-0.0323825,994544,1850.12,746116,3355.27,310312,0.304656,37078.2,6.1815e+06,584.209,52148.3,6.08305,130000
32.4,-0.0044468,1.01278e+06,0.40093,-0.0323825,994536,1846.49,746116,3349.52,310314,0.303442,36675.8,6.16572e+06,580.136,51788.2,6.08126,130000
32.5,-0.00444681,1.01278e+06,0.399329,-0.0323825,994527,1842.85,746116,3343.76,310316,0.302232,36285.2,6.15001e+06,576.092,51430.6,6.07947,130000
32.6,-0.00444681,1.01278e+06,0.397735,-0.0323825,994518,1839.2,746116,3338,310318,0.301027,35905.9,6.13438e+06,572.076,51075.4,6.0777,130000
32.7,-0.00444681,1.01278e+06,0.396148,-0.0323825,994510,1835.54,746116,3332.24,310319,0.299827,35537.6,6.11884e+06,568.088,50722.7,6.07593,130000
32.8,-0.00444681,1.01278e+06,0.394566,-0.0323825,994501,1831.87,746116,3326.48,310321,0.298632,35180.1,6.10337e+06,564.128,50372.4,6.07416,130000
32.9,-0.00444681,1.01278e+06,0.392991,-0.0323825,994493,1828.19,746116,3320.72,310323,0.297442,34832.9,6.08797e+06,560.196,50024.5,6.0724,130000
33,-0.00444681,1.01278e+06,0.391422,-0.0323825,994484,1824.5,746116,3314.96,310325,0.296256,34495.7,6.07265e+06,556.29,49679,6.07065,130000
33.1,-0.00444681,1.01278e+06,0.38986,-0.0323825,994476,1820.8,746116,3309.2,310327,0.295076,34167.7,6.05741e+06,552.413,49335.9,6.0689,130000
33.2,-0.00444681,1.01278e+06,0.388303,-0.0323825,994467,1817.09,746116,3303.44,310329,0.293899,33848.9,6.04224e+06,548.562,48995.2,6.06716,130000
33.3,-0.00444681,1.01278e+06,0.386753,-0.0323825,994459,1813.37,746116,3297.67,310331,0.292728,33539,6.02715e+06,544.738,48656.7,6.06542,130000
33.4,-0.00444681,1.01278e+06,0.385209,-0.0323825,994451,1809.65,746116,3291.91,310333,0.291561,33237.7,6.01213e+06,540.94,48320.7,6.06369,130000
33.5,-0.00444681,1.01278e+06,0.383672,-0.0323825,994442,1805.91,746116,3286.15,310335,0.290399,32944.8,5.99718e+06,537.17,47986.9,6.06197,130000
33.6,-0.00444681,1.01278e+06,0.38214,-0.0323825,994434,1802.16,746116,3280.39,310337,0.289241,32660,5.98231e+06,533.425,47655.4,6.06025,130000
33.7,-0.00444681,1.01278e+06,0.380614,-0.0323825,994426,1798.41,746116,3274.62,310338,0.288089,32383.2,5.96751e+06,529.707,47326.3,6.05854,130000
33.8,-0.00444681,1.01278e+06,0.379095,-0.0323825,994418,1794.65,746116,3268.86,310340,0.28694,32114,5.95278e+06,526.014,46999.3,6.05683,130000
33.9,-0.00444681,1.01278e+06,0.377582,-0.0323825,994410,1790.88,746116,3263.1,310342,0.285797,31852.3,5.93813e+06,522.347,46674.7,6.05513,130000
34,-0.00444681,1.01278e+06,0.376074,-0.0323825,994402,1787.11,746116,3257.33,310344,0.284657,31597.4,5.92354e+06,518.706,46352.3,6.05343,130000
34.1,-0.00444681,1.01278e+06,0.374573,-0.0323825,994393,1783.32,746116,3251.57,310346,0.283523,31349.2,5.90902e+06,515.09,46032.1,6.05174,130000
34.2,-0.00444681,1.01278e+06,0.373078,-0.0323825,994385,1779.53,746116,3245.81,310348,0.282393,31107.6,5.89458e+06,511.5,45714.1,6.05006,130000
34.3,-0.00444681,1.01278e+06,0.371588,-0.0323825,994377,1775.73,746116,3240.05,310350,0.281267,30872.3,5.8802e+06,507.934,45398.3,6.04838,130000
34.4,-0.00444681,1.01278e+06,0.370105,-0.0323825,994369,1771.92,746116,3234.29,310352,0.280146,30643.3,5.86589e+06,504.393,45084.7,6.0467,130000
34.5,-0.00444681,1.01278e+06,0.368628,-0.0323825,994361,1768.11,746116,3228.53,310354,0.27903,30420.3,5.85165e+06,500.877,44773.2,6.04504,130000
34.6,-0.00444681,1.01278e+06,0.367156,-0.0323825,994353,1764.29,746116,3222.77,310356,0.277917,30203,5.83748e+06,497.386,44463.9,6.04337,130000
34.7,-0.00444681,1.01278e+06,0.36569,-0.0323825,994346,1760.47,746116,3217.01,310358,0.27681,29991.4,5.82337e+06,493.919,44156.8,6.04172,130000
34.8,-0.00444681,1.01278e+06,0.36423,-0.0323825,994338,1756.63,746116,3211.25,310360,0.275706,29785.2,5.80933e+06,490.476,43851.7,6.04007,130000
34.9,-0.00444681,1.01278e+06,0.362776,-0.0323825,994330,1752.8,746116,3205.49,310362,0.274608,29584.2,5.79536e+06,487.057,43548.8,6.03842,130000
35,-0.00444681,1.01278e+06,0.361328,-0.0323825,994322,1748.95,746116,3199.74,310364,0.273513,29388.3,5.78145e+06,483.662,43248,6.03678,130000
35.1,-0.00444681,1.01278e+06,0.359886,-0.0323825,994314,1745.1,746116,3193.98,310366,0.272423,29197.2,5.76761e+06,480.29,42949.2,6.03514,130000
35.2,-0.00444681,1.01278e+06,0.358449,-0.0323825,994307,1741.25,746116,3188.23,310368,0.271337,29010.8,5.75384e+06,476.942,42652.5,6.03351,130000
35.3,-0.00444681,1.01278e+06,0.357018,-0.0323825,994299,1737.38,746116,3182.47,310370,0.270256,28828.9,5.74012e+06,473.618,42357.9,6.03189,130000
35.4,-0.00444681,1.01278e+06,0.355593,-0.0323825,994291,1733.52,746116,3176.72,310372,0.269179,28651.4,5.72648e+06,470.316,42065.3,6.03027,130000
35.5,-0.00444681,1.01278e+06,0.354173,-0.0323825,994284,1729.65,746116,3170.97,310374,0.268106,28478.2,5.71289e+06,467.038,41774.7,6.02866,130000
35.6,-0.00444681,1.01278e+06,0.35276,-0.0323825,994276,1725.77,746117,3165.22,310376,0.267037,28309,5.69937e+06,463.782,41486.1,6.02705,130000
35.7,-0.00444681,1.01278e+06,0.351351,-0.0323825,994268,1721.89,746117,3159.47,310378,0.265973,28143.7,5.68591e+06,460.55,41199.5,6.02545,130000
35.8,-0.00444681,1.01278e+06,0.349949,-0.0323825,994261,1718,746117,3153.73,310380,0.264913,27982.3,5.67252e+06,457.339,40914.9,6.02385,130000
35.9,-0.00444681,1.01278e+06,0.348552,-0.0323825,994253,1714.11,746117,3147.98,310382,0.263857,27824.6,5.65918e+06,454.151,40632.3,6.02226,130000
36,-0.00444681,1.01278e+06,0.34716,-0.0323825,994246,1710.21,746117,3142.24,310384,0.262805,27670.6,5.64591e+06,450.986,40351.6,6.02067,130000
36.1,-0.00444681,1.01278e+06,0.345774,-0.0323825,994238,1706.31,746117,3136.5,310386,0.261758,27520,5.6327e+06,447.842,40072.9,6.01909,130000
36.2,-0.00444681,1.01278e+06,0.344394,-0.0323825,994231,1702.41,746117,3130.76,310388,0.260715,27372.7,5.61955e+06,444.72,39796.1,6.01751,130000
36.3,-0.00444681,1.01278e+06,0.343019,-0.0323825,994224,1698.5,746117,3125.02,310390,0.259675,27228.6,5.60646e+06,441.621,39521.2,6.01594,130000
36.4,-0.00444681,1.01278e+06,0.34165,-0.0323825,994216,1694.59,746117,3119.28,310392,0.258641,27087.6,5.59342e+06,438.542,39248.3,6.01437,130000
36.5,-0.00444681,1.01278e+06,0.340286,-0.0323825,994209,1690.68,746117,3113.55,310394,0.25761,26949.6,5.58045e+06,435.485,38977.2,6.01281,130000
36.6,-0.00444681,1.01278e+06,0.338928,-0.0323825,994202,1686.76,746117,3107.82,310396,0.256583,26814.4,5.56754e+06,432.45,38708,6.01126,130000
36.7,-0.00444681,1.01278e+06,0.337575,-0.0323825,994194,1682.84,746117,3102.08,310398,0.25556,26682,5.55468e+06,429.435,38440.6,6.0097,130000
36.8,-0.00444681,1.01278e+06,0.336227,-0.0323825,994187,1678.91,746116,3096.36,310400,0.254542,26552.4,5.54189e+06,426.442,38175.1,6.00816,130000
36.9,-0.00444681,1.01277e+06,0.334885,-0.0323825,994180,1674.98,746116,3090.63,310402,0.253527,26425.5,5.52915e+06,423.47,37911.5,6.00662,130000
37,-0.00444681,1.01277e+06,0.333548,-0.0323825,994173,1671.05,746116,3084.91,310404,0.252517,26301,5.51647e+06,420.518,37649.6,6.00508,130000
37.1,-0.00444681,1.01277e+06,0.332216,-0.0323825,994166,1667.12,746116,3079.18,310406,0.251511,26179.1,5.50384e+06,417.587,37389.6,6.00355,130000
37.2,-0.00444681,1.01277e+06,0.33089,-0.0323825,994158,1663.18,746116,3073.47,310408,0.250508,26059.5,5.49127e+06,414.676,37131.4,6.00203,130000
37.3,-0.00444681,1.01277e+06,0.329569,-0.0323825,994151,1659.24,746116,3067.75,310410,0.24951,25942.2,5.47876e+06,411.786,36875,6.00051,130000
37.4,-0.00444681,1.01277e+06,0.328254,-0.0323825,994144,1655.3,746116,3062.03,310412,0.248515,25827.1,5.46631e+06,408.915,36620.4,5.99899,130000
37.5,-0.00444681,1.01277e+06,0.326943,-0.0323825,994137,1651.35,746116,3056.32,310414,0.247525,25714.1,5.45391e+06,406.065,36367.5,5.99748,130000
37.6,-0.00444681,1.01277e+06,0.325638,-0.0323825,994130,1647.41,746116,3050.61,310416,0.246538,25603.3,5.44156e+06,403.235,36116.3,5.99598,130000
37.7,-0.00444681,1.01277e+06,0.324338,-0.0323825,994123,1643.46,746116,3044.91,310418,0.245556,25494.4,5.42927e+06,400.424,35867,5.99448,130000
37.8,-0.00444681,1.01277e+06,0.323043,-0.0323825,994116,1639.51,746116,3039.2,310420,0.244577,25387.5,5.41703e+06,397.633,35619.3,5.99298,130000
37.9,-0.00444681,1.01277e+06,0.321754,-0.0323825,994109,1635.56,746116,3033.5,310423,0.243602,25282.5,5.40485e+06,394.861,35373.4,5.99149,130000
38,-0.00444681,1.01277e+06,0.320469,-0.0323825,994102,1631.6,746116,3027.8,310425,0.242631,25179.4,5.39272e+06,392.109,35129.1,5.99001,130000
38.1,-0.00444681,1.01277e+06,0.31919,-0.0323825,994096,1627.65,746117,3022.1,310427,0.241664,25078,5.38065e+06,389.376,34886.6,5.98853,130000
38.2,-0.00444681,1.01277e+06,0.317916,-0.0323825,994089,1623.69,746117,3016.41,310429,0.240701,24978.4,5.36862e+06,386.662,34645.7,5.98705,130000
38.3,-0.00444681,1.01277e+06,0.316647,-0.0323825,994082,1619.74,746117,3010.72,310431,0.239742,24880.4,5.35665e+06,383.967,34406.5,5.98558,130000
38.4,-0.00444681,1.01278e+06,0.315383,-0.0323825,994075,1615.78,746117,3005.03,310433,0.238787,24784,5.34473e+06,381.291,34169,5.98412,130000
38.5,-0.00444681,1.01278e+06,0.314124,-0.0323825,994068,1611.82,746117,2999.35,310435,0.237835,24689.3,5.33287e+06,378.633,33933.1,5.98266,130000
38.6,-0.00444681,1.01278e+06,0.31287,-0.0323825,994062,1607.86,746117,2993.67,310437,0.236887,24596,5.32105e+06,375.994,33698.9,5.9812,130000
38.7,-0.00444681,1.01278e+06,0.311621,-0.0323825,994055,1603.9,746117,2987.99,310439,0.235943,24504.2,5.30929e+06,373.373,33466.3,5.97975,130000
38.8,-0.00444681,1.01278e+06,0.310377,-0.0323825,994048,1599.93,746117,2982.32,310441,0.235003,24413.9,5.29758e+06,370.771,33235.3,5.9783,130000
38.9,-0.00444681,1.01278e+06,0.309138,-0.0323825,994042,1595.97,746117,2976.65,310443,0.234066,24324.9,5.28591e+06,368.186,33005.8,5.97686,130000
39,-0.00444681,1.01278e+06,0.307904,-0.0323825,994035,1592.01,746117,2970.98,310445,0.233133,24237.2,5.2743e+06,365.62,32778,5.97543,130000
39.1,-0.00444681,1.01278e+06,0.306674,-0.0323825,994028,1588.04,746118,2965.31,310447,0.232204,24150.9,5.26274e+06,363.072,32551.8,5.97399,130000
39.2,-0.00444681,1.01278e+06,0.30545,-0.0323825,994022,1584.08,746118,2959.65,310449,0.231279,24065.9,5.25123e+06,360.541,32327.1,5.97257,130000
39.3,-0.00444681,1.01278e+06,0.304231,-0.0323825,994015,1580.12,746118,2953.99,310451,0.230357,23982,5.23977e+06,358.028,32104,5.97114,130000
39.4,-0.00444681,1.01278e+06,0.303016,-0.0323825,994009,1576.15,746118,2948.34,310453,0.229439,23899.4,5.22835e+06,355.533,31882.5,5.96973,130000
39.5,-0.00444681,1.01278e+06,0.301807,-0.0323825,994002,1572.19,746118,2942.69,310455,0.228524,23817.9,5.21699e+06,353.055,31662.4,5.96831,130000
39.6,-0.00444681,1.01278e+06,0.300602,-0.0323825,993996,1568.22,746118,2937.04,310457,0.227614,23737.5,5.20567e+06,350.594,31444,5.9669,130000
39.7,-0.00444681,1.01278e+06,0.299402,-0.0323825,993989,1564.26,746118,2931.4,310459,0.226706,23658.2,5.1944e+06,348.15,31227,5.9655,130000
39.8,-0.00444681,1.01278e+06,0.298207,-0.0323825,993983,1560.3,746118,2925.76,310462,0.225803,23580,5.18318e+06,345.724,31011.5,5.9641,130000
39.9,-0.00444681,1.01278e+06,0.297016,-0.0323825,993977,1556.34,746118,2920.12,310464,0.224903,23502.8,5.172e+06,343.314,30797.5,5.96271,130000
40,-0.00444681,1.01278e+06,0.295831,-0.0323825,993970,1552.37,746117,2914.49,310466,0.224007,23426.5,5.16088e+06,340.921,30585,5.96132,130000
40.1,-0.00444681,1.01278e+06,0.29465,-0.0323825,993964,1548.41,746117,2908.86,310468,0.223114,23351.4,5.1498e+06,338.545,30374,5.95993,130000
40.2,-0.00444681,1.01278e+06,0.293473,-0.0323825,993958,1544.45,746117,2903.24,310470,0.222225,23277.1,5.13876e+06,336.185,30164.5,5.95855,130000
40.3,-0.00444681,1.01278e+06,0.292302,-0.0323825,993951,1540.49,746117,2897.61,310472,0.221339,23203.8,5.12777e+06,333.842,29956.4,5.95718,130000
40.4,-0.00444681,1.01278e+06,0.291135,-0.0323825,993945,1536.53,746117,2892,310474,0.220457,23131.4,5.11683e+06,331.515,29749.7,5.9558,130000
40.5,-0.00444681,1.01277e+06,0.289973,-0.0323825,993939,1532.58,746117,2886.38,310476,0.219578,23059.8,5.10594e+06,329.205,29544.5,5.95444,130000
40.6,-0.00444681,1.01277e+06,0.288815,-0.0323825,993933,1528.62,746117,2880.78,310478,0.218703,22989,5.09509e+06,326.91,29340.7,5.95308,130000
40.7,-0.00444681,1.01277e+06,0.287662,-0.0323825,993927,1524.67,746117,2875.17,310480,0.217832,22919.1,5.08428e+06,324.632,29138.3,5.95172,130000
40.8,-0.00444681,1.01277e+06,0.286514,-0.0323825,993920,1520.71,746117,2869.57,310482,0.216963,22849.9,5.07352e+06,322.369,28937.3,5.95036,130000
40.9,-0.00444681,1.01277e+06,0.28537,-0.0323825,993914,1516.76,746117,2863.97,310484,0.216099,22781.5,5.0628e+06,320.122,28737.8,5.94902,130000
41,-0.00444681,1.01277e+06,0.284231,-0.0323825,993908,1512.81,746117,2858.38,310486,0.215237,22713.8,5.05213e+06,317.891,28539.6,5.94767,130000
41.1,-0.00444681,1.01277e+06,0.283096,-0.0323825,993902,1508.86,746117,2852.79,310488,0.21438,22646.8,5.0415e+06,315.676,28342.7,5.94633,130000
41.2,-0.00444681,1.01277e+06,0.281966,-0.0323825,993896,1504.91,746117,2847.21,310490,0.213525,22580.4,5.03092e+06,313.475,28147.3,5.945,130000
41.3,-0.00444681,1.01277e+06,0.28084,-0.0323825,993890,1500.97,746117,2841.63,310492,0.212674,22514.7,5.02038e+06,311.291,27953.2,5.94366,130000
41.4,-0.00444681,1.01277e+06,0.279719,-0.0323825,993884,1497.02,746117,2836.06,310494,0.211827,22449.5,5.00988e+06,309.121,27760.4,5.94234,130000
41.5,-0.00444681,1.01277e+06,0.278603,-0.0323825,993878,1493.08,746117,2830.48,310496,0.210982,22385.2,4.99942e+06,306.967,27569,5.94102,130000
41.6,-0.00444681,1.01277e+06,0.277491,-0.0323825,993872,1489.14,746117,2824.92,310498,0.210142,22321.6,4.98901e+06,304.827,27379,5.9397,130000
41.7,-0.00444681,1.01277e+06,0.276383,-0.0323825,993866,1485.21,746117,2819.36,310500,0.209304,22258.6,4.97864e+06,302.703,27190.2,5.93838,130000
41.8,-0.00444681,1.01277e+06,0.275279,-0.0323825,993860,1481.27,746117,2813.8,310502,0.20847,22196.1,4.96831e+06,300.593,27002.7,5.93708,130000
41.9,-0.00444681,1.01277e+06,0.274181,-0.0323825,993855,1477.34,746117,2808.25,310505,0.207639,22134.3,4.95803e+06,298.498,26816.6,5.93577,130000
42,-0.00444681,1.01277e+06,0.273086,-0.0323825,993849,1473.41,746117,2802.7,310507,0.206812,22073,4.94778e+06,296.418,26631.7,5.93447,130000
42.1,-0.00444681,1.01277e+06,0.271996,-0.0323825,993843,1469.48,746117,2797.16,310509,0.205987,22012.2,4.93758e+06,294.352,26448.2,5.93317,130000
42.2,-0.00444681,1.01277e+06,0.27091,-0.0323825,993837,1465.56,746117,2791.62,310511,0.205166,21951.9,4.92742e+06,292.3,26265.9,5.93188,130000
42.3,-0.00444681,1.01277e+06,0.269829,-0.0323825,993831,1461.63,746117,2786.08,310513,0.204349,21892.1,4.9173e+06,290.263,26084.8,5.93059,130000
42.4,-0.00444681,1.01277e+06,0.268751,-0.0323825,993826,1457.71,746117,2780.55,310515,0.203534,21832.8,4.90721e+06,288.24,25905,5.92931,130000
42.5,-0.00444681,1.01277e+06,0.267679,-0.0323825,993820,1453.8,746117,2775.03,310517,0.202723,21773.9,4.89717e+06,286.231,25726.5,5.92803,130000
42.6,-0.00444681,1.01277e+06,0.26661,-0.0323825,993814,1449.88,746117,2769.51,310519,0.201915,21715.5,4.88717e+06,284.236,25549.2,5.92676,130000
42.7,-0.00444681,1.01277e+06,0.265546,-0.0323825,993808,1445.97,746117,2764,310521,0.20111,21657.4,4.87721e+06,282.255,25373.2,5.92549,130000
42.8,-0.00444681,1.01277e+06,0.264486,-0.0323825,993803,1442.06,746118,2758.49,310523,0.200309,21599.8,4.86729e+06,280.288,25198.3,5.92422,130000
42.9,-0.00444681,1.01278e+06,0.26343,-0.0323825,993797,1438.16,746118,2752.98,310525,0.199511,21542.6,4.85741e+06,278.335,25024.7,5.92296,130000
43,-0.00444681,1.01278e+06,0.262378,-0.0323825,993791,1434.25,746118,2747.48,310527,0.198715,21486,4.84757e+06,276.395,24852.3,5.9217,130000
43.1,-0.00444681,1.01278e+06,0.261331,-0.0323825,993786,1430.36,746118,2741.99,310529,0.197923,21429.8,4.83777e+06,274.469,24681.1,5.92045,130000
43.2,-0.00444681,1.01278e+06,0.260287,-0.0323825,993780,1426.46,746118,2736.5,310531,0.197135,21373.9,4.828e+06,272.556,24511,5.9192,130000
43.3,-0.00444681,1.01278e+06,0.259248,-0.0323825,993775,1422.57,746118,2731.01,310533,0.196349,21318.5,4.81827e+06,270.656,24342.2,5.91795,130000
43.4,-0.00444681,1.01278e+06,0.258213,-0.0323825,993769,1418.68,746118,2725.53,310535,0.195566,21263.5,4.80859e+06,268.77,24174.5,5.91671,130000
43.5,-0.00444681,1.01278e+06,0.257183,-0.0323825,993764,1414.79,746118,2720.06,310537,0.194787,21208.8,4.79894e+06,266.897,24008,5.91547,130000
43.6,-0.00444681,1.01278e+06,0.256156,-0.0323825,993758,1410.91,746118,2714.59,310539,0.194011,21154.5,4.78932e+06,265.037,23842.6,5.91424,130000
43.7,-0.00444681,1.01278e+06,0.255133,-0.0323825,993753,1407.03,746118,2709.13,310541,0.193237,21100.5,4.77975e+06,263.19,23678.4,5.91301,130000
43.8,-0.00444681,1.01278e+06,0.254115,-0.0323825,993747,1403.16,746118,2703.67,310543,0.192467,21046.8,4.77021e+06,261.356,23515.3,5.91178,130000
43.9,-0.00444681,1.01278e+06,0.253101,-0.0323825,993742,1399.29,746118,2698.21,310545,0.1917,20993.5,4.76071e+06,259.534,23353.4,5.91056,130000
44,-0.00444681,1.01278e+06,0.25209,-0.0323825,993737,1395.42,746118,2692.77,310547,0.190936,20940.5,4.75125e+06,257.725,23192.6,5.90935,130000
44.1,-0.00444681,1.01278e+06,0.251084,-0.0323825,993731,1391.56,746118,2687.32,310549,0.190175,20887.8,4.74182e+06,255.929,23032.9,5.90813,130000
44.2,-0.00444681,1.01278e+06,0.250081,-0.0323825,993726,1387.7,746118,2681.89,310551,0.189417,20835.3,4.73243e+06,254.146,22874.3,5.90692,130000
44.3,-0.00444681,1.01278e+06,0.249083,-0.0323825,993721,1383.85,746118,2676.45,310553,0.188662,20783.2,4.72308e+06,252.375,22716.8,5.90572,130000
44.4,-0.00444681,1.01278e+06,0.248089,-0.0323825,993715,1380,746118,2671.03,310555,0.18791,20731.4,4.71376e+06,250.616,22560.4,5.90452,130000
44.5,-0.00444681,1.01278e+06,0.247098,-0.0323825,993710,1376.15,746118,2665.61,310557,0.187161,20679.9,4.70448e+06,248.869,22405.1,5.90332,130000
44.6,-0.00444681,1.01278e+06,0.246112,-0.0323825,993705,1372.31,746118,2660.19,310559,0.186415,20628.7,4.69523e+06,247.135,22250.9,5.90213,130000
44.7,-0.00444681,1.01278e+06,0.24513,-0.0323825,993700,1368.47,746118,2654.78,310561,0.185672,20577.8,4.68602e+06,245.412,22097.7,5.90094,130000
44.8,-0.00444681,1.01278e+06,0.244151,-0.0323825,993694,1364.64,746118,2649.38,310563,0.184932,20527.2,4.67685e+06,243.702,21945.6,5.89975,130000
44.9,-0.00444681,1.01278e+06,0.243176,-0.0323825,993689,1360.81,746118,2643.98,310565,0.184195,20476.8,4.66771e+06,242.004,21794.6,5.89857,130000
45,-0.00444681,1.01278e+06,0.242206,-0.0323825,993684,1356.98,746118,2638.58,310567,0.183461,20426.7,4.6586e+06,240.317,21644.6,5.89739,130000
45.1,-0.00444681,1.01278e+06,0.241239,-0.0323825,993679,1353.16,746118,2633.2,310569,0.18273,20376.9,4.64953e+06,238.643,21495.7,5.89622,130000
45.2,-0.00444681,1.01278e+06,0.240276,-0.0323825,993674,1349.34,746118,2627.81,310571,0.182002,20327.3,4.64049e+06,236.979,21347.7,5.89505,130000
45.3,-0.00444681,1.01278e+06,0.239316,-0.0323825,993669,1345.53,746118,2622.44,310573,0.181276,20278,4.63149e+06,235.328,21200.8,5.89389,130000
45.4,-0.00444681,1.01278e+06,0.238361,-0.0323825,993664,1341.73,746118,2617.07,310575,0.180554,20229,4.62252e+06,233.688,21055,5.89272,130000
45.5,-0.00444681,1.01278e+06,0.23741,-0.0323825,993658,1337.92,746118,2611.7,310577,0.179834,20180.1,4.61359e+06,232.059,20910.1,5.89157,130000
45.6,-0.00444681,1.01278e+06,0.236462,-0.0323825,993653,1334.13,746118,2606.34,310579,0.179117,20131.5,4.60469e+06,230.442,20766.3,5.89041,130000
45.7,-0.00444681,1.01278e+06,0.235518,-0.0323825,993648,1330.33,746118,2600.99,310581,0.178404,20083.2,4.59582e+06,228.836,20623.4,5.88926,130000
45.8,-0.00444681,1.01278e+06,0.234578,-0.0323825,993643,1326.55,746118,2595.64,310583,0.177693,20035.1,4.58698e+06,227.242,20481.6,5.88811,130000
45.9,-0.00444681,1.01278e+06,0.233641,-0.0323825,993638,1322.76,746118,2590.3,310585,0.176984,19987.2,4.57818e+06,225.658,20340.7,5.88697,130000
46,-0.00444681,1.01278e+06,0.232709,-0.0323825,993633,1318.99,746118,2584.96,310587,0.176279,19939.6,4.56942e+06,224.086,20200.8,5.88583,130000
46.1,-0.00444681,1.01277e+06,0.23178,-0.0323825,993629,1315.21,746118,2579.63,310589,0.175576,19892.1,4.56068e+06,222.524,20061.9,5.8847,130000
46.2,-0.00444681,1.01277e+06,0.230854,-0.0323825,993624,1311.44,746118,2574.31,310591,0.174877,19844.9,4.55198e+06,220.973,19923.9,5.88357,130000
46.3,-0.00444681,1.01277e+06,0.229933,-0.0323825,993619,1307.68,746118,2568.99,310593,0.17418,19797.9,4.54331e+06,219.433,19786.9,5.88244,130000
46.4,-0.00444681,1.01277e+06,0.229015,-0.0323825,993614,1303.92,746118,2563.68,310595,0.173485,19751.2,4.53467e+06,217.904,19650.8,5.88131,130000
46.5,-0.00444681,1.01277e+06,0.228101,-0.0323825,993609,1300.17,746118,2558.38,310597,0.172794,19704.6,4.52606e+06,216.386,19515.7,5.88019,130000
46.6,-0.00444681,1.01277e+06,0.22719,-0.0323825,993604,1296.42,746118,2553.08,310599,0.172105,19658.2,4.51749e+06,214.878,19381.6,5.87908,130000
46.7,-0.00444681,1.01277e+06,0.226283,-0.0323825,993599,1292.68,746118,2547.78,310601,0.171419,19612.1,4.50894e+06,213.38,19248.3,5.87796,130000
46.8,-0.00444681,1.01277e+06,0.22538,-0.0323825,993595,1288.95,746118,2542.49,310603,0.170736,19566.1,4.50043e+06,211.893,19116,5.87686,130000
46.9,-0.00444681,1.01277e+06,0.22448,-0.0323825,993590,1285.21,746118,2537.21,310604,0.170055,19520.4,4.49195e+06,210.417,18984.6,5.87575,130000
47,-0.00444681,1.01277e+06,0.223584,-0.0323825,993585,1281.49,746118,2531.94,310606,0.169378,19474.8,4.4835e+06,208.951,18854.1,5.87465,130000
47.1,-0.00444681,1.01277e+06,0.222691,-0.0323825,993580,1277.77,746118,2526.67,310608,0.168703,19429.5,4.47509e+06,207.494,18724.5,5.87355,130000
47.2,-0.00444681,1.01278e+06,0.221802,-0.0323825,993576,1274.05,746118,2521.4,310610,0.16803,19384.3,4.4667e+06,206.049,18595.9,5.87246,130000
47.3,-0.00444681,1.01278e+06,0.220917,-0.0323825,993571,1270.34,746118,2516.15,310612,0.16736,19339.4,4.45834e+06,204.613,18468.1,5.87136,130000
47.4,-0.00444681,1.01278e+06,0.220035,-0.0323825,993566,1266.64,746118,2510.9,310614,0.166693,19294.6,4.45001e+06,203.187,18341.2,5.87028,130000
47.5,-0.00444681,1.01277e+06,0.219157,-0.0323825,993561,1262.94,746118,2505.65,310616,0.166029,19250.1,4.44172e+06,201.771,18215.2,5.86919,130000
47.6,-0.00444681,1.01277e+06,0.218282,-0.0323825,993557,1259.25,746118,2500.41,310618,0.165367,19205.8,4.43345e+06,200.365,18090,5.86811,130000
47.7,-0.00444681,1.01277e+06,0.21741,-0.0323825,993552,1255.56,746118,2495.18,310620,0.164708,19161.7,4.42522e+06,198.969,17965.7,5.86704,130000
47.8,-0.00444681,1.01277e+06,0.216542,-0.0323825,993548,1251.88,746118,2489.96,310622,0.164052,19117.7,4.41701e+06,197.582,17842.3,5.86596,130000
47.9,-0.00444681,1.01277e+06,0.215678,-0.0323825,993543,1248.21,746118,2484.74,310624,0.163398,19074,4.40883e+06,196.205,17719.8,5.86489,130000
48,-0.00444681,1.01277e+06,0.214817,-0.0323825,993538,1244.54,746118,2479.52,310626,0.162746,19030.4,4.40069e+06,194.838,17598.1,5.86383,130000
48.1,-0.00444681,1.01277e+06,0.21396,-0.0323825,993534,1240.87,746118,2474.32,310628,0.162098,18987,4.39257e+06,193.481,17477.2,5.86277,130000
48.2,-0.00444681,1.01277e+06,0.213105,-0.0323825,993529,1237.21,746118,2469.12,310629,0.161452,18943.8,4.38448e+06,192.132,17357.2,5.86171,130000
48.3,-0.00444681,1.01277e+06,0.212255,-0.0323825,993525,1233.56,746118,2463.92,310631,0.160808,18900.8,4.37642e+06,190.794,17238,5.86065,130000
48.4,-0.00444681,1.01277e+06,0.211407,-0.0323825,993520,1229.92,746118,2458.74,310633,0.160167,18858,4.36839e+06,189.464,17119.6,5.8596,130000
48.5,-0.00444681,1.01277e+06,0.210563,-0.0323825,993516,1226.28,746118,2453.55,310635,0.159529,18815.3,4.36039e+06,188.144,17002.1,5.85855,130000
48.6,-0.00444681,1.01277e+06,0.209723,-0.0323825,993511,1222.64,746118,2448.38,310637,0.158893,18772.8,4.35242e+06,186.833,16885.4,5.85751,130000
48.7,-0.00444681,1.01277e+06,0.208886,-0.0323825,993507,1219.01,746118,2443.21,310639,0.158259,18730.5,4.34447e+06,185.531,16769.5,5.85646,130000
48.8,-0.00444681,1.01277e+06,0.208052,-0.0323825,993503,1215.39,746118,2438.05,310641,0.157629,18688.3,4.33655e+06,184.238,16654.3,5.85543,130000
48.9,-0.00444681,1.01277e+06,0.207221,-0.0323825,993498,1211.78,746118,2432.9,310643,0.157,18646.3,4.32867e+06,182.955,16540,5.85439,130000
49,-0.00444681,1.01277e+06,0.206394,-0.0323825,993494,1208.17,746118,2427.75,310645,0.156375,18604.4,4.3208e+06,181.68,16426.5,5.85336,130000
49.1,-0.00444681,1.01277e+06,0.20557,-0.0323825,993489,1204.56,746118,2422.61,310646,0.155751,18562.7,4.31297e+06,180.414,16313.8,5.85233,130000
49.2,-0.00444681,1.01277e+06,0.204749,-0.0323825,993485,1200.97,746118,2417.47,310648,0.15513,18521.1,4.30517e+06,179.157,16201.8,5.85131,130000
49.3,-0.00444681,1.01277e+06,0.203932,-0.0323825,993481,1197.37,746118,2412.34,310650,0.154512,18479.7,4.29739e+06,177.908,16090.7,5.85029,130000
49.4,-0.00444681,1.01277e+06,0.203118,-0.0323825,993477,1193.79,746118,2407.22,310652,0.153896,18438.4,4.28964e+06,176.669,15980.3,5.84927,130000
49.5,-0.00444681,1.01277e+06,0.202307,-0.0323825,993472,1190.21,746118,2402.1,310654,0.153283,18397.2,4.28191e+06,175.438,15870.6,5.84825,130000
49.6,-0.00444681,1.01277e+06,0.201499,-0.0323825,993468,1186.64,746118,2397,310656,0.152672,18356.1,4.27422e+06,174.215,15761.8,5.84724,130000
49.7,-0.00444681,1.01277e+06,0.200695,-0.0323825,993464,1183.07,746118,2391.89,310658,0.152063,18315.2,4.26655e+06,173.002,15653.6,5.84624,130000
49.8,-0.00444681,1.01277e+06,0.199894,-0.0323825,993459,1179.51,746118,2386.8,310660,0.151457,18274.3,4.25891e+06,171.796,15546.3,5.84523,130000
49.9,-0.00444681,1.01277e+06,0.199096,-0.0323825,993455,1175.96,746118,2381.71,310661,0.150853,18233.6,4.25129e+06,170.599,15439.7,5.84423,130000
50,-0.00444681,1.01277e+06,0.198301,-0.0323825,993451,1172.41,746118,2376.63,310663,0.150252,18192.9,4.2437e+06,169.41,15333.8,5.84323,130000
50.1,-0.00444681,1.01277e+06,0.19751,-0.0323825,993447,1168.87,746118,2371.55,310665,0.149653,18152.3,4.23614e+06,168.23,15228.6,5.84224,130000
50.2,-0.00444681,1.01277e+06,0.196721,-0.0323825,993443,1165.34,746118,2366.48,310667,0.149057,18111.8,4.2286e+06,167.058,15124.2,5.84125,130000
50.3,-0.00444681,1.01277e+06,0.195936,-0.0323825,993439,1161.81,746118,2361.42,310669,0.148463,18071.3,4.22109e+06,165.894,15020.5,5.84026,130000
50.4,-0.00444681,1.01277e+06,0.195154,-0.0323825,993434,1158.29,746118,2356.37,310671,0.147871,18031.2,4.2136e+06,164.738,14917.5,5.83928,130000
50.5,-0.00444681,1.01277e+06,0.194375,-0.0323825,993430,1154.78,746118,2351.32,310672,0.147281,17991.4,4.20614e+06,163.59,14815.3,5.83829,130000
50.6,-0.00444681,1.01277e+06,0.193599,-0.0323825,993426,1151.27,746118,2346.28,310674,0.146694,17951.7,4.19871e+06,162.45,14713.7,5.83732,130000
50.7,-0.00444681,1.01277e+06,0.192826,-0.0323825,993422,1147.77,746118,2341.24,310676,0.14611,17912.2,4.1913e+06,161.318,14612.9,5.83634,130000
50.8,-0.00444681,1.01277e+06,0.192056,-0.0323825,993418,1144.27,746119,2336.21,310678,0.145527,17872.7,4.18392e+06,160.194,14512.7,5.83537,130000
50.9,-0.00444681,1.01277e+06,0.191289,-0.0323825,993414,1140.79,746119,2331.19,310680,0.144947,17833.4,4.17656e+06,159.078,14413.3,5.8344,130000
51,-0.00444681,1.01277e+06,0.190526,-0.0323825,993410,1137.3,746119,2326.18,310682,0.144369,17794.2,4.16923e+06,157.97,14314.5,5.83344,130000
51.1,-0.00444681,1.01277e+06,0.189765,-0.0323825,993406,1133.83,746119,2321.17,310683,0.143794,17755.1,4.16192e+06,156.869,14216.4,5.83247,130000
51.2,-0.00444681,1.01277e+06,0.189008,-0.0323825,993402,1130.36,746119,2316.17,310685,0.143221,17716.1,4.15464e+06,155.776,14119,5.83152,130000
51.3,-0.00444681,1.01277e+06,0.188253,-0.0323825,993398,1126.9,746119,2311.18,310687,0.14265,17677.3,4.14738e+06,154.691,14022.3,5.83056,130000
51.4,-0.00444681,1.01277e+06,0.187502,-0.0323825,993394,1123.45,746119,2306.19,310689,0.142081,17638.5,4.14015e+06,153.613,13926.3,5.82961,130000
51.5,-0.00444681,1.01277e+06,0.186753,-0.0323825,993390,1120,746119,2301.21,310691,0.141515,17599.8,4.13294e+06,152.543,13830.9,5.82866,130000
51.6,-0.00444681,1.01277e+06,0.186008,-0.0323825,993386,1116.56,746119,2296.24,310692,0.140951,17561.2,4.12576e+06,151.48,13736.2,5.82771,130000
51.7,-0.00444681,1.01277e+06,0.185265,-0.0323825,993382,1113.12,746119,2291.28,310694,0.140389,17522.8,4.1186e+06,150.425,13642.1,5.82677,130000
51.8,-0.00444681,1.01277e+06,0.184525,-0.0323825,993378,1109.7,746119,2286.32,310696,0.139829,17484.4,4.11146e+06,149.377,13548.7,5.82583,130000
51.9,-0.00444681,1.01277e+06,0.183789,-0.0323825,993374,1106.28,746119,2281.37,310698,0.139272,17446.1,4.10435e+06,148.336,13455.9,5.82489,130000
52,-0.00444681,1.01277e+06,0.183055,-0.0323825,993371,1102.86,746119,2276.42,310700,0.138717,17407.8,4.09726e+06,147.303,13363.8,5.82396,130000
52.1,-0.00444681,1.01277e+06,0.182324,-0.0323825,993367,1099.46,746119,2271.48,310701,0.138164,17369.7,4.0902e+06,146.276,13272.3,5.82303,130000
52.2,-0.00444681,1.01277e+06,0.181596,-0.0323825,993363,1096.06,746119,2266.55,310703,0.137613,17331.6,4.08316e+06,145.257,13181.4,5.8221,130000
52.3,-0.00444681,1.01277e+06,0.180872,-0.0323825,993359,1092.67,746119,2261.63,310705,0.137064,17293.6,4.07614e+06,144.245,13091.2,5.82118,130000
52.4,-0.00444681,1.01278e+06,0.18015,-0.0323825,993355,1089.28,746119,2256.71,310707,0.136518,17255.7,4.06915e+06,143.24,13001.6,5.82025,130000
52.5,-0.00444681,1.01278e+06,0.17943,-0.0323825,993352,1085.9,746119,2251.8,310708,0.135974,17217.8,4.06218e+06,142.242,12912.7,5.81934,130000
52.6,-0.00444681,1.01278e+06,0.178714,-0.0323825,993348,1082.53,746119,2246.9,310710,0.135432,17180.2,4.05523e+06,141.251,12824.3,5.81842,130000
52.7,-0.00444681,1.01278e+06,0.178001,-0.0323825,993344,1079.17,746119,2242.01,310712,0.134892,17142.7,4.04831e+06,140.267,12736.6,5.81751,130000
52.8,-0.00444681,1.01278e+06,0.17729,-0.0323825,993340,1075.81,746119,2237.12,310714,0.134354,17105.3,4.0414e+06,139.29,12649.4,5.8166,130000
52.9,-0.00444681,1.01278e+06,0.176582,-0.0323825,993337,1072.46,746119,2232.24,310715,0.133818,17068,4.03453e+06,138.319,12562.9,5.81569,130000
53,-0.00444681,1.01278e+06,0.175877,-0.0323825,993333,1069.11,746119,2227.36,310717,0.133285,17030.8,4.02767e+06,137.356,12477,5.81479,130000
53.1,-0.00444681,1.01278e+06,0.175175,-0.0323825,993329,1065.78,746119,2222.5,310719,0.132754,16993.7,4.02084e+06,136.399,12391.6,5.81389,130000
53.2,-0.00444681,1.01278e+06,0.174476,-0.0323825,993325,1062.45,746119,2217.64,310721,0.132225,16956.7,4.01403e+06,135.448,12306.9,5.81299,130000
53.3,-0.00444681,1.01278e+06,0.173779,-0.0323825,993322,1059.13,746119,2212.78,310722,0.131697,16919.8,4.00724e+06,134.505,12222.7,5.8121,130000
53.4,-0.00444681,1.01278e+06,0.173086,-0.0323825,993318,1055.81,746119,2207.94,310724,0.131172,16883,4.00047e+06,133.568,12139.1,5.81121,130000
53.5,-0.00444681,1.01278e+06,0.172395,-0.0323825,993315,1052.5,746119,2203.1,310726,0.130649,16846.4,3.99373e+06,132.637,12056.2,5.81032,130000
53.6,-0.00444681,1.01278e+06,0.171707,-0.0323825,993311,1049.2,746119,2198.27,310728,0.130129,16809.8,3.98701e+06,131.713,11973.7,5.80943,130000
53.7,-0.00444681,1.01278e+06,0.171021,-0.0323825,993307,1045.91,746119,2193.45,310729,0.12961,16773.3,3.98031e+06,130.796,11891.9,5.80855,130000
53.8,-0.00444681,1.01278e+06,0.170338,-0.0323825,993304,1042.62,746119,2188.63,310731,0.129093,16736.9,3.97363e+06,129.884,11810.6,5.80767,130000
53.9,-0.00444681,1.01278e+06,0.169658,-0.0323825,993300,1039.34,746119,2183.82,310733,0.128579,16700.6,3.96698e+06,128.979,11729.9,5.80679,130000
54,-0.00444681,1.01278e+06,0.168981,-0.0323825,993297,1036.07,746119,2179.02,310734,0.128066,16664.4,3.96034e+06,128.081,11649.7,5.80592,130000
54.1,-0.00444681,1.01278e+06,0.168307,-0.0323825,993293,1032.8,746119,2174.22,310736,0.127555,16628.3,3.95373e+06,127.189,11570.1,5.80505,130000
54.2,-0.00444681,1.01278e+06,0.167635,-0.0323825,993290,1029.55,746119,2169.43,310738,0.127047,16592.3,3.94714e+06,126.302,11491.1,5.80418,130000
54.3,-0.00444681,1.01278e+06,0.166965,-0.0323825,993286,1026.3,746119,2164.65,310739,0.126541,16556.4,3.94057e+06,125.423,11412.6,5.80331,130000
54.4,-0.00444681,1.01278e+06,0.166299,-0.0323825,993283,1023.05,746119,2159.88,310741,0.126036,16520.7,3.93402e+06,124.549,11334.6,5.80245,130000
54.5,-0.00444681,1.01278e+06,0.165635,-0.0323825,993279,1019.82,746119,2155.11,310743,0.125534,16485,3.92749e+06,123.681,11257.2,5.80159,130000
54.6,-0.00444681,1.01278e+06,0.164974,-0.0323825,993276,1016.59,746119,2150.36,310745,0.125033,16449.4,3.92098e+06,122.819,11180.3,5.80073,130000
54.7,-0.00444681,1.01278e+06,0.164315,-0.0323825,993272,1013.36,746119,2145.6,310746,0.124535,16414,3.9145e+06,121.964,11104,5.79988,130000
54.8,-0.00444681,1.01278e+06,0.163659,-0.0323825,993269,1010.15,746119,2140.86,310748,0.124038,16378.6,3.90803e+06,121.114,11028.1,5.79903,130000
54.9,-0.00444681,1.01278e+06,0.163006,-0.0323825,993265,1006.94,746119,2136.12,310750,0.123544,16343.3,3.90159e+06,120.27,10952.8,5.79818,130000
55,-0.00444681,1.01278e+06,0.162355,-0.0323825,993262,1003.74,746119,2131.39,310751,0.123051,16308.1,3.89516e+06,119.432,10878.1,5.79734,130000
55.1,-0.00444681,1.01278e+06,0.161707,-0.0323825,993258,1000.55,746119,2126.67,310753,0.122561,16273,3.88876e+06,118.6,10803.8,5.79649,130000
55.2,-0.00444681,1.01278e+06,0.161062,-0.0323825,993255,997.364,746119,2121.96,310755,0.122072,16238,3.88238e+06,117.774,10730.1,5.79565,130000
55.3,-0.00444681,1.01278e+06,0.160419,-0.0323825,993252,994.186,746119,2117.25,310756,0.121585,16203,3.87601e+06,116.954,10656.8,5.79482,130000
55.4,-0.00444681,1.01278e+06,0.159778,-0.0323825,993248,991.015,746119,2112.55,310758,0.121101,16168.2,3.86967e+06,116.139,10584.1,5.79398,130000
55.5,-0.00444681,1.01278e+06,0.15914,-0.0323825,993245,987.851,746119,2107.85,310760,0.120618,16133.5,3.86335e+06,115.33,10511.9,5.79315,130000
55.6,-0.00444681,1.01278e+06,0.158505,-0.0323825,993242,984.695,746119,2103.17,310761,0.120137,16098.9,3.85705e+06,114.526,10440.2,5.79232,130000
55.7,-0.00444681,1.01278e+06,0.157872,-0.0323825,993238,981.546,746119,2098.49,310763,0.119658,16064.4,3.85077e+06,113.729,10368.9,5.79149,130000
55.8,-0.00444681,1.01278e+06,0.157242,-0.0323825,993235,978.404,746119,2093.82,310765,0.119181,16030.1,3.8445e+06,112.936,10298.2,5.79067,130000
55.9,-0.00444681,1.01278e+06,0.156614,-0.0323825,993232,975.27,746119,2089.16,310766,0.118706,15995.8,3.83826e+06,112.15,10228,5.78985,130000
56,-0.00444681,1.01278e+06,0.155989,-0.0323825,993229,972.143,746119,2084.5,310768,0.118233,15961.6,3.83204e+06,111.368,10158.2,5.78903,130000
56.1,-0.00444681,1.01278e+06,0.155367,-0.0323825,993225,969.023,746119,2079.85,310769,0.117761,15927.5,3.82583e+06,110.592,10089,5.78822,130000
56.2,-0.00444681,1.01278e+06,0.154746,-0.0323825,993222,965.911,746119,2075.21,310771,0.117292,15893.6,3.81965e+06,109.822,10020.2,5.7874,130000
56.3,-0.00444681,1.01278e+06,0.154129,-0.0323825,993219,962.806,746119,2070.57,310773,0.116824,15859.7,3.81348e+06,109.057,9951.86,5.78659,130000
56.4,-0.00444681,1.01278e+06,0.153513,-0.0323825,993216,959.708,746119,2065.95,310774,0.116358,15826,3.80734e+06,108.297,9884.02,5.78579,130000
56.5,-0.00444681,1.01278e+06,0.1529,-0.0323825,993212,956.618,746119,2061.33,310776,0.115895,15792.4,3.80121e+06,107.543,9816.65,5.78498,130000
56.6,-0.00444681,1.01278e+06,0.15229,-0.0323825,993209,953.535,746119,2056.72,310778,0.115433,15758.9,3.7951e+06,106.794,9749.74,5.78418,130000
56.7,-0.00444681,1.01278e+06,0.151682,-0.0323825,993206,950.459,746119,2052.11,310779,0.114972,15725.5,3.78902e+06,106.05,9683.3,5.78338,130000
56.8,-0.00444681,1.01278e+06,0.151077,-0.0323825,993203,947.391,746119,2047.51,310781,0.114514,15692.3,3.78295e+06,105.311,9617.32,5.78258,130000
56.9,-0.00444681,1.01278e+06,0.150474,-0.0323825,993200,944.33,746119,2042.92,310782,0.114057,15659.1,3.7769e+06,104.577,9551.8,5.78179,130000
57,-0.00444681,1.01278e+06,0.149873,-0.0323825,993197,941.277,746119,2038.34,310784,0.113603,15626,3.77087e+06,103.849,9486.73,5.781,130000
57.1,-0.00444681,1.01277e+06,0.149275,-0.0323825,993194,938.231,746119,2033.77,310786,0.11315,15593,3.76485e+06,103.125,9422.11,5.78021,130000
57.2,-0.00444681,1.01277e+06,0.148679,-0.0323825,993190,935.192,746119,2029.2,310787,0.112699,15560,3.75886e+06,102.407,9357.94,5.77942,130000
57.3,-0.00444681,1.01277e+06,0.148085,-0.0323825,993187,932.161,746119,2024.64,310789,0.112249,15527.2,3.75288e+06,101.694,9294.21,5.77864,130000
57.4,-0.00444681,1.01277e+06,0.147494,-0.0323825,993184,929.137,746119,2020.08,310790,0.111802,15494.5,3.74692e+06,100.985,9230.92,5.77786,130000
57.5,-0.00444681,1.01277e+06,0.146905,-0.0323825,993181,926.121,746119,2015.54,310792,0.111356,15461.9,3.74098e+06,100.282,9168.08,5.77708,130000
57.6,-0.00444681,1.01277e+06,0.146319,-0.0323825,993178,923.112,746119,2011,310793,0.110912,15429.3,3.73506e+06,99.5833,9105.66,5.7763,130000
57.7,-0.00444681,1.01277e+06,0.145735,-0.0323825,993175,920.11,746119,2006.47,310795,0.11047,15396.9,3.72916e+06,98.8896,9043.68,5.77553,130000
57.8,-0.00444681,1.01277e+06,0.145153,-0.0323825,993172,917.116,746119,2001.95,310797,0.110029,15364.6,3.72328e+06,98.2008,8982.13,5.77476,130000
57.9,-0.00444681,1.01277e+06,0.144573,-0.0323825,993169,914.129,746119,1997.43,310798,0.109591,15332.4,3.71741e+06,97.5167,8921.01,5.77399,130000
58,-0.00444681,1.01277e+06,0.143996,-0.0323825,993166,911.149,746119,1992.92,310800,0.109154,15300.3,3.71156e+06,96.8375,8860.31,5.77322,130000
58.1,-0.00444681,1.01277e+06,0.143421,-0.0323825,993163,908.177,746119,1988.42,310801,0.108719,15268.2,3.70573e+06,96.1629,8800.02,5.77246,130000
58.2,-0.00444681,1.01277e+06,0.142849,-0.0323825,993160,905.212,746119,1983.93,310803,0.108285,15236.3,3.69991e+06,95.4931,8740.16,5.7717,130000
58.3,-0.00444681,1.01277e+06,0.142279,-0.0323825,993157,902.255,746119,1979.44,310804,0.107853,15204.5,3.69412e+06,94.8279,8680.71,5.77094,130000
58.4,-0.00444681,1.01277e+06,0.141711,-0.0323825,993154,899.305,746119,1974.97,310806,0.107423,15172.7,3.68834e+06,94.1674,8621.67,5.77019,130000
58.5,-0.00444681,1.01277e+06,0.141145,-0.0323825,993151,896.363,746119,1970.49,310807,0.106995,15141.1,3.68258e+06,93.5114,8563.04,5.76943,130000
58.6,-0.00444681,1.01277e+06,0.140581,-0.0323825,993148,893.428,746119,1966.03,310809,0.106569,15109.6,3.67684e+06,92.8601,8504.82,5.76868,130000
58.7,-0.00444681,1.01277e+06,0.14002,-0.0323825,993145,890.5,746119,1961.57,310810,0.106144,15078.1,3.67111e+06,92.2132,8447,5.76793,130000
58.8,-0.00444681,1.01278e+06,0.139461,-0.0323825,993142,887.58,746119,1957.13,310812,0.10572,15046.7,3.6654e+06,91.5709,8389.57,5.76719,130000
58.9,-0.00444681,1.01278e+06,0.138905,-0.0323825,993140,884.667,746119,1952.69,310814,0.105299,15015.5,3.65971e+06,90.9331,8332.55,5.76644,130000
59,-0.00444681,1.01278e+06,0.13835,-0.0323825,993137,881.761,746120,1948.25,310815,0.104879,14984.3,3.65404e+06,90.2997,8275.92,5.7657,130000
59.1,-0.00444681,1.01278e+06,0.137798,-0.0323825,993134,878.863,746120,1943.83,310817,0.104461,14953.2,3.64838e+06,89.6707,8219.68,5.76497,130000
59.2,-0.00444681,1.01278e+06,0.137248,-0.0323825,993131,875.972,746120,1939.41,310818,0.104044,14922.2,3.64274e+06,89.0461,8163.84,5.76423,130000
59.3,-0.00444681,1.01278e+06,0.1367,-0.0323825,993128,873.089,746120,1935,310820,0.10363,14891.3,3.63711e+06,88.4259,8108.38,5.7635,130000
59.4,-0.00444681,1.01278e+06,0.136154,-0.0323825,993125,870.213,746120,1930.59,310821,0.103216,14860.5,3.63151e+06,87.81,8053.3,5.76276,130000
59.5,-0.00444681,1.01278e+06,0.135611,-0.0323825,993122,867.345,746120,1926.2,310823,0.102805,14829.8,3.62592e+06,87.1984,7998.6,5.76204,130000
59.6,-0.00444681,1.01278e+06,0.135069,-0.0323825,993120,864.483,746120,1921.81,310824,0.102395,14799.2,3.62034e+06,86.591,7944.29,5.76131,130000
59.7,-0.00444681,1.01278e+06,0.13453,-0.0323825,993117,861.63,746120,1917.43,310826,0.101987,14768.7,3.61479e+06,85.9879,7890.34,5.76059,130000
59.8,-0.00444681,1.01278e+06,0.133993,-0.0323825,993114,858.783,746120,1913.05,310827,0.10158,14738.3,3.60925e+06,85.389,7836.78,5.75986,130000
59.9,-0.00444681,1.01278e+06,0.133458,-0.0323825,993111,855.944,746120,1908.69,310829,0.101175,14708,3.60372e+06,84.7942,7783.58,5.75914,130000
60,-0.00444681,1.01278e+06,0.132925,-0.0323825,993109,853.113,746120,1904.33,310830,0.100772,14677.7,3.59821e+06,84.2036,7730.75,5.75843,130000
60.1,-0.00444681,1.01278e+06,0.132395,-0.0323825,993106,850.288,746120,1899.98,310832,0.10037,14647.5,3.59272e+06,83.6172,7678.29,5.75771,130000
60.2,-0.00444681,1.01278e+06,0.131866,-0.0323825,993103,847.472,746120,1895.63,310833,0.0999696,14617.4,3.58725e+06,83.0348,7626.18,5.757,130000
60.3,-0.00444681,1.01278e+06,0.13134,-0.0323825,993100,844.662,746120,1891.3,310834,0.099571,14587.4,3.58179e+06,82.4564,7574.44,5.75629,130000
60.4,-0.00444681,1.01278e+06,0.130815,-0.0323825,993098,841.86,746120,1886.97,310836,0.099174,14557.5,3.57635e+06,81.8821,7523.06,5.75558,130000
60.5,-0.00444681,1.01278e+06,0.130293,-0.0323825,993095,839.065,746120,1882.65,310837,0.0987786,14527.7,3.57092e+06,81.3118,7472.03,5.75488,130000
60.6,-0.00444681,1.01278e+06,0.129773,-0.0323825,993092,836.278,746120,1878.33,310839,0.0983847,14497.9,3.56551e+06,80.7455,7421.36,5.75418,130000
60.7,-0.00444681,1.01278e+06,0.129255,-0.0323825,993090,833.498,746120,1874.03,310840,0.0979924,14468.2,3.56011e+06,80.1831,7371.03,5.75347,130000
60.8,-0.00444681,1.01278e+06,0.128739,-0.0323825,993087,830.725,746120,1869.73,310842,0.0976017,14438.6,3.55473e+06,79.6247,7321.06,5.75278,130000
60.9,-0.00444681,1.01278e+06,0.128225,-0.0323825,993084,827.96,746120,1865.43,310843,0.0972125,14409,3.54937e+06,79.0701,7271.43,5.75208,130000
61,-0.00444681,1.01278e+06,0.127713,-0.0323825,993082,825.202,746120,1861.15,310845,0.0968249,14379.5,3.54402e+06,78.5194,7222.14,5.75139,130000
61.1,-0.00444681,1.01278e+06,0.127203,-0.0323825,993079,822.451,746120,1856.87,310846,0.0964388,14350.1,3.53869e+06,77.9725,7173.19,5.7507,130000
61.2,-0.00444681,1.01278e+06,0.126696,-0.0323825,993076,819.708,746120,1852.61,310848,0.0960543,14320.8,3.53337e+06,77.4295,7124.59,5.75001,130000
61.3,-0.00444681,1.01278e+06,0.12619,-0.0323825,993074,816.972,746120,1848.34,310849,0.0956713,14291.5,3.52807e+06,76.8902,7076.31,5.74932,130000
61.4,-0.00444681,1.01278e+06,0.125686,-0.0323825,993071,814.243,746120,1844.09,310850,0.0952898,14262.4,3.52278e+06,76.3547,7028.38,5.74864,130000
61.5,-0.00444681,1.01278e+06,0.125184,-0.0323825,993069,811.522,746120,1839.84,310852,0.0949099,14233.4,3.51751e+06,75.8229,6980.77,5.74795,130000
61.6,-0.00444681,1.01278e+06,0.124685,-0.0323825,993066,808.808,746120,1835.61,310853,0.0945314,14204.4,3.51226e+06,75.2948,6933.49,5.74727,130000
61.7,-0.00444681,1.01278e+06,0.124187,-0.0323825,993063,806.101,746120,1831.37,310855,0.0941545,14175.5,3.50702e+06,74.7704,6886.55,5.74659,130000
61.8,-0.00444681,1.01278e+06,0.123691,-0.0323825,993061,803.401,746120,1827.15,310856,0.0937791,14146.7,3.50179e+06,74.2497,6839.92,5.74592,130000
61.9,-0.00444681,1.01278e+06,0.123197,-0.0323825,993058,800.709,746120,1822.93,310857,0.0934051,14118,3.49658e+06,73.7326,6793.62,5.74525,130000
62,-0.00444681,1.01278e+06,0.122706,-0.0323825,993056,798.024,746120,1818.72,310859,0.0930327,14089.4,3.49139e+06,73.2191,6747.64,5.74457,130000
62.1,-0.00444681,1.01278e+06,0.122216,-0.0323825,993053,795.347,746120,1814.52,310860,0.0926617,14060.8,3.4862e+06,72.7092,6701.97,5.74391,130000
62.2,-0.00444681,1.01278e+06,0.121728,-0.0323825,993051,792.676,746120,1810.33,310862,0.0922922,14032.3,3.48104e+06,72.2028,6656.62,5.74324,130000
62.3,-0.00444681,1.01278e+06,0.121242,-0.0323825,993048,790.013,746120,1806.14,310863,0.0919242,14003.9,3.47589e+06,71.7,6611.59,5.74257,130000
62.4,-0.00444681,1.01278e+06,0.120758,-0.0323825,993046,787.358,746120,1801.96,310864,0.0915577,13975.5,3.47075e+06,71.2006,6566.86,5.74191,130000
62.5,-0.00444681,1.01278e+06,0.120276,-0.0323825,993043,784.709,746120,1797.79,310866,0.0911926,13947.3,3.46563e+06,70.7048,6522.45,5.74125,130000
62.6,-0.00444681,1.01278e+06,0.119796,-0.0323825,993041,782.068,746120,1793.63,310867,0.0908289,13919.1,3.46052e+06,70.2124,6478.34,5.74059,130000
62.7,-0.00444681,1.01278e+06,0.119317,-0.0323825,993038,779.434,746120,1789.47,310869,0.0904668,13890.9,3.45543e+06,69.7234,6434.54,5.73994,130000
62.8,-0.00444681,1.01278e+06,0.118841,-0.0323825,993036,776.807,746120,1785.32,310870,0.090106,13862.9,3.45035e+06,69.2379,6391.04,5.73928,130000
62.9,-0.00444681,1.01278e+06,0.118367,-0.0323825,993033,774.188,746120,1781.18,310871,0.0897467,13834.9,3.44529e+06,68.7557,6347.84,5.73863,130000
63,-0.00444681,1.01278e+06,0.117894,-0.0323825,993031,771.575,746120,1777.05,310873,0.0893888,13807,3.44024e+06,68.2769,6304.93,5.73798,130000
63.1,-0.00444681,1.01278e+06,0.117424,-0.0323825,993029,768.97,746120,1772.92,310874,0.0890324,13779.2,3.43521e+06,67.8014,6262.33,5.73734,130000
63.2,-0.00444681,1.01278e+06,0.116955,-0.0323825,993026,766.373,746120,1768.8,310875,0.0886774,13751.4,3.43018e+06,67.3292,6220.02,5.73669,130000
63.3,-0.00444681,1.01278e+06,0.116488,-0.0323825,993024,763.782,746120,1764.69,310877,0.0883238,13723.7,3.42518e+06,66.8603,6178,5.73605,130000
63.4,-0.00444681,1.01278e+06,0.116023,-0.0323825,993021,761.198,746120,1760.58,310878,0.0879716,13696.1,3.42019e+06,66.3947,6136.27,5.73541,130000
63.5,-0.00444681,1.01278e+06,0.11556,-0.0323825,993019,758.622,746120,1756.49,310879,0.0876208,13668.6,3.41521e+06,65.9323,6094.83,5.73477,130000
63.6,-0.00444681,1.01278e+06,0.115098,-0.0323825,993017,756.053,746120,1752.4,310881,0.0872714,13641.1,3.41024e+06,65.4732,6053.68,5.73413,130000
63.7,-0.00444681,1.01278e+06,0.114639,-0.0323825,993014,753.491,746120,1748.32,310882,0.0869233,13613.7,3.40529e+06,65.0172,6012.81,5.7335,130000
63.8,-0.00444681,1.01278e+06,0.114181,-0.0323825,993012,750.937,746120,1744.24,310884,0.0865767,13586.4,3.40036e+06,64.5645,5972.22,5.73286,130000
63.9,-0.00444681,1.01278e+06,0.113725,-0.0323825,993010,748.389,746120,1740.18,310885,0.0862315,13559.2,3.39543e+06,64.1148,5931.92,5.73223,130000
64,-0.00444681,1.01277e+06,0.113271,-0.0323825,993007,745.849,746120,1736.12,310886,0.0858876,13532,3.39052e+06,63.6684,5891.89,5.73161,130000
64.1,-0.00444681,1.01277e+06,0.112819,-0.0323825,993005,743.315,746120,1732.06,310888,0.0855451,13504.9,3.38563e+06,63.225,5852.14,5.73098,130000
64.2,-0.00444681,1.01277e+06,0.112369,-0.0323825,993003,740.789,746120,1728.02,310889,0.085204,13477.9,3.38075e+06,62.7847,5812.66,5.73036,130000
64.3,-0.00444681,1.01277e+06,0.11192,-0.0323825,993000,738.27,746120,1723.98,310890,0.0848642,13451,3.37588e+06,62.3475,5773.46,5.72973,130000
64.4,-0.00444681,1.01277e+06,0.111474,-0.0323825,992998,735.758,746120,1719.95,310891,0.0845258,13424.1,3.37102e+06,61.9133,5734.52,5.72911,130000
64.5,-0.00444681,1.01277e+06,0.111029,-0.0323825,992996,733.253,746120,1715.93,310893,0.0841887,13397.3,3.36618e+06,61.4822,5695.86,5.7285,130000
64.6,-0.00444681,1.01277e+06,0.110585,-0.0323825,992993,730.756,746120,1711.92,310894,0.083853,13370.6,3.36135e+06,61.0541,5657.46,5.72788,130000
64.7,-0.00444681,1.01277e+06,0.110144,-0.0323825,992991,728.265,746120,1707.91,310895,0.0835186,13343.9,3.35654e+06,60.6289,5619.33,5.72726,130000
64.8,-0.00444681,1.01277e+06,0.109704,-0.0323825,992989,725.781,746120,1703.91,310897,0.0831856,13317.4,3.35174e+06,60.2067,5581.46,5.72665,130000
64.9,-0.00444681,1.01277e+06,0.109266,-0.0323825,992987,723.305,746120,1699.92,310898,0.0828538,13290.9,3.34695e+06,59.7875,5543.86,5.72604,130000
65,-0.00444681,1.01277e+06,0.10883,-0.0323825,992984,720.836,746120,1695.93,310899,0.0825234,13264.5,3.34218e+06,59.3712,5506.51,5.72543,130000
65.1,-0.00444681,1.01277e+06,0.108396,-0.0323825,992982,718.373,746120,1691.95,310901,0.0821944,13238.1,3.33741e+06,58.9577,5469.42,5.72483,130000
65.2,-0.00444681,1.01277e+06,0.107963,-0.0323825,992980,715.918,746120,1687.98,310902,0.0818666,13211.9,3.33267e+06,58.5472,5432.58,5.72422,130000
65.3,-0.00444681,1.01277e+06,0.107532,-0.0323825,992978,713.47,746120,1684.02,310903,0.0815401,13185.7,3.32793e+06,58.1395,5396.01,5.72362,130000
65.4,-0.00444681,1.01278e+06,0.107103,-0.0323825,992976,711.028,746120,1680.06,310904,0.0812149,13159.6,3.32321e+06,57.7347,5359.68,5.72302,130000
65.5,-0.00444681,1.01278e+06,0.106675,-0.0323825,992973,708.594,746120,1676.12,310906,0.0808911,13133.6,3.3185e+06,57.3326,5323.6,5.72242,130000
65.6,-0.00444681,1.01278e+06,0.106249,-0.0323825,992971,706.167,746120,1672.18,310907,0.0805685,13107.6,3.3138e+06,56.9334,5287.77,5.72183,130000
65.7,-0.00444681,1.01278e+06,0.105825,-0.0323825,992969,703.747,746120,1668.24,310908,0.0802472,13081.7,3.30912e+06,56.537,5252.2,5.72123,130000
65.8,-0.00444681,1.01278e+06,0.105403,-0.0323825,992967,701.334,746120,1664.32,310910,0.0799272,13055.8,3.30445e+06,56.1433,5216.86,5.72064,130000
65.9,-0.00444681,1.01278e+06,0.104982,-0.0323825,992965,698.927,746120,1660.4,310911,0.0796084,13030,3.29979e+06,55.7524,5181.77,5.72005,130000
66,-0.00444681,1.01278e+06,0.104563,-0.0323825,992963,696.528,746120,1656.49,310912,0.0792909,13004.3,3.29514e+06,55.3642,5146.93,5.71946,130000
66.1,-0.00444681,1.01278e+06,0.104145,-0.0323825,992961,694.136,746120,1652.58,310913,0.0789747,12978.6,3.29051e+06,54.9787,5112.32,5.71888,130000
66.2,-0.00444681,1.01278e+06,0.10373,-0.0323825,992958,691.75,746120,1648.69,310915,0.0786598,12953,3.28589e+06,54.5959,5077.96,5.71829,130000
66.3,-0.00444681,1.01278e+06,0.103316,-0.0323825,992956,689.372,746120,1644.8,310916,0.0783461,12927.4,3.28128e+06,54.2158,5043.83,5.71771,130000
66.4,-0.00444681,1.01278e+06,0.102903,-0.0323825,992954,687,746120,1640.92,310917,0.0780337,12901.9,3.27668e+06,53.8383,5009.93,5.71713,130000
66.5,-0.00444681,1.01278e+06,0.102492,-0.0323825,992952,684.635,746120,1637.04,310918,0.0777225,12876.5,3.2721e+06,53.4634,4976.27,5.71655,130000
66.6,-0.00444681,1.01278e+06,0.102083,-0.0323825,992950,682.278,746120,1633.17,310919,0.0774125,12851.2,3.26753e+06,53.0912,4942.84,5.71597,130000
66.7,-0.00444681,1.01278e+06,0.101676,-0.0323825,992948,679.927,746120,1629.32,310921,0.0771038,12825.9,3.26297e+06,52.7216,4909.65,5.7154,130000
66.8,-0.00444681,1.01277e+06,0.10127,-0.0323825,992946,677.583,746120,1625.46,310922,0.0767963,12800.7,3.25843e+06,52.3545,4876.68,5.71483,130000
66.9,-0.00444681,1.01277e+06,0.100865,-0.0323825,992944,675.246,746120,1621.62,310923,0.07649,12775.5,3.25389e+06,51.99,4843.94,5.71425,130000
67,-0.00444681,1.01277e+06,0.100463,-0.0323825,992942,672.916,746120,1617.78,310924,0.076185,12750.5,3.24937e+06,51.628,4811.43,5.71369,130000
67.1,-0.00444681,1.01277e+06,0.100062,-0.0323825,992940,670.592,746120,1613.95,310926,0.0758812,12725.4,3.24486e+06,51.2686,4779.14,5.71312,130000
67.2,-0.00444681,1.01277e+06,0.0996623,-0.0323825,992938,668.276,746120,1610.13,310927,0.0755785,12700.5,3.24036e+06,50.9116,4747.07,5.71255,130000
67.3,-0.00444681,1.01277e+06,0.0992645,-0.0323825,992936,665.966,746120,1606.31,310928,0.0752771,12675.6,3.23588e+06,50.5572,4715.23,5.71199,130000
67.4,-0.00444681,1.01277e+06,0.0988682,-0.0323825,992934,663.663,746120,1602.5,310929,0.0749769,12650.9,3.2314e+06,50.2052,4683.6,5.71143,130000
67.5,-0.00444681,1.01277e+06,0.0984735,-0.0323825,992932,661.367,746120,1598.7,310930,0.0746779,12626.1,3.22694e+06,49.8557,4652.19,5.71087,130000
67.6,-0.00444681,1.01277e+06,0.0980804,-0.0323825,992930,659.078,746120,1594.91,310932,0.0743801,12601.5,3.22249e+06,49.5086,4621,5.71031,130000
67.7,-0.00444681,1.01277e+06,0.0976889,-0.0323825,992928,656.795,746120,1591.12,310933,0.0740834,12576.9,3.21805e+06,49.1639,4590.03,5.70975,130000
67.8,-0.00444681,1.01277e+06,0.0972989,-0.0323825,992926,654.519,746120,1587.34,310934,0.073788,12552.4,3.21362e+06,48.8217,4559.26,5.7092,130000
67.9,-0.00444681,1.01277e+06,0.0969105,-0.0323825,992924,652.25,746120,1583.57,310935,0.0734937,12528,3.20921e+06,48.4818,4528.72,5.70865,130000
68,-0.00444681,1.01277e+06,0.0965237,-0.0323825,992922,649.988,746120,1579.81,310936,0.0732006,12503.6,3.20481e+06,48.1443,4498.38,5.70809,130000
68.1,-0.00444681,1.01277e+06,0.0961383,-0.0323825,992920,647.733,746120,1576.05,310938,0.0729087,12479.3,3.20042e+06,47.8091,4468.25,5.70755,130000
68.2,-0.00444681,1.01277e+06,0.0957545,-0.0323825,992918,645.484,746120,1572.3,310939,0.0726179,12455.1,3.19604e+06,47.4763,4438.32,5.707,130000
68.3,-0.00444681,1.01277e+06,0.0953723,-0.0323825,992916,643.242,746120,1568.56,310940,0.0723283,12431,3.19167e+06,47.1458,4408.61,5.70645,130000
68.4,-0.00444681,1.01277e+06,0.0949916,-0.0323825,992914,641.006,746120,1564.82,310941,0.0720398,12407,3.18731e+06,46.8175,4379.1,5.70591,130000
68.5,-0.00444681,1.01277e+06,0.0946124,-0.0323825,992912,638.778,746120,1561.1,310942,0.0717525,12383,3.18296e+06,46.4916,4349.79,5.70537,130000
68.6,-0.00444681,1.01277e+06,0.0942347,-0.0323825,992910,636.556,746120,1557.37,310943,0.0714664,12359.1,3.17863e+06,46.168,4320.68,5.70483,130000
68.7,-0.00444681,1.01277e+06,0.0938585,-0.0323825,992908,634.341,746120,1553.66,310945,0.0711813,12335.3,3.17431e+06,45.8466,4291.78,5.70429,130000
68.8,-0.00444681,1.01277e+06,0.0934838,-0.0323825,992907,632.132,746120,1549.96,310946,0.0708974,12311.6,3.17e+06,45.5274,4263.07,5.70375,130000
68.9,-0.00444681,1.01277e+06,0.0931106,-0.0323825,992905,629.93,746120,1546.26,310947,0.0706147,12288,3.1657e+06,45.2104,4234.56,5.70322,130000
69,-0.00444681,1.01277e+06,0.0927389,-0.0323825,992903,627.735,746120,1542.56,310948,0.0703331,12264.4,3.16141e+06,44.8957,4206.25,5.70268,130000
69.1,-0.00444681,1.01278e+06,0.0923687,-0.0323825,992901,625.546,746120,1538.88,310949,0.0700525,12241,3.15713e+06,44.5831,4178.13,5.70215,130000
69.2,-0.00444681,1.01278e+06,0.092,-0.0323825,992899,623.364,746120,1535.2,310950,0.0697732,12217.6,3.15286e+06,44.2728,4150.2,5.70162,130000
69.3,-0.00444681,1.01278e+06,0.0916327,-0.0323825,992897,621.188,746120,1531.53,310952,0.0694949,12194.2,3.14861e+06,43.9646,4122.47,5.7011,130000
69.4,-0.00444681,1.01278e+06,0.0912669,-0.0323825,992895,619.019,746120,1527.87,310953,0.0692177,12170.8,3.14436e+06,43.6586,4094.94,5.70057,130000
69.5,-0.00444681,1.01278e+06,0.0909026,-0.0323825,992893,616.857,746120,1524.21,310954,0.0689417,12147.4,3.14013e+06,43.3547,4067.59,5.70005,130000
69.6,-0.00444681,1.01278e+06,0.0905397,-0.0323825,992892,614.701,746120,1520.57,310955,0.0686667,12124,3.13591e+06,43.053,4040.43,5.69952,130000
69.7,-0.00444681,1.01277e+06,0.0901783,-0.0323825,992890,612.552,746120,1516.92,310956,0.0683928,12100.7,3.1317e+06,42.7533,4013.47,5.699,130000
69.8,-0.00444681,1.01277e+06,0.0898183,-0.0323825,992888,610.409,746120,1513.29,310957,0.0681201,12077.5,3.1275e+06,42.4558,3986.68,5.69848,130000
69.9,-0.00444681,1.01277e+06,0.0894597,-0.0323825,992886,608.273,746120,1509.66,310958,0.0678484,12054.4,3.12331e+06,42.1603,3960.08,5.69796,130000
70,-0.00444681,1.01277e+06,0.0891026,-0.0323825,992884,606.143,746120,1506.04,310959,0.0675778,12031.3,3.11913e+06,41.8669,3933.67,5.69745,130000
