Time,V,Ap,ApM,I,ThN,ThE,TkN,TkE,B,Ps,Pl,Bm,IgM,IgG,C,NK
0,61,1e+06,0,0,1e+06,0,500000,0,250000,0,0,0,0,0,0,130000
0.1,73.0026,1.00659e+06,0.325455,0.0131208,999997,3.25566,615443,1.39879,259430,0.0236085,0.140388,0.0283237,7.01099e-05,3.52352e-06,5.86662,130818
0.2,87.3407,1.01021e+06,0.600009,0.0304538,999987,12.2271,678718,6.02302,266051,0.0845406,1.08636,0.221132,0.000516756,5.51627e-05,6.25025,133844
0.3,104.466,1.01206e+06,0.815983,0.0493153,999973,25.6191,711201,13.9651,270715,0.168209,3.51165,0.721219,0.00159736,0.000269591,6.67703,139155
0.4,124.921,1.01297e+06,0.972496,0.067789,999955,42.1021,727213,24.8992,274015,0.261581,7.90456,1.63838,0.00344638,0.0008191,7.13941,146593
0.5,149.351,1.01341e+06,1.07544,0.0851604,999935,60.4476,734784,38.3326,276370,0.354297,14.5622,3.0469,0.00609612,0.00191354,7.62896,155832
0.6,178.528,1.0136e+06,1.13584,0.101278,999913,79.6451,738224,53.762,278074,0.439316,23.6105,4.98826,0.00950276,0.00378209,8.14022,166506
0.7,213.374,1.01369e+06,1.1669,0.116664,999890,98.9613,739691,70.7694,279332,0.51289,35.0423,7.47777,0.0135748,0.00665868,8.67216,178306
0.8,254.987,1.01372e+06,1.18083,0.132117,999867,117.943,740259,89.0761,280290,0.574,48.7651,10.5133,0.0182016,0.01077,9.22807,191046
0.9,304.675,1.01373e+06,1.18638,0.148091,999844,136.364,740450,108.548,281056,0.623458,64.6417,14.0829,0.0232739,0.016329,9.81447,204687
1,363.995,1.01373e+06,1.18855,0.166158,999820,154.139,740515,129.156,281706,0.662949,82.5184,18.1703,0.0286948,0.0235324,10.4378,219274
1.1,434.802,1.01373e+06,1.18942,0.18542,999797,171.252,740533,150.939,282299,0.694316,102.241,22.7581,0.0343835,0.0325605,11.104,234896
1.2,519.304,1.01373e+06,1.1899,0.207197,999773,187.714,740537,173.964,282878,0.719215,123.663,27.8293,0.0402752,0.0435769,11.8197,251691
1.3,620.128,1.01373e+06,1.19027,0.23131,999749,203.546,740537,198.323,283482,0.739043,146.647,33.3677,0.0463188,0.0567301,12.5926,269835
1.4,740.398,1.01373e+06,1.19057,0.257814,999726,218.768,740537,224.121,284142,0.754932,171.065,39.3584,0.0524743,0.0721546,13.429,289473
1.5,883.828,1.01373e+06,1.19076,0.288013,999702,233.405,740537,251.473,284889,0.767796,196.804,45.7881,0.0587109,0.0899715,14.3338,310723
1.6,1054.83,1.01373e+06,1.19104,0.320191,999679,247.478,740537,280.507,285753,0.778356,223.76,52.6448,0.0650052,0.110291,15.3164,333796
1.7,1258.66,1.01373e+06,1.1911,0.356436,999655,261.007,740537,311.363,286769,0.787191,251.841,59.9184,0.0713392,0.133211,16.3823,358836
1.8,1501.54,1.01373e+06,1.1912,0.396213,999631,274.012,740537,344.188,287972,0.794791,280.967,67.6005,0.0776999,0.158822,17.5386,385996
1.9,1790.85,1.01373e+06,1.19132,0.440092,999608,286.513,740537,379.143,289407,0.80156,311.074,75.6853,0.0840783,0.187207,18.7917,415430
2,2135.37,1.01373e+06,1.19171,0.488299,999584,298.533,740537,416.398,291125,0.807858,342.112,84.169,0.0904685,0.218441,20.1478,447276
2.1,2545.46,1.01373e+06,1.19172,0.541976,999561,310.087,740537,456.126,293186,0.81397,374.045,93.0514,0.0968678,0.252594,21.6166,481782
2.2,3033.43,1.01373e+06,1.19155,0.601465,999537,321.192,740537,498.514,295667,0.820165,406.858,102.335,0.103276,0.289736,23.2026,519043
2.3,3613.81,1.01373e+06,1.19144,0.667067,999514,331.866,740537,543.751,298659,0.826725,440.556,112.028,0.109694,0.329932,24.9149,559267
2.4,4303.81,1.01373e+06,1.19126,0.739912,999490,342.127,740537,592.036,302278,0.833948,475.171,122.142,0.116127,0.373251,26.7596,602601
2.5,5123.73,1.01373e+06,1.19182,0.819812,999466,351.997,740537,643.571,306668,0.842157,510.762,132.695,0.122582,0.419766,28.7444,649206
2.6,6097.55,1.01373e+06,1.19155,0.908789,999443,361.471,740537,698.528,312010,0.851541,547.427,143.715,0.129067,0.469555,30.8763,699288
2.7,7253.54,1.01372e+06,1.1914,1.00773,999419,370.579,740537,757.112,318539,0.862622,585.309,155.238,0.135596,0.52271,33.1605,752938
2.8,8625,1.01372e+06,1.19112,1.11771,999396,379.331,740537,819.494,326558,0.875837,624.608,167.313,0.142185,0.579338,35.6031,810307
2.9,10251.1,1.01372e+06,1.19151,1.23975,999372,387.739,740537,885.825,336467,0.891767,665.6,180.006,0.148853,0.639569,38.2091,871497
3,12177.9,1.01372e+06,1.19125,1.37623,999348,395.824,740537,956.247,348803,0.911238,708.659,193.405,0.155628,0.703564,40.9807,936582
3.1,14459.3,1.01372e+06,1.19148,1.52846,999325,403.594,740537,1030.84,364295,0.93519,754.293,207.627,0.162542,0.771528,43.9208,1.00561e+06
3.2,17158.9,1.01372e+06,1.19158,1.69871,999301,411.067,740537,1109.64,383966,0.964982,803.197,222.832,0.169641,0.843721,47.0284,1.07856e+06
3.3,20350.8,1.01371e+06,1.1906,1.88968,999278,418.235,740537,1192.57,409274,1.00228,856.322,239.236,0.176979,0.920486,50.3015,1.15542e+06
3.4,24121.9,1.01371e+06,1.19086,2.10392,999254,425.123,740537,1279.52,442366,1.04973,915.003,257.139,0.184632,1.00227,53.7367,1.23604e+06
3.5,28573.8,1.01371e+06,1.19041,2.34506,999231,431.739,740537,1370.23,486501,1.11099,981.147,276.968,0.192699,1.08969,57.3236,1.32023e+06
3.6,33824.9,1.01371e+06,1.18993,2.61706,999207,438.089,740537,1464.29,546813,1.1915,1057.56,299.346,0.20132,1.18358,61.0512,1.40771e+06
3.7,40013.5,1.0137e+06,1.19014,2.92428,999183,444.19,740537,1561.16,631731,1.29981,1148.49,325.207,0.210692,1.2851,64.9032,1.49808e+06
3.8,47300.7,1.0137e+06,1.19014,3.27245,999160,450.052,740537,1660.04,755784,1.44961,1260.67,356.022,0.221105,1.39597,68.8584,1.59086e+06
3.9,55874.2,1.01369e+06,1.18916,3.66805,999136,455.684,740537,1759.9,945474,1.66423,1405.28,394.207,0.233005,1.51875,72.8911,1.68545e+06
4,65952.2,1.01369e+06,1.18879,4.11818,999113,461.083,740537,1859.36,1.25242e+06,1.98583,1601.94,443.979,0.247107,1.65747,76.9723,1.78115e+06
4.1,77788.6,1.01368e+06,1.18819,4.63179,999089,466.262,740537,1956.78,1.78506e+06,2.49595,1887.66,513.215,0.264638,1.81885,81.0664,1.87714e+06
4.2,91678,1.01368e+06,1.18831,5.21889,999066,471.226,740537,2050.13,2.79187e+06,3.3651,2337.9,617.857,0.287851,2.0149,85.1349,1.97249e+06
4.3,107961,1.01367e+06,1.18703,5.89181,999042,475.987,740537,2137.04,4.90857e+06,4.9875,3123.04,793.641,0.321276,2.26903,89.1344,2.06622e+06
4.4,127030,1.01366e+06,1.1865,6.66356,999019,480.547,740537,2214.71,9.98432e+06,8.39461,4678.46,1131.25,0.375115,2.63246,93.0218,2.1573e+06
4.5,149322,1.01365e+06,1.18561,7.54925,998995,484.915,740537,2280.04,2.42576e+07,16.6823,8285.46,1895.95,0.47559,3.23318,96.7518,2.24467e+06
4.6,175290,1.01364e+06,1.184,8.56331,998972,489.09,740537,2329.62,7.28448e+07,40.8848,18422,4009.89,0.702093,4.44905,100.28,2.32731e+06
4.7,205241,1.01363e+06,1.18297,9.71271,998949,493.077,740537,2360.06,2.80636e+08,129.153,54350.9,11421.6,1.34831,7.64809,103.564,2.4042e+06
4.8,238487,1.01361e+06,1.18117,10.9621,998925,496.882,740537,2368.52,1.43705e+09,548.7,221612,45681.5,3.7927,19.1457,106.547,2.47401e+06
4.9,267995,1.0136e+06,1.17987,12.0151,998902,500.509,740537,2355.18,9.86715e+09,3216.28,1.27118e+06,259671,16.5358,77.4033,109.094,2.53344e+06
5,244278,1.01361e+06,1.1809,10.8453,998879,503.986,740537,2338.04,7.50162e+10,23792.1,9.34574e+06,1.9023e+06,105.262,478.288,110.534,2.56588e+06
5.1,52528.1,1.0137e+06,1.18944,2.47759,998855,507.42,740537,2409.34,2.16066e+11,118295,4.77448e+07,9.74633e+06,658.317,3006.33,107.542,2.49057e+06
5.2,36.8195,1.01374e+06,1.21666,0.00439349,998831,511.12,740536,2591.66,1.67172e+11,217422,9.53537e+07,1.96834e+07,2150.96,10245.7,98.6998,2.28039e+06
5.3,-0.000299888,1.01374e+06,1.21149,-6.0728e-05,998807,514.841,740536,2767.27,1.16853e+11,259215,1.27451e+08,2.66675e+07,4236.5,21391.5,89.9484,2.07588e+06
5.4,-0.00026031,1.01374e+06,1.20665,-0.00631341,998783,518.323,740536,2925.68,8.16693e+10,264484,1.47978e+08,3.13973e+07,6496.08,35044.5,82.0443,1.8908e+06
5.5,-0.000260316,1.01374e+06,1.20184,-0.00631589,998760,521.576,740536,3068.58,5.70821e+10,249545,1.6041e+08,3.45254e+07,8689.2,50221.2,74.8915,1.72333e+06
5.6,-0.000260317,1.01374e+06,1.19704,-0.00631662,998736,524.609,740536,3197.5,3.99113e+10,224623,1.67205e+08,3.65225e+07,10689.4,66236.5,68.4188,1.57179e+06
5.7,-0.000260317,1.01374e+06,1.19226,-0.00631653,998712,527.43,740537,3313.81,2.79052e+10,196026,1.70111e+08,3.77291e+07,12439.8,82610.3,62.5613,1.43467e+06
5.8,-0.000260317,1.01374e+06,1.1875,-0.00631658,998689,530.049,740537,3418.75,1.95035e+10,167381,1.70352e+08,3.83851e+07,13927.1,99015.6,57.2604,1.31058e+06
5.9,-0.000260317,1.01374e+06,1.18276,-0.0063166,998665,532.474,740537,3513.43,1.36294e+10,140606,1.68773e+08,3.86583e+07,15162.8,115233,52.4632,1.1983e+06
6,-0.000260318,1.01374e+06,1.17804,-0.0063166,998642,534.712,740537,3598.86,9.52543e+09,116635,1.65973e+08,3.86675e+07,16169.7,131116,48.1219,1.09669e+06
6.1,-0.000260318,1.01374e+06,1.17334,-0.0063166,998619,536.771,740537,3675.95,6.65688e+09,95799.7,1.62374e+08,3.8497e+07,16975.3,146566,44.193,1.00475e+06
6.2,-0.000260318,1.01374e+06,1.16865,-0.0063166,998596,538.659,740537,3745.52,4.65044e+09,78070.4,1.58272e+08,3.8206e+07,17608.2,161522,40.6374,921553
6.3,-0.000260318,1.01374e+06,1.16399,-0.0063166,998573,540.383,740537,3808.29,3.25025e+09,63204.4,1.53867e+08,3.78349e+07,18095.7,175950,37.4196,846269
6.4,-0.000260318,1.01374e+06,1.15934,-0.0063166,998550,541.948,740537,3864.94,2.27281e+09,50892.8,1.49304e+08,3.74126e+07,18462.3,189829,34.5075,778145
6.5,-0.000260319,1.01374e+06,1.15471,-0.0063166,998527,543.363,740537,3916.07,1.58873e+09,40800.3,1.44681e+08,3.69595e+07,18729.5,203152,31.8719,716500
6.6,-0.000260319,1.01374e+06,1.1501,-0.0063166,998504,544.632,740537,3962.2,1.11042e+09,32586.7,1.40065e+08,3.64891e+07,18915.7,215922,29.4865,660719
6.7,-0.000260319,1.01374e+06,1.14551,-0.0063166,998481,545.763,740537,4003.83,7.76477e+08,25942.2,1.355e+08,3.60108e+07,19036.4,228145,27.3277,610242
6.8,-0.000260319,1.01374e+06,1.14094,-0.0063166,998459,546.76,740537,4041.4,5.42922e+08,20596.8,1.31018e+08,3.55312e+07,19104.5,239832,25.3738,564567
6.9,-0.000260319,1.01374e+06,1.13638,-0.0063166,998436,547.629,740537,4075.3,3.79525e+08,16314.9,1.26638e+08,3.50545e+07,19130.5,250996,23.6053,523236
7,-0.00026032,1.01374e+06,1.13185,-0.0063166,998414,548.376,740537,4105.89,2.65396e+08,12896.6,1.22371e+08,3.45837e+07,19123.1,261651,22.0046,485835
7.1,-0.00026032,1.01374e+06,1.12733,-0.0063166,998392,549.006,740538,4133.48,1.85634e+08,10176.6,1.18226e+08,3.41206e+07,19089.2,271812,20.5558,451992
7.2,-0.00026032,1.01374e+06,1.12283,-0.0063166,998369,549.523,740538,4158.37,1.29835e+08,8018.16,1.14205e+08,3.36664e+07,19034.6,281496,19.2444,421368
7.3,-0.000260321,1.01374e+06,1.11835,-0.0063166,998347,549.933,740538,4180.82,9.08363e+07,6309.04,1.10309e+08,3.32218e+07,18963.6,290718,18.0573,393656
7.4,-0.000260321,1.01374e+06,1.11388,-0.0063166,998325,550.239,740538,4201.07,6.35917e+07,4958.39,1.06539e+08,3.27871e+07,18879.9,299493,16.9827,368580
7.5,-0.000260321,1.01374e+06,1.10944,-0.0063166,998303,550.447,740538,4219.32,4.45372e+07,3892.96,1.02892e+08,3.23625e+07,18786.4,307838,16.01,345889
7.6,-0.000260322,1.01374e+06,1.10501,-0.0063166,998281,550.56,740538,4235.76,3.12141e+07,3053.73,9.93664e+07,3.19479e+07,18685.3,315767,15.1294,325356
7.7,-0.000260322,1.01374e+06,1.1006,-0.0063166,998260,550.583,740538,4250.58,2.19151e+07,2393.53,9.59589e+07,3.15431e+07,18578.5,323295,14.3322,306775
7.8,-0.000260322,1.01374e+06,1.0962,-0.0063166,998238,550.518,740538,4263.91,1.54199e+07,1874.79,9.26664e+07,3.11481e+07,18467.3,330437,13.6104,289962
7.9,-0.000260323,1.01374e+06,1.09183,-0.0063166,998216,550.371,740538,4275.92,1.0861e+07,1467.6,8.94857e+07,3.07626e+07,18352.9,337207,12.9569,274749
8,-0.000260323,1.01374e+06,1.08747,-0.0063166,998195,550.145,740538,4286.71,7.67297e+06,1148.24,8.64133e+07,3.03862e+07,18236.1,343618,12.3651,260982
8.1,-0.000260323,1.01374e+06,1.08313,-0.0063166,998173,549.842,740538,4296.4,5.45105e+06,897.971,8.34458e+07,3.00188e+07,18117.8,349683,11.8293,248524
8.2,-0.000260324,1.01374e+06,1.0788,-0.0063166,998152,549.467,740538,4305.1,3.89578e+06,701.984,8.05798e+07,2.966e+07,17998.3,355416,11.3441,237251
8.3,-0.000260324,1.01374e+06,1.0745,-0.0063166,998131,549.022,740538,4312.91,2.80635e+06,548.596,7.7812e+07,2.93096e+07,17878.1,360827,10.9046,227051
8.4,-0.000260324,1.01374e+06,1.07021,-0.0063166,998110,548.51,740538,4319.89,2.0463e+06,428.609,7.51391e+07,2.89674e+07,17757.6,365930,10.5066,217820
8.5,-0.000260325,1.01374e+06,1.06593,-0.0063166,998088,547.935,740538,4326.13,1.51549e+06,334.798,7.2558e+07,2.86329e+07,17637.1,370736,10.1461,209468
8.6,-0.000260325,1.01374e+06,1.06168,-0.0063166,998067,547.299,740539,4331.7,1.14367e+06,261.485,7.00655e+07,2.8306e+07,17516.6,375255,9.81944,201910
8.7,-0.000260326,1.01374e+06,1.05744,-0.0063166,998047,546.605,740539,4336.65,883763,204.209,6.76586e+07,2.79865e+07,17396.4,379499,9.52352,195070
8.8,-0.000260326,1.01374e+06,1.05322,-0.0063166,998026,545.856,740539,4341.05,702406,159.479,6.53344e+07,2.76741e+07,17276.6,383477,9.25538,188882
8.9,-0.000260326,1.01374e+06,1.04901,-0.0063166,998005,545.053,740539,4344.93,575518,124.556,6.309e+07,2.73685e+07,17157.3,387200,9.01238,183281
9,-0.000260327,1.01374e+06,1.04483,-0.0063166,997984,544.2,740539,4348.36,486712,97.2984,6.09228e+07,2.70695e+07,17038.6,390678,8.79214,178214
9.1,-0.000260327,1.01374e+06,1.04066,-0.0063166,997964,543.299,740539,4351.36,424709,76.0273,5.88301e+07,2.6777e+07,16920.5,393918,8.59247,173628
9.2,-0.000260328,1.01374e+06,1.0365,-0.0063166,997943,542.351,740539,4353.97,381384,59.4317,5.68093e+07,2.64907e+07,16803.1,396932,8.41144,169479
9.3,-0.000260328,1.01374e+06,1.03236,-0.0063166,997923,541.359,740539,4356.23,351062,46.4863,5.4858e+07,2.62105e+07,16686.3,399726,8.24727,165724
9.4,-0.000260328,1.01374e+06,1.02824,-0.0063166,997903,540.326,740539,4358.17,329868,36.3895,5.29738e+07,2.59361e+07,16570.3,402310,8.09836,162326
9.5,-0.000260329,1.01374e+06,1.02414,-0.0063166,997882,539.252,740539,4359.81,315067,28.5157,5.11543e+07,2.56673e+07,16455,404691,7.96325,159252
9.6,-0.000260329,1.01374e+06,1.02005,-0.0063166,997862,538.14,740539,4361.18,304715,22.3762,4.93974e+07,2.5404e+07,16340.4,406878,7.84064,156470
9.7,-0.00026033,1.01374e+06,1.01598,-0.0063166,997842,536.992,740539,4362.3,297471,17.5897,4.77009e+07,2.51461e+07,16226.6,408877,7.72934,153952
9.8,-0.00026033,1.01374e+06,1.01192,-0.0063166,997822,535.809,740539,4363.19,292410,13.859,4.60627e+07,2.48933e+07,16113.5,410696,7.62827,151674
9.9,-0.00026033,1.01374e+06,1.00788,-0.0063166,997802,534.593,740539,4363.86,288880,10.951,4.44809e+07,2.46455e+07,16001.2,412342,7.53646,149613
10,-0.000260331,1.01374e+06,1.00386,-0.0063166,997782,533.346,740539,4364.34,286417,8.68383,4.29534e+07,2.44026e+07,15889.7,413821,7.45304,147747
10.1,-0.000260331,1.01374e+06,0.999852,-0.0063166,997762,532.069,740539,4364.64,284695,6.91571,4.14784e+07,2.41644e+07,15778.9,415141,7.3772,146059
10.2,-0.000260332,1.01374e+06,0.99586,-0.0063166,997743,530.764,740539,4364.77,283486,5.53678,4.00542e+07,2.39308e+07,15668.9,416307,7.30823,144532
10.3,-0.000260332,1.01374e+06,0.991885,-0.0063166,997723,529.432,740540,4364.74,282639,4.46163,3.86789e+07,2.37016e+07,15559.7,417326,7.24547,143150
10.4,-0.000260333,1.01374e+06,0.987925,-0.0063166,997704,528.074,740540,4364.56,282047,3.62348,3.73509e+07,2.34768e+07,15451.2,418202,7.18833,141899
10.5,-0.000260333,1.01374e+06,0.983981,-0.0063166,997684,526.692,740540,4364.25,281635,2.96991,3.60685e+07,2.32562e+07,15343.4,418943,7.13629,140767
10.6,-0.000260333,1.01374e+06,0.980053,-0.0063166,997665,525.287,740540,4363.81,281347,2.45997,3.48303e+07,2.30396e+07,15236.4,419553,7.08885,139743
10.7,-0.000260334,1.01374e+06,0.976141,-0.0063166,997646,523.86,740540,4363.25,281144,2.06197,3.36345e+07,2.28271e+07,15130.1,420037,7.04558,138817
10.8,-0.000260334,1.01374e+06,0.972244,-0.0063166,997626,522.412,740540,4362.58,281002,1.75129,3.248e+07,2.26184e+07,15024.6,420401,7.00609,137978
10.9,-0.000260335,1.01374e+06,0.968363,-0.0063166,997607,520.945,740540,4361.81,280903,1.50871,3.1365e+07,2.24134e+07,14919.8,420649,6.97001,137219
11,-0.000260335,1.01374e+06,0.964497,-0.0063166,997588,519.459,740540,4360.93,280834,1.31917,3.02885e+07,2.22121e+07,14815.8,420786,6.93703,136533
11.1,-0.000260336,1.01374e+06,0.960647,-0.0063166,997569,517.956,740540,4359.96,280786,1.17094,2.92489e+07,2.20144e+07,14712.4,420817,6.90684,135911
11.2,-0.000260336,1.01374e+06,0.956812,-0.0063166,997550,516.436,740540,4358.91,280753,1.05486,2.82451e+07,2.18202e+07,14609.8,420746,6.8792,135349
11.3,-0.000260336,1.01374e+06,0.952992,-0.0063166,997532,514.901,740540,4357.76,280730,0.963857,2.72757e+07,2.16293e+07,14507.9,420577,6.85384,134840
11.4,-0.000260337,1.01374e+06,0.949188,-0.0063166,997513,513.351,740541,4356.54,280714,0.892403,2.63397e+07,2.14417e+07,14406.7,420314,6.83056,134380
11.5,-0.000260337,1.01374e+06,0.945399,-0.0063166,997494,511.788,740541,4355.24,280703,0.836189,2.54359e+07,2.12574e+07,14306.2,419962,6.80917,133963
11.6,-0.000260338,1.01374e+06,0.941625,-0.0063166,997476,510.211,740541,4353.86,280695,0.791837,2.45632e+07,2.10761e+07,14206.4,419523,6.78948,133587
11.7,-0.000260338,1.01374e+06,0.937866,-0.0063166,997457,508.622,740539,4352.41,280690,0.756721,2.37204e+07,2.08979e+07,14107.4,419002,6.77133,133245
11.8,-0.000260339,1.01374e+06,0.934122,-0.0063166,997439,507.022,740539,4350.9,280687,0.728818,2.29066e+07,2.07227e+07,14009,418402,6.75457,132937
11.9,-0.000260339,1.01374e+06,0.930393,-0.0063166,997420,505.412,740542,4349.32,280685,0.706537,2.21208e+07,2.05504e+07,13911.2,417727,6.73908,132657
12,-0.000260339,1.01374e+06,0.926679,-0.0063166,997402,503.791,740546,4347.68,280684,0.688684,2.1362e+07,2.03809e+07,13814.2,416979,6.72474,132405
12.1,-0.00026034,1.01374e+06,0.922979,-0.0063166,997384,502.161,740554,4345.98,280683,0.674216,2.06293e+07,2.02142e+07,13717.9,416163,6.71144,132176
12.2,-0.00026034,1.01374e+06,0.919295,-0.0063166,997366,500.522,740556,4344.21,280683,0.662428,1.99217e+07,2.00501e+07,13622.2,415280,6.69907,131969
12.3,-0.000260341,1.01374e+06,0.915625,-0.0063166,997347,498.876,740551,4342.4,280683,0.652658,1.92385e+07,1.98887e+07,13527.2,414334,6.68756,131782
12.4,-0.000260341,1.01374e+06,0.91197,-0.0063166,997329,497.222,740538,4340.52,280683,0.644486,1.85788e+07,1.97298e+07,13432.8,413328,6.67682,131612
12.5,-0.000260341,1.01373e+06,0.908329,-0.0063166,997311,495.561,740524,4338.59,280684,0.637553,1.79417e+07,1.95735e+07,13339.1,412264,6.66678,131459
12.6,-0.000260342,1.01373e+06,0.904703,-0.0063166,997294,493.894,740522,4336.61,280684,0.631599,1.73266e+07,1.94196e+07,13246.1,411145,6.65737,131320
12.7,-0.000260342,1.01373e+06,0.901091,-0.0063166,997276,492.221,740533,4334.58,280685,0.626422,1.67325e+07,1.92681e+07,13153.7,409974,6.64854,131195
12.8,-0.000260343,1.01374e+06,0.897494,-0.0063166,997258,490.543,740560,4332.5,280686,0.621865,1.61589e+07,1.91189e+07,13061.9,408753,6.64023,131081
12.9,-0.000260343,1.01374e+06,0.893912,-0.0063166,997241,488.861,740582,4330.37,280686,0.617813,1.5605e+07,1.8972e+07,12970.8,407484,6.63239,130978
13,-0.000260344,1.01374e+06,0.890343,-0.0063166,997223,487.174,740578,4328.19,280687,0.614114,1.50702e+07,1.88273e+07,12880.3,406170,6.62498,130885
13.1,-0.000260344,1.01374e+06,0.886789,-0.0063166,997205,485.483,740572,4325.97,280688,0.610764,1.45537e+07,1.86848e+07,12790.5,404813,6.61796,130801
13.2,-0.000260344,1.01374e+06,0.883249,-0.0063166,997188,483.788,740559,4323.7,280688,0.607631,1.4055e+07,1.85444e+07,12701.3,403414,6.61129,130725
13.3,-0.000260345,1.01374e+06,0.879723,-0.0063166,997171,482.091,740544,4321.38,280689,0.604634,1.35734e+07,1.84061e+07,12612.7,401977,6.60494,130656
13.4,-0.000260345,1.01373e+06,0.876211,-0.0063166,997153,480.391,740527,4319.02,280690,0.601804,1.31084e+07,1.82698e+07,12524.7,400502,6.59889,130594
13.5,-0.000260346,1.01373e+06,0.872713,-0.0063166,997136,478.689,740524,4316.62,280691,0.599033,1.26594e+07,1.81355e+07,12437.3,398992,6.5931,130537
13.6,-0.000260346,1.01373e+06,0.869229,-0.0063166,997119,476.985,740526,4314.18,280692,0.596342,1.22257e+07,1.80032e+07,12350.6,397448,6.58754,130486
13.7,-0.000260346,1.01373e+06,0.865759,-0.0063166,997102,475.28,740532,4311.69,280692,0.59371,1.1807e+07,1.78728e+07,12264.4,395873,6.58221,130440
13.8,-0.000260347,1.01374e+06,0.862303,-0.0063166,997085,473.573,740540,4309.16,280693,0.591125,1.14027e+07,1.77442e+07,12178.9,394268,6.57708,130398
13.9,-0.000260347,1.01374e+06,0.858861,-0.0063166,997068,471.866,740550,4306.59,280694,0.588587,1.10123e+07,1.76175e+07,12094,392635,6.57212,130360
14,-0.000260348,1.01374e+06,0.855432,-0.0063166,997051,470.158,740553,4303.98,280695,0.5861,1.06353e+07,1.74925e+07,12009.6,390974,6.56733,130326
14.1,-0.000260348,1.01374e+06,0.852017,-0.0063166,997034,468.449,740553,4301.33,280696,0.583657,1.02712e+07,1.73693e+07,11925.8,389288,6.56269,130295
14.2,-0.000260348,1.01374e+06,0.848616,-0.0063166,997018,466.741,740549,4298.64,280696,0.581252,9.91964e+06,1.72478e+07,11842.6,387579,6.55819,130267
14.3,-0.000260349,1.01374e+06,0.845228,-0.0063166,997001,465.033,740544,4295.91,280697,0.578877,9.58017e+06,1.7128e+07,11760,385847,6.55381,130242
14.4,-0.000260349,1.01374e+06,0.841854,-0.0063166,996984,463.325,740537,4293.15,280698,0.576534,9.25237e+06,1.70099e+07,11678,384093,6.54954,130219
14.5,-0.00026035,1.01373e+06,0.838493,-0.0063166,996968,461.618,740535,4290.35,280699,0.574206,8.93582e+06,1.68933e+07,11596.6,382320,6.54538,130198
14.6,-0.00026035,1.01373e+06,0.835146,-0.0063166,996951,459.913,740535,4287.51,280700,0.571892,8.63016e+06,1.67783e+07,11515.7,380529,6.54132,130179
14.7,-0.00026035,1.01374e+06,0.831812,-0.0063166,996935,458.208,740537,4284.63,280700,0.569592,8.33499e+06,1.66649e+07,11435.3,378719,6.53734,130162
14.8,-0.000260351,1.01374e+06,0.828492,-0.0063166,996919,456.505,740540,4281.71,280701,0.567299,8.04997e+06,1.65529e+07,11355.6,376894,6.53344,130147
14.9,-0.000260351,1.01374e+06,0.825184,-0.0063166,996902,454.804,740546,4278.77,280702,0.565019,7.77473e+06,1.64425e+07,11276.4,375053,6.52961,130133
15,-0.000260351,1.01374e+06,0.82189,-0.0063166,996886,453.104,740552,4275.78,280703,0.562749,7.50895e+06,1.63335e+07,11197.7,373198,6.52585,130120
15.1,-0.000260352,1.01374e+06,0.818609,-0.0063166,996870,451.406,740554,4272.76,280704,0.560491,7.25229e+06,1.62259e+07,11119.6,371331,6.52215,130109
15.2,-0.000260352,1.01374e+06,0.815341,-0.0063166,996854,449.711,740553,4269.71,280704,0.558243,7.00446e+06,1.61197e+07,11042.1,369451,6.51851,130098
15.3,-0.000260353,1.01374e+06,0.812086,-0.0063166,996838,448.018,740564,4266.62,280705,0.555997,6.7651e+06,1.60149e+07,10965,367560,6.51492,130089
15.4,-0.000260353,1.01374e+06,0.808845,-0.0063166,996822,446.327,740576,4263.49,280706,0.55376,6.53395e+06,1.59115e+07,10888.6,365659,6.51137,130080
15.5,-0.000260353,1.01375e+06,0.805616,-0.0063166,996806,444.64,740588,4260.34,280707,0.551532,6.31073e+06,1.58093e+07,10812.6,363748,6.50787,130072
15.6,-0.000260354,1.01375e+06,0.8024,-0.0063166,996790,442.955,740595,4257.15,280708,0.549316,6.09517e+06,1.57085e+07,10737.2,361829,6.50441,130065
15.7,-0.000260354,1.01375e+06,0.799196,-0.0063166,996775,441.273,740593,4253.92,280708,0.547117,5.88704e+06,1.56089e+07,10662.3,359902,6.50099,130059
15.8,-0.000260354,1.01374e+06,0.796006,-0.0063166,996759,439.594,740578,4250.67,280709,0.544938,5.68608e+06,1.55106e+07,10587.9,357968,6.49761,130053
15.9,-0.000260355,1.01374e+06,0.792828,-0.0063166,996743,437.919,740583,4247.38,280710,0.54275,5.49193e+06,1.54135e+07,10514.1,356029,6.49425,130048
16,-0.000260355,1.01375e+06,0.789663,-0.0063166,996728,436.247,740590,4244.06,280711,0.54057,5.30443e+06,1.53175e+07,10440.7,354083,6.49092,130043
16.1,-0.000260355,1.01375e+06,0.786511,-0.0063166,996712,434.578,740594,4240.71,280712,0.538402,5.12337e+06,1.52228e+07,10367.9,352134,6.48762,130038
16.2,-0.000260356,1.01375e+06,0.783371,-0.0063166,996697,432.913,740593,4237.33,280712,0.536248,4.94853e+06,1.51292e+07,10295.6,350179,6.48436,130034
16.3,-0.000260356,1.01374e+06,0.780244,-0.0063166,996681,431.251,740585,4233.91,280713,0.534109,4.77973e+06,1.50368e+07,10223.8,348222,6.48112,130031
16.4,-0.000260357,1.01374e+06,0.777129,-0.0063166,996666,429.594,740568,4230.47,280714,0.531988,4.61677e+06,1.49454e+07,10152.5,346261,6.47791,130028
16.5,-0.000260357,1.01374e+06,0.774027,-0.0063166,996651,427.94,740558,4226.99,280715,0.52987,4.45935e+06,1.48552e+07,10081.7,344298,6.47472,130025
16.6,-0.000260357,1.01374e+06,0.770937,-0.0063166,996636,426.291,740553,4223.49,280715,0.527757,4.30729e+06,1.4766e+07,10011.3,342334,6.47154,130022
16.7,-0.000260358,1.01374e+06,0.76786,-0.0063166,996621,424.645,740548,4219.95,280716,0.525655,4.16046e+06,1.46779e+07,9941.5,340368,6.46839,130020
16.8,-0.000260358,1.01374e+06,0.764794,-0.0063166,996605,423.004,740544,4216.39,280717,0.523562,4.01869e+06,1.45908e+07,9872.16,338402,6.46526,130017
16.9,-0.000260358,1.01374e+06,0.761741,-0.0063166,996590,421.367,740539,4212.8,280718,0.521481,3.88181e+06,1.45048e+07,9803.3,336436,6.46216,130015
17,-0.000260359,1.01373e+06,0.7587,-0.0063166,996576,419.734,740536,4209.17,280719,0.519409,3.74968e+06,1.44197e+07,9734.92,334469,6.45907,130014
17.1,-0.000260359,1.01373e+06,0.755672,-0.0063166,996561,418.105,740533,4205.52,280719,0.517347,3.62207e+06,1.43357e+07,9667.02,332504,6.456,130012
17.2,-0.000260359,1.01373e+06,0.752655,-0.0063166,996546,416.481,740531,4201.84,280720,0.515291,3.49879e+06,1.42526e+07,9599.59,330539,6.45294,130011
17.3,-0.00026036,1.01373e+06,0.74965,-0.0063166,996531,414.862,740529,4198.13,280721,0.513243,3.37976e+06,1.41704e+07,9532.63,328577,6.4499,130010
17.4,-0.00026036,1.01373e+06,0.746658,-0.0063166,996516,413.247,740529,4194.4,280722,0.511203,3.26482e+06,1.40892e+07,9466.14,326616,6.44688,130009
17.5,-0.00026036,1.01373e+06,0.743677,-0.0063166,996502,411.637,740531,4190.63,280722,0.509169,3.15385e+06,1.40089e+07,9400.11,324658,6.44387,130008
17.6,-0.000260361,1.01373e+06,0.740708,-0.0063166,996487,410.031,740534,4186.84,280723,0.507142,3.04672e+06,1.39295e+07,9334.54,322702,6.44088,130007
17.7,-0.000260361,1.01374e+06,0.737751,-0.0063166,996473,408.43,740538,4183.02,280724,0.505123,2.94328e+06,1.3851e+07,9269.44,320750,6.4379,130006
17.8,-0.000260361,1.01374e+06,0.734806,-0.0063166,996458,406.834,740540,4179.17,280725,0.503112,2.84335e+06,1.37734e+07,9204.78,318801,6.43494,130006
17.9,-0.000260362,1.01374e+06,0.731873,-0.0063166,996444,405.243,740543,4175.3,280725,0.501108,2.74685e+06,1.36966e+07,9140.58,316856,6.43198,130005
18,-0.000260362,1.01374e+06,0.728951,-0.0063166,996429,403.656,740545,4171.4,280726,0.499111,2.65367e+06,1.36207e+07,9076.82,314915,6.42904,130004
18.1,-0.000260362,1.01374e+06,0.726041,-0.0063166,996415,402.075,740547,4167.48,280727,0.497122,2.5637e+06,1.35456e+07,9013.51,312978,6.42611,130004
18.2,-0.000260363,1.01374e+06,0.723143,-0.0063166,996401,400.498,740548,4163.53,280728,0.495139,2.47683e+06,1.34713e+07,8950.64,311046,6.4232,130004
18.3,-0.000260363,1.01374e+06,0.720256,-0.0063166,996387,398.927,740548,4159.55,280728,0.493162,2.39297e+06,1.33978e+07,8888.21,309119,6.42029,130003
18.4,-0.000260363,1.01374e+06,0.717381,-0.0063166,996373,397.36,740549,4155.55,280729,0.491194,2.31194e+06,1.33251e+07,8826.21,307198,6.41739,130003
18.5,-0.000260363,1.01374e+06,0.714517,-0.0063166,996359,395.799,740550,4151.52,280730,0.489234,2.2337e+06,1.32532e+07,8764.65,305282,6.41451,130003
18.6,-0.000260364,1.01374e+06,0.711665,-0.0063166,996345,394.242,740550,4147.47,280731,0.487281,2.15814e+06,1.3182e+07,8703.51,303371,6.41164,130002
18.7,-0.000260364,1.01374e+06,0.708824,-0.0063166,996331,392.691,740549,4143.39,280731,0.485336,2.08518e+06,1.31117e+07,8642.81,301466,6.40877,130002
18.8,-0.000260364,1.01374e+06,0.705994,-0.0063166,996317,391.145,740548,4139.29,280732,0.483398,2.01474e+06,1.3042e+07,8582.52,299568,6.40592,130002
18.9,-0.000260365,1.01374e+06,0.703176,-0.0063166,996303,389.604,740546,4135.16,280733,0.481469,1.94673e+06,1.29731e+07,8522.66,297676,6.40308,130002
19,-0.000260365,1.01374e+06,0.700369,-0.0063166,996289,388.068,740545,4131.02,280734,0.479547,1.88102e+06,1.29049e+07,8463.21,295790,6.40024,130002
19.1,-0.000260365,1.01374e+06,0.697573,-0.0063166,996275,386.537,740543,4126.84,280734,0.477633,1.81756e+06,1.28374e+07,8404.18,293911,6.39742,130001
19.2,-0.000260366,1.01374e+06,0.694788,-0.0063166,996262,385.012,740542,4122.65,280735,0.475726,1.75629e+06,1.27706e+07,8345.56,292039,6.39461,130001
19.3,-0.000260366,1.01374e+06,0.692014,-0.0063166,996248,383.492,740542,4118.43,280736,0.473828,1.69711e+06,1.27044e+07,8287.35,290174,6.3918,130001
19.4,-0.000260366,1.01374e+06,0.689252,-0.0063166,996235,381.977,740541,4114.19,280736,0.471937,1.63998e+06,1.2639e+07,8229.54,288316,6.38901,130001
19.5,-0.000260366,1.01374e+06,0.6865,-0.0063166,996221,380.467,740542,4109.92,280737,0.470055,1.58482e+06,1.25742e+07,8172.14,286466,6.38623,130001
19.6,-0.000260367,1.01374e+06,0.68376,-0.0063166,996208,378.962,740542,4105.64,280738,0.46818,1.53153e+06,1.25101e+07,8115.14,284623,6.38345,130001
19.7,-0.000260367,1.01374e+06,0.68103,-0.0063166,996194,377.463,740542,4101.33,280739,0.466312,1.48006e+06,1.24466e+07,8058.54,282788,6.38069,130001
19.8,-0.000260367,1.01374e+06,0.678312,-0.0063166,996181,375.969,740542,4097,280739,0.464452,1.43035e+06,1.23838e+07,8002.33,280960,6.37793,130001
19.9,-0.000260368,1.01374e+06,0.675604,-0.0063166,996168,374.481,740542,4092.64,280740,0.4626,1.38236e+06,1.23216e+07,7946.51,279141,6.37518,130001
20,-0.000260368,1.01374e+06,0.672907,-0.0063166,996154,372.997,740543,4088.27,280741,0.460755,1.33601e+06,1.226e+07,7891.08,277329,6.37245,130000
20.1,-0.000260368,1.01374e+06,0.670221,-0.0063166,996141,371.519,740544,4083.87,280741,0.458917,1.29127e+06,1.2199e+07,7836.04,275526,6.36972,130000
20.2,-0.000260368,1.01374e+06,0.667545,-0.0063166,996128,370.046,740545,4079.46,280742,0.457087,1.24805e+06,1.21386e+07,7781.39,273730,6.367,130000
20.3,-0.000260369,1.01374e+06,0.66488,-0.0063166,996115,368.579,740546,4075.02,280743,0.455264,1.2063e+06,1.20788e+07,7727.11,271943,6.36429,130000
20.4,-0.000260369,1.01374e+06,0.662226,-0.0063166,996102,367.117,740546,4070.56,280744,0.453448,1.16598e+06,1.20195e+07,7673.21,270165,6.36159,130000
20.5,-0.000260369,1.01374e+06,0.659582,-0.0063166,996089,365.66,740547,4066.08,280744,0.45164,1.12705e+06,1.19609e+07,7619.69,268394,6.3589,130000
20.6,-0.00026037,1.01374e+06,0.656949,-0.0063166,996076,364.208,740547,4061.59,280745,0.449838,1.08945e+06,1.19028e+07,7566.55,266633,6.35622,130000
20.7,-0.00026037,1.01374e+06,0.654327,-0.0063166,996063,362.762,740547,4057.07,280746,0.448044,1.05315e+06,1.18453e+07,7513.77,264880,6.35354,130000
20.8,-0.00026037,1.01374e+06,0.651715,-0.0063166,996051,361.321,740546,4052.53,280746,0.446256,1.0181e+06,1.17883e+07,7461.36,263135,6.35088,130000
20.9,-0.00026037,1.01374e+06,0.649113,-0.0063166,996038,359.886,740546,4047.97,280747,0.444476,984231,1.17318e+07,7409.32,261399,6.34822,130000
21,-0.000260371,1.01374e+06,0.646522,-0.0063166,996025,358.456,740546,4043.39,280748,0.442703,951524,1.16759e+07,7357.64,259673,6.34558,130000
21.1,-0.000260371,1.01374e+06,0.643941,-0.0063166,996012,357.031,740546,4038.8,280748,0.440937,919937,1.16205e+07,7306.32,257955,6.34294,130000
21.2,-0.000260371,1.01374e+06,0.64137,-0.0063166,996000,355.611,740546,4034.18,280749,0.439178,889436,1.15657e+07,7255.35,256245,6.34031,130000
21.3,-0.000260371,1.01374e+06,0.63881,-0.0063166,995987,354.196,740546,4029.55,280750,0.437425,859985,1.15113e+07,7204.75,254545,6.33769,130000
21.4,-0.000260372,1.01374e+06,0.63626,-0.0063166,995975,352.787,740545,4024.9,280750,0.43568,831547,1.14574e+07,7154.49,252854,6.33508,130000
21.5,-0.000260372,1.01374e+06,0.63372,-0.0063166,995962,351.384,740545,4020.22,280751,0.433942,804069,1.14041e+07,7104.59,251172,6.33248,130000
21.6,-0.000260372,1.01374e+06,0.63119,-0.0063166,995950,349.985,740545,4015.54,280752,0.43221,777531,1.13512e+07,7055.04,249498,6.32988,130000
21.7,-0.000260372,1.01374e+06,0.62867,-0.0063166,995938,348.592,740544,4010.83,280752,0.430486,751902,1.12988e+07,7005.83,247834,6.3273,130000
21.8,-0.000260373,1.01374e+06,0.626161,-0.0063166,995925,347.204,740544,4006.1,280753,0.428768,727152,1.12469e+07,6956.96,246179,6.32472,130000
21.9,-0.000260373,1.01374e+06,0.623661,-0.0063166,995913,345.821,740544,4001.36,280754,0.427057,703253,1.11955e+07,6908.44,244533,6.32215,130000
22,-0.000260373,1.01374e+06,0.621171,-0.0063166,995901,344.443,740545,3996.6,280754,0.425353,680178,1.11445e+07,6860.25,242897,6.31959,130000
22.1,-0.000260373,1.01374e+06,0.618692,-0.0063166,995889,343.071,740545,3991.83,280755,0.423656,657880,1.1094e+07,6812.4,241269,6.31704,130000
22.2,-0.000260374,1.01374e+06,0.616222,-0.0063166,995877,341.704,740545,3987.03,280756,0.421966,636343,1.10439e+07,6764.88,239650,6.31449,130000
22.3,-0.000260374,1.01374e+06,0.613762,-0.0063166,995865,340.342,740545,3982.22,280756,0.420282,615544,1.09943e+07,6717.7,238041,6.31196,130000
22.4,-0.000260374,1.01374e+06,0.611312,-0.0063166,995853,338.986,740545,3977.4,280757,0.418605,595456,1.09451e+07,6670.84,236441,6.30943,130000
22.5,-0.000260374,1.01374e+06,0.608871,-0.0063166,995841,337.634,740546,3972.55,280758,0.416935,576058,1.08964e+07,6624.31,234850,6.30691,130000
22.6,-0.000260375,1.01374e+06,0.606441,-0.0063166,995829,336.288,740546,3967.7,280758,0.415272,557328,1.0848e+07,6578.11,233268,6.3044,130000
22.7,-0.000260375,1.01374e+06,0.60402,-0.0063166,995817,334.947,740546,3962.82,280759,0.413615,539232,1.08001e+07,6532.23,231696,6.3019,130000
22.8,-0.000260375,1.01374e+06,0.601608,-0.0063166,995805,333.611,740546,3957.93,280759,0.411965,521750,1.07527e+07,6486.66,230133,6.2994,130000
22.9,-0.000260375,1.01374e+06,0.599207,-0.0063166,995793,332.28,740547,3953.02,280760,0.410321,504865,1.07056e+07,6441.42,228579,6.29692,130000
23,-0.000260375,1.01374e+06,0.596815,-0.0063166,995782,330.955,740547,3948.1,280761,0.408684,488558,1.06589e+07,6396.49,227034,6.29444,130000
23.1,-0.000260376,1.01374e+06,0.594432,-0.0063166,995770,329.634,740547,3943.16,280761,0.407054,472810,1.06127e+07,6351.87,225498,6.29197,130000
23.2,-0.000260376,1.01374e+06,0.592059,-0.0063166,995758,328.319,740546,3938.21,280762,0.40543,457603,1.05668e+07,6307.57,223971,6.28951,130000
23.3,-0.000260376,1.01374e+06,0.589696,-0.0063166,995747,327.008,740546,3933.25,280763,0.403812,442912,1.05213e+07,6263.57,222454,6.28706,130000
23.4,-0.000260376,1.01374e+06,0.587342,-0.0063166,995735,325.703,740546,3928.26,280763,0.402201,428718,1.04762e+07,6219.89,220946,6.28461,130000
23.5,-0.000260377,1.01374e+06,0.584997,-0.0063166,995724,324.403,740546,3923.27,280764,0.400596,415008,1.04315e+07,6176.5,219446,6.28217,130000
23.6,-0.000260377,1.01374e+06,0.582662,-0.0063166,995712,323.108,740546,3918.26,280764,0.398998,401766,1.03872e+07,6133.42,217956,6.27974,130000
23.7,-0.000260377,1.01374e+06,0.580336,-0.0063166,995701,321.818,740546,3913.23,280765,0.397406,388977,1.03432e+07,6090.64,216475,6.27732,130000
23.8,-0.000260377,1.01374e+06,0.578019,-0.0063166,995690,320.533,740546,3908.2,280766,0.395821,376627,1.02996e+07,6048.16,215004,6.27491,130000
23.9,-0.000260377,1.01374e+06,0.575712,-0.0063166,995678,319.253,740546,3903.14,280766,0.394241,364697,1.02564e+07,6005.97,213541,6.2725,130000
24,-0.000260378,1.01374e+06,0.573413,-0.0063166,995667,317.978,740546,3898.08,280767,0.392669,353169,1.02135e+07,5964.08,212087,6.27011,130000
24.1,-0.000260378,1.01374e+06,0.571124,-0.0063166,995656,316.708,740546,3893,280767,0.391102,342033,1.0171e+07,5922.48,210642,6.26772,130000
24.2,-0.000260378,1.01374e+06,0.568844,-0.0063166,995645,315.443,740546,3887.91,280768,0.389541,331277,1.01288e+07,5881.17,209206,6.26533,130000
24.3,-0.000260378,1.01374e+06,0.566573,-0.0063166,995634,314.183,740546,3882.8,280769,0.387987,320888,1.00869e+07,5840.15,207780,6.26296,130000
24.4,-0.000260379,1.01374e+06,0.564312,-0.0063166,995623,312.928,740546,3877.68,280769,0.386439,310854,1.00454e+07,5799.42,206362,6.26059,130000
24.5,-0.000260379,1.01374e+06,0.562059,-0.0063166,995612,311.677,740546,3872.55,280770,0.384897,301164,1.00043e+07,5758.97,204953,6.25823,130000
24.6,-0.000260379,1.01374e+06,0.559815,-0.0063166,995601,310.432,740546,3867.41,280770,0.383362,291797,9.96346e+06,5718.8,203553,6.25588,130000
24.7,-0.000260379,1.01374e+06,0.55758,-0.0063166,995590,309.192,740547,3862.25,280771,0.381832,282749,9.92296e+06,5678.91,202161,6.25354,130000
24.8,-0.000260379,1.01374e+06,0.555355,-0.0063166,995579,307.956,740547,3857.08,280772,0.380308,274009,9.88279e+06,5639.3,200779,6.25121,130000
24.9,-0.00026038,1.01374e+06,0.553138,-0.0063166,995568,306.726,740547,3851.9,280772,0.378791,265566,9.84293e+06,5599.96,199405,6.24888,130000
25,-0.00026038,1.01374e+06,0.550929,-0.0063166,995557,305.5,740547,3846.71,280773,0.37728,257412,9.8034e+06,5560.9,198040,6.24656,130000
25.1,-0.00026038,1.01374e+06,0.54873,-0.0063166,995546,304.279,740547,3841.5,280773,0.375774,249536,9.76417e+06,5522.12,196684,6.24425,130000
25.2,-0.00026038,1.01374e+06,0.54654,-0.0063166,995536,303.063,740547,3836.29,280774,0.374275,241923,9.72526e+06,5483.6,195337,6.24194,130000
25.3,-0.00026038,1.01374e+06,0.544358,-0.0063166,995525,301.851,740547,3831.06,280775,0.372782,234568,9.68665e+06,5445.35,193998,6.23964,130000
25.4,-0.000260381,1.01374e+06,0.542185,-0.0063166,995514,300.645,740547,3825.82,280775,0.371294,227463,9.64834e+06,5407.37,192668,6.23735,130000
25.5,-0.000260381,1.01374e+06,0.54002,-0.0063166,995504,299.443,740547,3820.57,280776,0.369813,220598,9.61033e+06,5369.66,191346,6.23507,130000
25.6,-0.000260381,1.01374e+06,0.537865,-0.0063166,995493,298.246,740547,3815.31,280776,0.368337,213968,9.57261e+06,5332.2,190033,6.2328,130000
25.7,-0.000260381,1.01374e+06,0.535717,-0.0063166,995483,297.053,740547,3810.04,280777,0.366868,207563,9.53519e+06,5295.01,188728,6.23053,130000
25.8,-0.000260381,1.01374e+06,0.533579,-0.0063166,995472,295.866,740547,3804.75,280777,0.365404,201373,9.49805e+06,5258.08,187432,6.22827,130000
25.9,-0.000260382,1.01374e+06,0.531449,-0.0063166,995462,294.683,740547,3799.46,280778,0.363946,195391,9.4612e+06,5221.4,186145,6.22602,130000
26,-0.000260382,1.01374e+06,0.529327,-0.0063166,995452,293.505,740547,3794.16,280779,0.362494,189612,9.42463e+06,5184.98,184865,6.22377,130000
26.1,-0.000260382,1.01374e+06,0.527214,-0.0063166,995441,292.331,740547,3788.84,280779,0.361048,184028,9.38834e+06,5148.82,183594,6.22154,130000
26.2,-0.000260382,1.01374e+06,0.525109,-0.0063166,995431,291.162,740547,3783.52,280780,0.359607,178633,9.35232e+06,5112.91,182332,6.21931,130000
26.3,-0.000260382,1.01374e+06,0.523013,-0.0063166,995421,289.998,740547,3778.19,280780,0.358172,173422,9.31657e+06,5077.24,181078,6.21708,130000
26.4,-0.000260382,1.01374e+06,0.520925,-0.0063166,995411,288.838,740547,3772.84,280781,0.356743,168385,9.2811e+06,5041.83,179831,6.21487,130000
26.5,-0.000260383,1.01374e+06,0.518846,-0.0063166,995400,287.683,740547,3767.49,280781,0.35532,163517,9.24589e+06,5006.66,178594,6.21266,130000
26.6,-0.000260383,1.01374e+06,0.516775,-0.0063166,995390,286.533,740547,3762.12,280782,0.353902,158814,9.21094e+06,4971.74,177364,6.21046,130000
26.7,-0.000260383,1.01374e+06,0.514712,-0.0063166,995380,285.387,740547,3756.75,280782,0.35249,154268,9.17625e+06,4937.06,176142,6.20826,130000
26.8,-0.000260383,1.01374e+06,0.512657,-0.0063166,995370,284.245,740547,3751.37,280783,0.351083,149876,9.14182e+06,4902.63,174929,6.20608,130000
26.9,-0.000260383,1.01374e+06,0.51061,-0.0063166,995360,283.109,740547,3745.98,280783,0.349682,145633,9.10764e+06,4868.43,173723,6.2039,130000
27,-0.000260384,1.01374e+06,0.508572,-0.0063166,995350,281.976,740547,3740.58,280784,0.348287,141533,9.07372e+06,4834.48,172526,6.20172,130000
27.1,-0.000260384,1.01374e+06,0.506542,-0.0063166,995340,280.849,740547,3735.17,280785,0.346898,137568,9.04004e+06,4800.76,171336,6.19956,130000
27.2,-0.000260384,1.01374e+06,0.50452,-0.0063166,995330,279.725,740547,3729.75,280785,0.345513,133737,9.00661e+06,4767.27,170155,6.1974,130000
27.3,-0.000260384,1.01374e+06,0.502506,-0.0063166,995321,278.606,740548,3724.33,280786,0.344135,130034,8.97342e+06,4734.02,168981,6.19525,130000
27.4,-0.000260384,1.01374e+06,0.5005,-0.0063166,995311,277.492,740548,3718.9,280786,0.342762,126456,8.94047e+06,4701,167815,6.19311,130000
27.5,-0.000260384,1.01374e+06,0.498502,-0.0063166,995301,276.382,740548,3713.45,280787,0.341394,122998,8.90776e+06,4668.21,166657,6.19097,130000
27.6,-0.000260385,1.01374e+06,0.496512,-0.0063166,995291,275.277,740548,3708,280787,0.340032,119657,8.87529e+06,4635.65,165506,6.18884,130000
27.7,-0.000260385,1.01374e+06,0.494529,-0.0063166,995282,274.176,740548,3702.54,280788,0.338675,116426,8.84305e+06,4603.32,164364,6.18672,130000
27.8,-0.000260385,1.01374e+06,0.492555,-0.0063166,995272,273.079,740548,3697.08,280788,0.337324,113302,8.81104e+06,4571.21,163228,6.1846,130000
27.9,-0.000260385,1.01374e+06,0.490589,-0.0063166,995263,271.986,740548,3691.6,280789,0.335978,110283,8.77925e+06,4539.33,162101,6.18249,130000
28,-0.000260385,1.01374e+06,0.488631,-0.0063166,995253,270.898,740548,3686.12,280789,0.334637,107365,8.7477e+06,4507.66,160981,6.18039,130000
28.1,-0.000260385,1.01374e+06,0.48668,-0.0063166,995243,269.815,740548,3680.63,280790,0.333302,104545,8.71636e+06,4476.22,159869,6.1783,130000
28.2,-0.000260386,1.01374e+06,0.484737,-0.0063166,995234,268.735,740548,3675.14,280790,0.331972,101820,8.68525e+06,4445,158764,6.17621,130000
28.3,-0.000260386,1.01374e+06,0.482802,-0.0063166,995225,267.66,740548,3669.63,280791,0.330647,99183.3,8.65435e+06,4414,157666,6.17413,130000
28.4,-0.000260386,1.01374e+06,0.480875,-0.0063166,995215,266.59,740548,3664.12,280791,0.329328,96634.6,8.62367e+06,4383.21,156576,6.17205,130000
28.5,-0.000260386,1.01374e+06,0.478955,-0.0063166,995206,265.523,740548,3658.6,280792,0.328014,94170.5,8.59321e+06,4352.64,155494,6.16998,130000
28.6,-0.000260386,1.01374e+06,0.477043,-0.0063166,995196,264.461,740548,3653.08,280792,0.326705,91788.4,8.56295e+06,4322.28,154418,6.16792,130000
28.7,-0.000260386,1.01374e+06,0.475139,-0.0063166,995187,263.403,740548,3647.55,280793,0.325401,89485.6,8.53291e+06,4292.13,153350,6.16587,130000
28.8,-0.000260386,1.01374e+06,0.473242,-0.0063166,995178,262.349,740548,3642.01,280793,0.324103,87259.6,8.50307e+06,4262.2,152289,6.16382,130000
28.9,-0.000260387,1.01374e+06,0.471353,-0.0063166,995169,261.3,740548,3636.47,280794,0.32281,85106.4,8.47344e+06,4232.47,151236,6.16178,130000
29,-0.000260387,1.01374e+06,0.469471,-0.0063166,995160,260.255,740548,3630.92,280794,0.321522,83024.1,8.44401e+06,4202.95,150189,6.15975,130000
29.1,-0.000260387,1.01374e+06,0.467597,-0.0063166,995150,259.213,740548,3625.36,280795,0.320239,81010.5,8.41478e+06,4173.63,149149,6.15772,130000
29.2,-0.000260387,1.01374e+06,0.46573,-0.0063166,995141,258.176,740548,3619.8,280795,0.318961,79063.4,8.38575e+06,4144.52,148117,6.1557,130000
29.3,-0.000260387,1.01374e+06,0.463871,-0.0063166,995132,257.144,740548,3614.23,280796,0.317688,77180.6,8.35692e+06,4115.61,147092,6.15369,130000
29.4,-0.000260387,1.01374e+06,0.462019,-0.0063166,995123,256.115,740548,3608.65,280796,0.31642,75360.2,8.32828e+06,4086.91,146073,6.15168,130000
29.5,-0.000260387,1.01374e+06,0.460175,-0.0063166,995114,255.09,740548,3603.07,280797,0.315158,73599.2,8.29984e+06,4058.4,145062,6.14968,130000
29.6,-0.000260388,1.01374e+06,0.458338,-0.0063166,995105,254.07,740548,3597.49,280797,0.3139,71895.5,8.27159e+06,4030.09,144057,6.14768,130000
29.7,-0.000260388,1.01374e+06,0.456508,-0.0063166,995096,253.053,740548,3591.9,280798,0.312648,70247.6,8.24352e+06,4001.98,143059,6.1457,130000
29.8,-0.000260388,1.01374e+06,0.454686,-0.0063166,995088,252.041,740548,3586.3,280798,0.3114,68653.7,8.21564e+06,3974.07,142068,6.14371,130000
29.9,-0.000260388,1.01374e+06,0.452871,-0.0063166,995079,251.033,740548,3580.7,280799,0.310158,67112,8.18795e+06,3946.35,141084,6.14174,130000
30,-0.000260388,1.01374e+06,0.451063,-0.0063166,995070,250.028,740548,3575.09,280799,0.30892,65621,8.16044e+06,3918.83,140106,6.13977,130000
30.1,-0.000260388,1.01374e+06,0.449262,-0.0063166,995061,249.028,740548,3569.48,280800,0.307687,64178.4,8.13312e+06,3891.49,139136,6.13781,130000
30.2,-0.000260388,1.01374e+06,0.447469,-0.0063166,995052,248.032,740548,3563.86,280800,0.30646,62782.2,8.10597e+06,3864.35,138171,6.13586,130000
30.3,-0.000260389,1.01374e+06,0.445682,-0.0063166,995044,247.039,740548,3558.24,280801,0.305237,61431.4,8.079e+06,3837.4,137214,6.13391,130000
30.4,-0.000260389,1.01374e+06,0.443903,-0.0063166,995035,246.051,740548,3552.61,280801,0.304019,60124.3,8.05221e+06,3810.63,136263,6.13196,130000
30.5,-0.000260389,1.01374e+06,0.442131,-0.0063166,995026,245.067,740548,3546.98,280802,0.302806,58859.7,8.02559e+06,3784.05,135318,6.13003,130000
30.6,-0.000260389,1.01374e+06,0.440366,-0.0063166,995018,244.086,740548,3541.34,280802,0.301597,57636.2,7.99914e+06,3757.66,134380,6.1281,130000
30.7,-0.000260389,1.01374e+06,0.438608,-0.0063166,995009,243.11,740548,3535.7,280803,0.300394,56452.3,7.97287e+06,3731.45,133448,6.12618,130000
30.8,-0.000260389,1.01374e+06,0.436857,-0.0063166,995001,242.137,740548,3530.06,280803,0.299195,55305.9,7.94676e+06,3705.42,132523,6.12426,130000
30.9,-0.000260389,1.01374e+06,0.435113,-0.0063166,994992,241.168,740549,3524.41,280803,0.298001,54196.4,7.92083e+06,3679.58,131604,6.12235,130000
31,-0.00026039,1.01374e+06,0.433376,-0.0063166,994984,240.204,740549,3518.76,280804,0.296812,53122.4,7.89506e+06,3653.92,130691,6.12044,130000
31.1,-0.00026039,1.01374e+06,0.431646,-0.0063166,994975,239.243,740549,3513.1,280804,0.295628,52083,7.86945e+06,3628.43,129785,6.11855,130000
31.2,-0.00026039,1.01374e+06,0.429923,-0.0063166,994967,238.285,740549,3507.44,280805,0.294448,51076.9,7.84401e+06,3603.12,128885,6.11665,130000
31.3,-0.00026039,1.01374e+06,0.428207,-0.0063166,994959,237.332,740549,3501.78,280805,0.293273,50103,7.81873e+06,3577.99,127991,6.11477,130000
31.4,-0.00026039,1.01374e+06,0.426498,-0.0063166,994950,236.383,740549,3496.11,280806,0.292103,49159.7,7.7936e+06,3553.03,127103,6.11289,130000
31.5,-0.00026039,1.01374e+06,0.424795,-0.0063166,994942,235.437,740549,3490.44,280806,0.290937,48246.3,7.76864e+06,3528.25,126221,6.11102,130000
31.6,-0.00026039,1.01374e+06,0.423099,-0.0063166,994934,234.495,740549,3484.76,280807,0.289776,47361.8,7.74384e+06,3503.64,125345,6.10915,130000
31.7,-0.00026039,1.01374e+06,0.42141,-0.0063166,994926,233.557,740549,3479.08,280807,0.28862,46505.4,7.71919e+06,3479.21,124476,6.10729,130000
31.8,-0.000260391,1.01374e+06,0.419728,-0.0063166,994917,232.623,740549,3473.4,280807,0.287468,45676,7.69469e+06,3454.94,123612,6.10543,130000
31.9,-0.000260391,1.01374e+06,0.418052,-0.0063166,994909,231.692,740549,3467.72,280808,0.286321,44872.9,7.67035e+06,3430.84,122754,6.10359,130000
32,-0.000260391,1.01374e+06,0.416384,-0.0063166,994901,230.765,740549,3462.03,280808,0.285179,44094.8,7.64615e+06,3406.91,121903,6.10174,130000
32.1,-0.000260391,1.01374e+06,0.414721,-0.0063166,994893,229.842,740549,3456.34,280809,0.284041,43340.8,7.62211e+06,3383.15,121057,6.09991,130000
32.2,-0.000260391,1.01374e+06,0.413066,-0.0063166,994885,228.923,740549,3450.65,280809,0.282907,42610.4,7.59822e+06,3359.55,120216,6.09808,130000
32.3,-0.000260391,1.01374e+06,0.411417,-0.0063166,994877,228.007,740549,3444.95,280810,0.281778,41902.8,7.57447e+06,3336.12,119382,6.09625,130000
32.4,-0.000260391,1.01374e+06,0.409774,-0.0063166,994869,227.095,740549,3439.25,280810,0.280654,41217.2,7.55087e+06,3312.85,118553,6.09443,130000
32.5,-0.000260391,1.01374e+06,0.408139,-0.0063166,994861,226.186,740549,3433.55,280811,0.279534,40553,7.52741e+06,3289.74,117731,6.09262,130000
32.6,-0.000260392,1.01374e+06,0.406509,-0.0063166,994853,225.281,740549,3427.85,280811,0.278418,39909.1,7.5041e+06,3266.8,116913,6.09081,130000
32.7,-0.000260392,1.01374e+06,0.404886,-0.0063166,994845,224.38,740549,3422.14,280811,0.277307,39284.9,7.48093e+06,3244.01,116102,6.08901,130000
32.8,-0.000260392,1.01374e+06,0.40327,-0.0063166,994837,223.482,740549,3416.43,280812,0.276201,38679.9,7.4579e+06,3221.39,115296,6.08722,130000
32.9,-0.000260392,1.01374e+06,0.40166,-0.0063166,994830,222.588,740549,3410.72,280812,0.275099,38093.4,7.43501e+06,3198.92,114495,6.08543,130000
33,-0.000260392,1.01374e+06,0.400057,-0.0063166,994822,221.698,740549,3405.01,280813,0.274001,37524.8,7.41225e+06,3176.61,113700,6.08365,130000
33.1,-0.000260392,1.01374e+06,0.39846,-0.0063166,994814,220.811,740549,3399.29,280813,0.272907,36973.6,7.38963e+06,3154.45,112911,6.08187,130000
33.2,-0.000260392,1.01374e+06,0.396869,-0.0063166,994806,219.928,740549,3393.58,280814,0.271818,36439.1,7.36715e+06,3132.45,112127,6.0801,130000
33.3,-0.000260392,1.01374e+06,0.395285,-0.0063166,994799,219.048,740549,3387.86,280814,0.270734,35920.5,7.3448e+06,3110.6,111348,6.07833,130000
33.4,-0.000260392,1.01374e+06,0.393707,-0.0063166,994791,218.172,740549,3382.14,280814,0.269653,35417.5,7.32259e+06,3088.91,110575,6.07657,130000
33.5,-0.000260393,1.01374e+06,0.392135,-0.0063166,994783,217.299,740549,3376.42,280815,0.268577,34929.6,7.30051e+06,3067.36,109807,6.07482,130000
33.6,-0.000260393,1.01374e+06,0.39057,-0.0063166,994776,216.43,740549,3370.69,280815,0.267506,34456.3,7.27855e+06,3045.97,109045,6.07307,130000
33.7,-0.000260393,1.01374e+06,0.389011,-0.0063166,994768,215.564,740549,3364.97,280816,0.266438,33997.2,7.25673e+06,3024.72,108288,6.07133,130000
33.8,-0.000260393,1.01374e+06,0.387458,-0.0063166,994761,214.702,740549,3359.24,280816,0.265375,33551.7,7.23504e+06,3003.62,107536,6.06959,130000
33.9,-0.000260393,1.01374e+06,0.385911,-0.0063166,994753,213.843,740549,3353.51,280816,0.264316,33119.1,7.21347e+06,2982.67,106789,6.06786,130000
34,-0.000260393,1.01374e+06,0.38437,-0.0063166,994746,212.987,740549,3347.79,280817,0.263261,32699.3,7.19203e+06,2961.87,106047,6.06614,130000
34.1,-0.000260393,1.01374e+06,0.382836,-0.0063166,994738,212.135,740549,3342.06,280817,0.262211,32291.8,7.17071e+06,2941.21,105311,6.06442,130000
34.2,-0.000260393,1.01374e+06,0.381308,-0.0063166,994731,211.287,740549,3336.33,280818,0.261164,31896.1,7.14952e+06,2920.7,104579,6.0627,130000
34.3,-0.000260393,1.01374e+06,0.379786,-0.0063166,994723,210.442,740549,3330.59,280818,0.260122,31512,7.12845e+06,2900.33,103853,6.061,130000
34.4,-0.000260394,1.01374e+06,0.378269,-0.0063166,994716,209.6,740549,3324.86,280818,0.259084,31139.1,7.1075e+06,2880.1,103132,6.05929,130000
34.5,-0.000260394,1.01374e+06,0.376759,-0.0063166,994709,208.762,740549,3319.13,280819,0.25805,30776.7,7.08668e+06,2860.01,102415,6.0576,130000
34.6,-0.000260394,1.01374e+06,0.375255,-0.0063166,994701,207.926,740549,3313.39,280819,0.25702,30424.7,7.06597e+06,2840.06,101704,6.05591,130000
34.7,-0.000260394,1.01374e+06,0.373757,-0.0063166,994694,207.095,740550,3307.66,280820,0.255995,30082.7,7.04538e+06,2820.25,100998,6.05422,130000
34.8,-0.000260394,1.01374e+06,0.372265,-0.0063166,994687,206.266,740550,3301.92,280820,0.254973,29750.4,7.02491e+06,2800.58,100296,6.05254,130000
34.9,-0.000260394,1.01374e+06,0.370779,-0.0063166,994680,205.441,740550,3296.19,280820,0.253956,29427.5,7.00456e+06,2781.05,99599.4,6.05086,130000
35,-0.000260394,1.01374e+06,0.369299,-0.0063166,994672,204.62,740550,3290.45,280821,0.252942,29113.7,6.98432e+06,2761.65,98907.6,6.0492,130000
35.1,-0.000260394,1.01374e+06,0.367825,-0.0063166,994665,203.801,740550,3284.71,280821,0.251933,28808.6,6.9642e+06,2742.39,98220.5,6.04753,130000
35.2,-0.000260394,1.01374e+06,0.366356,-0.0063166,994658,202.986,740550,3278.98,280822,0.250927,28511.8,6.94419e+06,2723.26,97538.3,6.04587,130000
35.3,-0.000260394,1.01374e+06,0.364894,-0.0063166,994651,202.174,740550,3273.24,280822,0.249926,28223.2,6.92429e+06,2704.27,96860.7,6.04422,130000
35.4,-0.000260395,1.01374e+06,0.363437,-0.0063166,994644,201.365,740550,3267.5,280822,0.248929,27942.4,6.90451e+06,2685.41,96187.8,6.04257,130000
35.5,-0.000260395,1.01374e+06,0.361986,-0.0063166,994637,200.56,740550,3261.77,280823,0.247935,27669.4,6.88483e+06,2666.68,95519.6,6.04093,130000
35.6,-0.000260395,1.01374e+06,0.360541,-0.0063166,994630,199.758,740550,3256.03,280823,0.246946,27403.7,6.86527e+06,2648.08,94856.1,6.03929,130000
35.7,-0.000260395,1.01374e+06,0.359102,-0.0063166,994623,198.959,740550,3250.29,280824,0.24596,27145.2,6.84581e+06,2629.61,94197.1,6.03766,130000
35.8,-0.000260395,1.01374e+06,0.357669,-0.0063166,994616,198.163,740550,3244.56,280824,0.244979,26893.7,6.82646e+06,2611.27,93542.7,6.03604,130000
35.9,-0.000260395,1.01374e+06,0.356241,-0.0063166,994609,197.37,740550,3238.82,280824,0.244001,26649,6.80722e+06,2593.05,92892.9,6.03442,130000
36,-0.000260395,1.01374e+06,0.354819,-0.0063166,994602,196.581,740550,3233.09,280825,0.243027,26410.7,6.78809e+06,2574.97,92247.6,6.0328,130000
36.1,-0.000260395,1.01374e+06,0.353402,-0.0063166,994595,195.795,740550,3227.35,280825,0.242058,26178.4,6.76906e+06,2557.01,91606.7,6.03119,130000
36.2,-0.000260395,1.01374e+06,0.351991,-0.0063166,994589,195.012,740550,3221.62,280825,0.241092,25952.1,6.75014e+06,2539.17,90970.3,6.02959,130000
36.3,-0.000260395,1.01374e+06,0.350586,-0.0063166,994582,194.232,740550,3215.88,280826,0.24013,25731.8,6.73132e+06,2521.46,90338.3,6.02799,130000
36.4,-0.000260396,1.01374e+06,0.349187,-0.0063166,994575,193.455,740550,3210.15,280826,0.239171,25517.1,6.7126e+06,2503.88,89710.7,6.02639,130000
36.5,-0.000260396,1.01374e+06,0.347793,-0.0063166,994568,192.681,740550,3204.41,280827,0.238217,25307.9,6.69399e+06,2486.41,89087.4,6.02481,130000
36.6,-0.000260396,1.01374e+06,0.346404,-0.0063166,994562,191.911,740550,3198.68,280827,0.237266,25104,6.67547e+06,2469.07,88468.5,6.02322,130000
36.7,-0.000260396,1.01374e+06,0.345021,-0.0063166,994555,191.143,740550,3192.95,280827,0.236319,24905.4,6.65706e+06,2451.85,87853.9,6.02164,130000
36.8,-0.000260396,1.01374e+06,0.343644,-0.0063166,994548,190.379,740550,3187.22,280828,0.235376,24711.8,6.63874e+06,2434.75,87243.5,6.02007,130000
36.9,-0.000260396,1.01374e+06,0.342272,-0.0063166,994542,189.617,740550,3181.49,280828,0.234437,24523.2,6.62053e+06,2417.77,86637.4,6.0185,130000
37,-0.000260396,1.01374e+06,0.340906,-0.0063166,994535,188.859,740550,3175.76,280828,0.233501,24339,6.60241e+06,2400.9,86035.5,6.01694,130000
37.1,-0.000260396,1.01374e+06,0.339545,-0.0063166,994528,188.103,740550,3170.04,280829,0.232569,24159.3,6.58439e+06,2384.16,85437.8,6.01538,130000
37.2,-0.000260396,1.01374e+06,0.33819,-0.0063166,994522,187.351,740550,3164.31,280829,0.231641,23983.9,6.56647e+06,2367.53,84844.2,6.01383,130000
37.3,-0.000260396,1.01374e+06,0.33684,-0.0063166,994515,186.602,740550,3158.59,280829,0.230717,23812.8,6.54864e+06,2351.02,84254.7,6.01228,130000
37.4,-0.000260396,1.01374e+06,0.335495,-0.0063166,994509,185.856,740550,3152.86,280830,0.229796,23645.9,6.53091e+06,2334.62,83669.4,6.01074,130000
37.5,-0.000260396,1.01374e+06,0.334156,-0.0063166,994502,185.112,740550,3147.14,280830,0.228879,23482.9,6.51327e+06,2318.34,83088.1,6.0092,130000
37.6,-0.000260397,1.01374e+06,0.332822,-0.0063166,994496,184.372,740550,3141.42,280830,0.227966,23323.7,6.49572e+06,2302.17,82510.8,6.00767,130000
37.7,-0.000260397,1.01374e+06,0.331493,-0.0063166,994489,183.635,740550,3135.7,280831,0.227056,23168.3,6.47827e+06,2286.11,81937.6,6.00614,130000
37.8,-0.000260397,1.01374e+06,0.33017,-0.0063166,994483,182.9,740550,3129.98,280831,0.22615,23016.6,6.46091e+06,2270.16,81368.3,6.00462,130000
37.9,-0.000260397,1.01374e+06,0.328852,-0.0063166,994477,182.169,740550,3124.27,280832,0.225247,22868.3,6.44364e+06,2254.33,80803,6.00311,130000
38,-0.000260397,1.01374e+06,0.327539,-0.0063166,994470,181.44,740550,3118.55,280832,0.224348,22723.4,6.42646e+06,2238.61,80241.7,6.00159,130000
38.1,-0.000260397,1.01374e+06,0.326231,-0.0063166,994464,180.715,740550,3112.84,280832,0.223453,22581.7,6.40937e+06,2222.99,79684.2,6.00009,130000
38.2,-0.000260397,1.01374e+06,0.324929,-0.0063166,994458,179.992,740550,3107.13,280833,0.222561,22443.3,6.39237e+06,2207.49,79130.6,5.99858,130000
38.3,-0.000260397,1.01374e+06,0.323632,-0.0063166,994451,179.272,740550,3101.42,280833,0.221673,22307.9,6.37545e+06,2192.09,78580.8,5.99709,130000
38.4,-0.000260397,1.01374e+06,0.32234,-0.0063166,994445,178.555,740550,3095.72,280833,0.220789,22175.4,6.35863e+06,2176.8,78034.9,5.99559,130000
38.5,-0.000260397,1.01374e+06,0.321053,-0.0063166,994439,177.841,740550,3090.01,280834,0.219907,22045.8,6.34189e+06,2161.62,77492.8,5.99411,130000
38.6,-0.000260397,1.01374e+06,0.319772,-0.0063166,994433,177.13,740550,3084.31,280834,0.21903,21919,6.32524e+06,2146.54,76954.4,5.99262,130000
38.7,-0.000260397,1.01374e+06,0.318495,-0.0063166,994427,176.422,740550,3078.61,280834,0.218156,21794.8,6.30867e+06,2131.57,76419.8,5.99115,130000
38.8,-0.000260398,1.01374e+06,0.317224,-0.0063166,994420,175.716,740550,3072.91,280835,0.217285,21673.2,6.29219e+06,2116.71,75888.9,5.98967,130000
38.9,-0.000260398,1.01374e+06,0.315957,-0.0063166,994414,175.014,740550,3067.22,280835,0.216418,21554.2,6.27579e+06,2101.94,75361.7,5.98821,130000
39,-0.000260398,1.01374e+06,0.314696,-0.0063166,994408,174.314,740550,3061.52,280835,0.215554,21437.6,6.25948e+06,2087.28,74838.1,5.98674,130000
39.1,-0.000260398,1.01374e+06,0.31344,-0.0063166,994402,173.617,740550,3055.83,280836,0.214694,21323.5,6.24325e+06,2072.72,74318.2,5.98528,130000
39.2,-0.000260398,1.01374e+06,0.312188,-0.0063166,994396,172.922,740550,3050.14,280836,0.213837,21211.6,6.2271e+06,2058.27,73801.9,5.98383,130000
39.3,-0.000260398,1.01374e+06,0.310942,-0.0063166,994390,172.231,740550,3044.46,280836,0.212984,21101.9,6.21104e+06,2043.91,73289.2,5.98238,130000
39.4,-0.000260398,1.01374e+06,0.309701,-0.0063166,994384,171.542,740551,3038.78,280837,0.212134,20994.3,6.19505e+06,2029.66,72780.1,5.98094,130000
39.5,-0.000260398,1.01374e+06,0.308464,-0.0063166,994378,170.856,740551,3033.09,280837,0.211287,20888.8,6.17915e+06,2015.5,72274.5,5.9795,130000
39.6,-0.000260398,1.01374e+06,0.307233,-0.0063166,994372,170.173,740551,3027.42,280837,0.210444,20785.2,6.16332e+06,2001.44,71772.4,5.97806,130000
39.7,-0.000260398,1.01374e+06,0.306007,-0.0063166,994366,169.493,740551,3021.74,280838,0.209604,20683.6,6.14758e+06,1987.48,71273.8,5.97663,130000
39.8,-0.000260398,1.01374e+06,0.304785,-0.0063166,994360,168.815,740551,3016.07,280838,0.208768,20583.9,6.13191e+06,1973.62,70778.7,5.97521,130000
39.9,-0.000260398,1.01374e+06,0.303568,-0.0063166,994354,168.14,740551,3010.4,280838,0.207935,20486,6.11632e+06,1959.86,70287,5.97379,130000
40,-0.000260398,1.01374e+06,0.302356,-0.0063166,994349,167.468,740551,3004.73,280839,0.207105,20390,6.10081e+06,1946.19,69798.8,5.97237,130000
40.1,-0.000260398,1.01374e+06,0.301149,-0.0063166,994343,166.798,740551,2999.07,280839,0.206278,20295.6,6.08538e+06,1932.61,69313.9,5.97096,130000
40.2,-0.000260399,1.01374e+06,0.299947,-0.0063166,994337,166.131,740551,2993.41,280839,0.205455,20203,6.07002e+06,1919.13,68832.4,5.96956,130000
40.3,-0.000260399,1.01374e+06,0.29875,-0.0063166,994331,165.467,740551,2987.75,280839,0.204635,20111.9,6.05474e+06,1905.75,68354.3,5.96815,130000
40.4,-0.000260399,1.01374e+06,0.297557,-0.0063166,994325,164.805,740551,2982.09,280840,0.203818,20022.4,6.03954e+06,1892.46,67879.5,5.96676,130000
40.5,-0.000260399,1.01374e+06,0.296369,-0.0063166,994320,164.146,740551,2976.44,280840,0.203005,19934.4,6.0244e+06,1879.26,67408,5.96536,130000
40.6,-0.000260399,1.01374e+06,0.295186,-0.0063166,994314,163.49,740551,2970.79,280840,0.202195,19847.9,6.00935e+06,1866.15,66939.8,5.96398,130000
40.7,-0.000260399,1.01374e+06,0.294008,-0.0063166,994308,162.836,740551,2965.15,280841,0.201388,19762.8,5.99436e+06,1853.13,66474.8,5.96259,130000
40.8,-0.000260399,1.01374e+06,0.292834,-0.0063166,994303,162.185,740551,2959.5,280841,0.200584,19679.1,5.97945e+06,1840.21,66013,5.96121,130000
40.9,-0.000260399,1.01374e+06,0.291665,-0.0063166,994297,161.537,740551,2953.87,280841,0.199784,19596.8,5.96462e+06,1827.37,65554.5,5.95984,130000
41,-0.000260399,1.01374e+06,0.290501,-0.0063166,994291,160.891,740551,2948.23,280842,0.198986,19515.8,5.94985e+06,1814.63,65099.2,5.95847,130000
41.1,-0.000260399,1.01374e+06,0.289341,-0.0063166,994286,160.247,740551,2942.6,280842,0.198192,19436.1,5.93516e+06,1801.97,64647,5.9571,130000
41.2,-0.000260399,1.01374e+06,0.288186,-0.0063166,994280,159.607,740551,2936.97,280842,0.197401,19357.6,5.92053e+06,1789.4,64198,5.95574,130000
41.3,-0.000260399,1.01374e+06,0.287036,-0.0063166,994275,158.969,740551,2931.34,280843,0.196613,19280.3,5.90598e+06,1776.92,63752.1,5.95439,130000
41.4,-0.000260399,1.01374e+06,0.28589,-0.0063166,994269,158.333,740551,2925.72,280843,0.195829,19204.3,5.8915e+06,1764.53,63309.3,5.95304,130000
41.5,-0.000260399,1.01374e+06,0.284749,-0.0063166,994264,157.7,740551,2920.1,280843,0.195047,19129.3,5.87708e+06,1752.22,62869.6,5.95169,130000
41.6,-0.000260399,1.01374e+06,0.283612,-0.0063166,994258,157.069,740551,2914.49,280843,0.194269,19055.5,5.86274e+06,1740,62433,5.95035,130000
41.7,-0.0002604,1.01374e+06,0.28248,-0.0063166,994253,156.441,740551,2908.88,280844,0.193493,18982.7,5.84846e+06,1727.87,61999.4,5.94901,130000
41.8,-0.0002604,1.01374e+06,0.281352,-0.0063166,994247,155.816,740551,2903.27,280844,0.192721,18911,5.83425e+06,1715.82,61568.8,5.94767,130000
41.9,-0.0002604,1.01374e+06,0.280229,-0.0063166,994242,155.193,740551,2897.67,280844,0.191952,18840.4,5.82011e+06,1703.85,61141.2,5.94634,130000
42,-0.0002604,1.01374e+06,0.27911,-0.0063166,994237,154.572,740551,2892.07,280845,0.191186,18770.7,5.80604e+06,1691.97,60716.6,5.94502,130000
42.1,-0.0002604,1.01374e+06,0.277996,-0.0063166,994231,153.954,740551,2886.48,280845,0.190423,18702,5.79203e+06,1680.16,60294.9,5.9437,130000
42.2,-0.0002604,1.01374e+06,0.276886,-0.0063166,994226,153.339,740551,2880.88,280845,0.189663,18634.2,5.77809e+06,1668.45,59876.2,5.94238,130000
42.3,-0.0002604,1.01374e+06,0.275781,-0.0063166,994221,152.726,740551,2875.3,280846,0.188906,18567.3,5.76422e+06,1656.81,59460.4,5.94107,130000
42.4,-0.0002604,1.01374e+06,0.27468,-0.0063166,994215,152.115,740551,2869.71,280846,0.188152,18501.4,5.75041e+06,1645.25,59047.4,5.93976,130000
42.5,-0.0002604,1.01374e+06,0.273583,-0.0063166,994210,151.507,740551,2864.13,280846,0.187401,18436.3,5.73666e+06,1633.78,58637.4,5.93845,130000
42.6,-0.0002604,1.01374e+06,0.272491,-0.0063166,994205,150.901,740551,2858.56,280846,0.186653,18372.1,5.72298e+06,1622.38,58230.2,5.93716,130000
42.7,-0.0002604,1.01374e+06,0.271404,-0.0063166,994200,150.298,740551,2852.99,280847,0.185908,18308.6,5.70936e+06,1611.07,57825.8,5.93586,130000
42.8,-0.0002604,1.01374e+06,0.27032,-0.0063166,994194,149.697,740551,2847.42,280847,0.185166,18246,5.69581e+06,1599.83,57424.3,5.93457,130000
42.9,-0.0002604,1.01374e+06,0.269241,-0.0063166,994189,149.099,740551,2841.86,280847,0.184427,18184.2,5.68232e+06,1588.67,57025.5,5.93328,130000
43,-0.0002604,1.01374e+06,0.268166,-0.0063166,994184,148.503,740551,2836.3,280848,0.183691,18123.1,5.66889e+06,1577.59,56629.6,5.932,130000
43.1,-0.0002604,1.01374e+06,0.267096,-0.0063166,994179,147.909,740551,2830.75,280848,0.182958,18062.7,5.65553e+06,1566.59,56236.3,5.93072,130000
43.2,-0.0002604,1.01374e+06,0.266029,-0.0063166,994174,147.318,740551,2825.2,280848,0.182228,18003.1,5.64222e+06,1555.66,55845.9,5.92945,130000
43.3,-0.0002604,1.01374e+06,0.264967,-0.0063166,994169,146.729,740551,2819.65,280848,0.181501,17944.2,5.62898e+06,1544.81,55458.1,5.92818,130000
43.4,-0.000260401,1.01374e+06,0.26391,-0.0063166,994163,146.142,740551,2814.11,280849,0.180776,17886.1,5.61579e+06,1534.04,55073,5.92691,130000
43.5,-0.000260401,1.01374e+06,0.262856,-0.0063166,994158,145.558,740551,2808.57,280849,0.180055,17828.6,5.60267e+06,1523.34,54690.6,5.92565,130000
43.6,-0.000260401,1.01374e+06,0.261807,-0.0063166,994153,144.976,740551,2803.04,280849,0.179336,17771.8,5.58961e+06,1512.72,54310.9,5.92439,130000
43.7,-0.000260401,1.01374e+06,0.260762,-0.0063166,994148,144.396,740551,2797.51,280849,0.178621,17715.6,5.57661e+06,1502.17,53933.8,5.92314,130000
43.8,-0.000260401,1.01374e+06,0.259721,-0.0063166,994143,143.819,740551,2791.99,280850,0.177908,17660,5.56366e+06,1491.69,53559.4,5.92189,130000
43.9,-0.000260401,1.01374e+06,0.258684,-0.0063166,994138,143.244,740551,2786.47,280850,0.177198,17605,5.55078e+06,1481.29,53187.5,5.92065,130000
44,-0.000260401,1.01374e+06,0.257651,-0.0063166,994133,142.672,740551,2780.96,280850,0.176491,17550.6,5.53795e+06,1470.95,52818.3,5.9194,130000
44.1,-0.000260401,1.01374e+06,0.256623,-0.0063166,994128,142.101,740551,2775.45,280851,0.175786,17496.8,5.52518e+06,1460.69,52451.6,5.91817,130000
44.2,-0.000260401,1.01374e+06,0.255598,-0.0063166,994124,141.533,740551,2769.95,280851,0.175085,17443.5,5.51247e+06,1450.51,52087.4,5.91693,130000
44.3,-0.000260401,1.01374e+06,0.254578,-0.0063166,994119,140.967,740551,2764.45,280851,0.174386,17390.8,5.49981e+06,1440.39,51725.8,5.91571,130000
44.4,-0.000260401,1.01374e+06,0.253562,-0.0063166,994114,140.404,740551,2758.95,280851,0.17369,17338.6,5.48722e+06,1430.34,51366.7,5.91448,130000
44.5,-0.000260401,1.01374e+06,0.252549,-0.0063166,994109,139.843,740551,2753.46,280852,0.172997,17286.8,5.47468e+06,1420.37,51010.2,5.91326,130000
44.6,-0.000260401,1.01374e+06,0.251541,-0.0063166,994104,139.284,740551,2747.98,280852,0.172306,17235.5,5.46219e+06,1410.46,50656.1,5.91204,130000
44.7,-0.000260401,1.01374e+06,0.250537,-0.0063166,994099,138.727,740551,2742.5,280852,0.171619,17184.7,5.44976e+06,1400.63,50304.4,5.91083,130000
44.8,-0.000260401,1.01374e+06,0.249537,-0.0063166,994094,138.172,740551,2737.03,280852,0.170934,17134.5,5.43739e+06,1390.86,49955.2,5.90962,130000
44.9,-0.000260401,1.01374e+06,0.248541,-0.0063166,994090,137.62,740552,2731.56,280853,0.170251,17084.9,5.42507e+06,1381.16,49608.5,5.90842,130000
45,-0.000260401,1.01374e+06,0.247549,-0.0063166,994085,137.07,740552,2726.09,280853,0.169572,17035.7,5.4128e+06,1371.52,49264.1,5.90722,130000
45.1,-0.000260401,1.01374e+06,0.24656,-0.0063166,994080,136.522,740552,2720.63,280853,0.168895,16986.9,5.40059e+06,1361.96,48922.2,5.90602,130000
45.2,-0.000260401,1.01374e+06,0.245576,-0.0063166,994075,135.976,740552,2715.18,280853,0.168221,16938.6,5.38844e+06,1352.46,48582.6,5.90483,130000
45.3,-0.000260401,1.01374e+06,0.244596,-0.0063166,994071,135.433,740552,2709.73,280854,0.16755,16890.7,5.37633e+06,1343.03,48245.4,5.90364,130000
45.4,-0.000260402,1.01374e+06,0.243619,-0.0063166,994066,134.891,740552,2704.28,280854,0.166881,16843.3,5.36428e+06,1333.66,47910.5,5.90245,130000
45.5,-0.000260402,1.01374e+06,0.242647,-0.0063166,994061,134.352,740552,2698.84,280854,0.166215,16796.2,5.35228e+06,1324.36,47578,5.90127,130000
45.6,-0.000260402,1.01374e+06,0.241678,-0.0063166,994057,133.815,740552,2693.41,280855,0.165552,16749.5,5.34034e+06,1315.12,47247.8,5.90009,130000
45.7,-0.000260402,1.01374e+06,0.240713,-0.0063166,994052,133.28,740552,2687.98,280855,0.164891,16703.2,5.32845e+06,1305.95,46919.9,5.89892,130000
45.8,-0.000260402,1.01374e+06,0.239752,-0.0063166,994048,132.747,740552,2682.56,280855,0.164233,16657.3,5.3166e+06,1296.84,46594.3,5.89775,130000
45.9,-0.000260402,1.01374e+06,0.238795,-0.0063166,994043,132.217,740552,2677.14,280855,0.163577,16611.6,5.30481e+06,1287.8,46270.9,5.89659,130000
46,-0.000260402,1.01374e+06,0.237842,-0.0063166,994038,131.688,740552,2671.73,280856,0.162924,16566.4,5.29307e+06,1278.81,45949.8,5.89542,130000
46.1,-0.000260402,1.01374e+06,0.236893,-0.0063166,994034,131.162,740552,2666.32,280856,0.162274,16521.4,5.28139e+06,1269.89,45630.9,5.89427,130000
46.2,-0.000260402,1.01374e+06,0.235947,-0.0063166,994029,130.638,740552,2660.92,280856,0.161626,16476.8,5.26975e+06,1261.04,45314.3,5.89311,130000
46.3,-0.000260402,1.01374e+06,0.235005,-0.0063166,994025,130.116,740552,2655.52,280856,0.160981,16432.5,5.25816e+06,1252.24,44999.8,5.89196,130000
46.4,-0.000260402,1.01374e+06,0.234067,-0.0063166,994020,129.595,740552,2650.13,280857,0.160339,16388.7,5.24662e+06,1243.51,44687.5,5.89081,130000
46.5,-0.000260402,1.01374e+06,0.233132,-0.0063166,994016,129.077,740552,2644.74,280857,0.159699,16345.3,5.23513e+06,1234.84,44377.4,5.88967,130000
46.6,-0.000260402,1.01374e+06,0.232202,-0.0063166,994011,128.561,740552,2639.36,280857,0.159062,16302.1,5.22369e+06,1226.22,44069.5,5.88853,130000
46.7,-0.000260402,1.01374e+06,0.231275,-0.0063166,994007,128.048,740552,2633.99,280857,0.158427,16259.3,5.2123e+06,1217.67,43763.7,5.8874,130000
46.8,-0.000260402,1.01374e+06,0.230352,-0.0063166,994003,127.536,740552,2628.62,280858,0.157794,16216.7,5.20096e+06,1209.18,43460.1,5.88626,130000
46.9,-0.000260402,1.01374e+06,0.229432,-0.0063166,993998,127.026,740552,2623.26,280858,0.157165,16174.5,5.18967e+06,1200.75,43158.5,5.88514,130000
47,-0.000260402,1.01374e+06,0.228516,-0.0063166,993994,126.518,740552,2617.9,280858,0.156537,16132.6,5.17842e+06,1192.37,42859.1,5.88401,130000
47.1,-0.000260402,1.01374e+06,0.227604,-0.0063166,993989,126.013,740552,2612.55,280858,0.155913,16090.9,5.16722e+06,1184.06,42561.7,5.88289,130000
47.2,-0.000260402,1.01374e+06,0.226695,-0.0063166,993985,125.509,740552,2607.2,280858,0.15529,16049.5,5.15607e+06,1175.8,42266.4,5.88177,130000
47.3,-0.000260402,1.01374e+06,0.22579,-0.0063166,993981,125.007,740552,2601.86,280859,0.154671,16008.4,5.14497e+06,1167.6,41973.2,5.88066,130000
47.4,-0.000260402,1.01374e+06,0.224889,-0.0063166,993976,124.508,740552,2596.52,280859,0.154053,15967.6,5.13391e+06,1159.45,41682,5.87955,130000
47.5,-0.000260402,1.01374e+06,0.223991,-0.0063166,993972,124.01,740552,2591.19,280859,0.153438,15927,5.1229e+06,1151.37,41392.8,5.87845,130000
47.6,-0.000260403,1.01374e+06,0.223097,-0.0063166,993968,123.514,740552,2585.87,280859,0.152826,15886.7,5.11193e+06,1143.34,41105.7,5.87734,130000
47.7,-0.000260403,1.01374e+06,0.222206,-0.0063166,993964,123.021,740552,2580.55,280860,0.152216,15846.6,5.10101e+06,1135.36,40820.5,5.87624,130000
47.8,-0.000260403,1.01374e+06,0.221319,-0.0063166,993959,122.529,740552,2575.24,280860,0.151609,15806.7,5.09014e+06,1127.44,40537.4,5.87515,130000
47.9,-0.000260403,1.01374e+06,0.220436,-0.0063166,993955,122.039,740552,2569.94,280860,0.151003,15767.2,5.07931e+06,1119.58,40256.2,5.87406,130000
48,-0.000260403,1.01374e+06,0.219556,-0.0063166,993951,121.552,740552,2564.64,280860,0.150401,15727.9,5.06852e+06,1111.77,39976.9,5.87297,130000
48.1,-0.000260403,1.01374e+06,0.218679,-0.0063166,993947,121.066,740552,2559.34,280861,0.149801,15688.9,5.05778e+06,1104.02,39699.6,5.87189,130000
48.2,-0.000260403,1.01374e+06,0.217806,-0.0063166,993943,120.582,740552,2554.05,280861,0.149203,15650.1,5.04709e+06,1096.32,39424.3,5.8708,130000
48.3,-0.000260403,1.01374e+06,0.216937,-0.0063166,993939,120.1,740552,2548.77,280861,0.148607,15611.5,5.03644e+06,1088.67,39150.8,5.86973,130000
48.4,-0.000260403,1.01374e+06,0.216071,-0.0063166,993934,119.62,740552,2543.5,280861,0.148014,15573.2,5.02583e+06,1081.08,38879.3,5.86865,130000
48.5,-0.000260403,1.01374e+06,0.215208,-0.0063166,993930,119.142,740552,2538.23,280862,0.147423,15535.1,5.01527e+06,1073.54,38609.6,5.86758,130000
48.6,-0.000260403,1.01374e+06,0.214349,-0.0063166,993926,118.666,740552,2532.96,280862,0.146835,15497.3,5.00475e+06,1066.05,38341.9,5.86652,130000
48.7,-0.000260403,1.01374e+06,0.213494,-0.0063166,993922,118.191,740552,2527.7,280862,0.146249,15459.6,4.99427e+06,1058.62,38075.9,5.86545,130000
48.8,-0.000260403,1.01374e+06,0.212641,-0.0063166,993918,117.719,740552,2522.45,280862,0.145665,15422.2,4.98384e+06,1051.24,37811.9,5.86439,130000
48.9,-0.000260403,1.01374e+06,0.211792,-0.0063166,993914,117.249,740552,2517.21,280862,0.145084,15385,4.97344e+06,1043.9,37549.7,5.86334,130000
49,-0.000260403,1.01374e+06,0.210947,-0.0063166,993910,116.78,740552,2511.97,280863,0.144505,15348,4.96309e+06,1036.62,37289.3,5.86229,130000
49.1,-0.000260403,1.01374e+06,0.210105,-0.0063166,993906,116.313,740552,2506.73,280863,0.143928,15311.3,4.95279e+06,1029.39,37030.7,5.86124,130000
49.2,-0.000260403,1.01374e+06,0.209266,-0.0063166,993902,115.848,740552,2501.51,280863,0.143354,15274.7,4.94252e+06,1022.21,36773.9,5.86019,130000
49.3,-0.000260403,1.01374e+06,0.208431,-0.0063166,993898,115.385,740552,2496.28,280863,0.142781,15238.4,4.9323e+06,1015.08,36518.9,5.85915,130000
49.4,-0.000260403,1.01374e+06,0.207599,-0.0063166,993894,114.924,740552,2491.07,280864,0.142211,15202.2,4.92211e+06,1008.01,36265.7,5.85811,130000
49.5,-0.000260403,1.01374e+06,0.20677,-0.0063166,993890,114.465,740552,2485.86,280864,0.141644,15166.3,4.91197e+06,1000.98,36014.2,5.85707,130000
49.6,-0.000260403,1.01374e+06,0.205945,-0.0063166,993886,114.008,740552,2480.66,280864,0.141079,15130.6,4.90187e+06,993.994,35764.5,5.85604,130000
49.7,-0.000260403,1.01374e+06,0.205122,-0.0063166,993882,113.552,740552,2475.46,280864,0.140515,15095,4.89181e+06,987.062,35516.5,5.85501,130000
49.8,-0.000260403,1.01374e+06,0.204304,-0.0063166,993878,113.098,740552,2470.27,280864,0.139955,15059.7,4.88179e+06,980.178,35270.3,5.85399,130000
49.9,-0.000260403,1.01374e+06,0.203488,-0.0063166,993874,112.646,740552,2465.09,280865,0.139396,15024.5,4.87181e+06,973.342,35025.8,5.85296,130000
50,-0.000260403,1.01374e+06,0.202676,-0.0063166,993871,112.196,740552,2459.91,280865,0.13884,14989.6,4.86187e+06,966.553,34782.9,5.85195,130000
50.1,-0.000260403,1.01374e+06,0.201867,-0.0063166,993867,111.748,740552,2454.74,280865,0.138286,14954.8,4.85196e+06,959.812,34541.8,5.85093,130000
50.2,-0.000260404,1.01374e+06,0.201061,-0.0063166,993863,111.301,740552,2449.58,280865,0.137734,14920.3,4.8421e+06,953.118,34302.3,5.84992,130000
50.3,-0.000260404,1.01374e+06,0.200258,-0.0063166,993859,110.856,740552,2444.42,280865,0.137184,14885.9,4.83228e+06,946.471,34064.5,5.84891,130000
50.4,-0.000260404,1.01374e+06,0.199459,-0.0063166,993855,110.413,740552,2439.27,280866,0.136636,14851.7,4.82249e+06,939.87,33828.4,5.8479,130000
50.5,-0.000260404,1.01374e+06,0.198662,-0.0063166,993851,109.972,740552,2434.12,280866,0.136091,14817.6,4.81275e+06,933.315,33593.9,5.8469,130000
50.6,-0.000260404,1.01374e+06,0.197869,-0.0063166,993848,109.532,740552,2428.98,280866,0.135548,14783.8,4.80304e+06,926.806,33361,5.8459,130000
50.7,-0.000260404,1.01374e+06,0.197079,-0.0063166,993844,109.095,740552,2423.85,280866,0.135007,14750.1,4.79337e+06,920.342,33129.8,5.84491,130000
50.8,-0.000260404,1.01374e+06,0.196293,-0.0063166,993840,108.659,740552,2418.73,280866,0.134468,14716.6,4.78374e+06,913.923,32900.2,5.84392,130000
50.9,-0.000260404,1.01374e+06,0.195509,-0.0063166,993836,108.225,740552,2413.61,280867,0.133931,14683.3,4.77415e+06,907.549,32672.1,5.84293,130000
51,-0.000260404,1.01374e+06,0.194729,-0.0063166,993833,107.792,740552,2408.5,280867,0.133397,14650.2,4.76459e+06,901.22,32445.7,5.84194,130000
51.1,-0.000260404,1.01374e+06,0.193951,-0.0063166,993829,107.361,740552,2403.39,280867,0.132864,14617.3,4.75507e+06,894.935,32220.8,5.84096,130000
51.2,-0.000260404,1.01374e+06,0.193177,-0.0063166,993825,106.932,740553,2398.29,280867,0.132334,14584.6,4.74559e+06,888.693,31997.5,5.83998,130000
51.3,-0.000260404,1.01374e+06,0.192406,-0.0063166,993822,106.505,740553,2393.2,280868,0.131806,14552,4.73615e+06,882.495,31775.8,5.839,130000
51.4,-0.000260404,1.01374e+06,0.191638,-0.0063166,993818,106.079,740553,2388.11,280868,0.13128,14519.6,4.72674e+06,876.341,31555.6,5.83803,130000
51.5,-0.000260404,1.01374e+06,0.190873,-0.0063166,993814,105.655,740553,2383.03,280868,0.130756,14487.4,4.71737e+06,870.229,31336.9,5.83706,130000
51.6,-0.000260404,1.01374e+06,0.190111,-0.0063166,993811,105.233,740553,2377.96,280868,0.130234,14455.3,4.70803e+06,864.16,31119.8,5.83609,130000
51.7,-0.000260404,1.01374e+06,0.189352,-0.0063166,993807,104.813,740553,2372.89,280868,0.129714,14423.5,4.69873e+06,858.133,30904.1,5.83513,130000
51.8,-0.000260404,1.01374e+06,0.188596,-0.0063166,993804,104.394,740553,2367.83,280869,0.129196,14391.8,4.68947e+06,852.149,30690,5.83417,130000
51.9,-0.000260404,1.01374e+06,0.187843,-0.0063166,993800,103.977,740553,2362.78,280869,0.128681,14360.2,4.68024e+06,846.206,30477.4,5.83321,130000
52,-0.000260404,1.01374e+06,0.187093,-0.0063166,993796,103.561,740553,2357.73,280869,0.128167,14328.8,4.67105e+06,840.304,30266.2,5.83226,130000
52.1,-0.000260404,1.01374e+06,0.186346,-0.0063166,993793,103.147,740553,2352.69,280869,0.127656,14297.6,4.66189e+06,834.444,30056.5,5.83131,130000
52.2,-0.000260404,1.01374e+06,0.185602,-0.0063166,993789,102.735,740553,2347.66,280869,0.127146,14266.5,4.65277e+06,828.625,29848.3,5.83036,130000
52.3,-0.000260404,1.01374e+06,0.184861,-0.0063166,993786,102.325,740553,2342.64,280870,0.126639,14235.6,4.64368e+06,822.846,29641.5,5.82942,130000
52.4,-0.000260404,1.01374e+06,0.184124,-0.0063166,993782,101.916,740553,2337.62,280870,0.126133,14204.8,4.63463e+06,817.107,29436.2,5.82848,130000
52.5,-0.000260404,1.01374e+06,0.183389,-0.0063166,993779,101.509,740553,2332.6,280870,0.12563,14174.2,4.62561e+06,811.409,29232.3,5.82754,130000
52.6,-0.000260404,1.01374e+06,0.182656,-0.0063166,993775,101.103,740553,2327.6,280870,0.125128,14143.7,4.61662e+06,805.75,29029.8,5.8266,130000
52.7,-0.000260404,1.01374e+06,0.181927,-0.0063166,993772,100.699,740553,2322.6,280870,0.124629,14113.4,4.60767e+06,800.131,28828.7,5.82567,130000
52.8,-0.000260404,1.01374e+06,0.181201,-0.0063166,993769,100.297,740553,2317.61,280870,0.124131,14083.2,4.59876e+06,794.551,28629,5.82474,130000
52.9,-0.000260404,1.01374e+06,0.180478,-0.0063166,993765,99.8957,740553,2312.62,280871,0.123636,14053.2,4.58987e+06,789.01,28430.7,5.82382,130000
53,-0.000260404,1.01374e+06,0.179757,-0.0063166,993762,99.4966,740553,2307.64,280871,0.123142,14023.2,4.58102e+06,783.507,28233.8,5.82289,130000
53.1,-0.000260404,1.01374e+06,0.17904,-0.0063166,993758,99.099,740553,2302.67,280871,0.122651,13993.4,4.57221e+06,778.043,28038.2,5.82197,130000
53.2,-0.000260404,1.01374e+06,0.178325,-0.0063166,993755,98.703,740553,2297.71,280871,0.122161,13963.8,4.56342e+06,772.617,27844.1,5.82106,130000
53.3,-0.000260404,1.01374e+06,0.177613,-0.0063166,993752,98.3086,740553,2292.75,280871,0.121674,13934.2,4.55467e+06,767.229,27651.2,5.82014,130000
53.4,-0.000260404,1.01374e+06,0.176904,-0.0063166,993748,97.9158,740553,2287.8,280872,0.121188,13904.8,4.54596e+06,761.879,27459.7,5.81923,130000
53.5,-0.000260405,1.01374e+06,0.176198,-0.0063166,993745,97.5245,740553,2282.86,280872,0.120704,13875.4,4.53727e+06,756.566,27269.6,5.81832,130000
53.6,-0.000260405,1.01374e+06,0.175494,-0.0063166,993742,97.1349,740553,2277.92,280872,0.120223,13846.2,4.52862e+06,751.289,27080.8,5.81742,130000
53.7,-0.000260405,1.01374e+06,0.174794,-0.0063166,993738,96.7467,740553,2272.99,280872,0.119743,13817.1,4.52e+06,746.05,26893.2,5.81652,130000
53.8,-0.000260405,1.01374e+06,0.174096,-0.0063166,993735,96.3602,740553,2268.07,280872,0.119265,13788,4.51141e+06,740.847,26707,5.81562,130000
53.9,-0.000260405,1.01374e+06,0.173401,-0.0063166,993732,95.9751,740553,2263.15,280873,0.118789,13759.1,4.50285e+06,735.68,26522.1,5.81472,130000
54,-0.000260405,1.01374e+06,0.172709,-0.0063166,993728,95.5916,740553,2258.24,280873,0.118315,13730.2,4.49432e+06,730.55,26338.5,5.81383,130000
54.1,-0.000260405,1.01374e+06,0.172019,-0.0063166,993725,95.2097,740553,2253.34,280873,0.117843,13701.4,4.48583e+06,725.455,26156.1,5.81294,130000
54.2,-0.000260405,1.01374e+06,0.171333,-0.0063166,993722,94.8293,740553,2248.44,280873,0.117372,13672.8,4.47736e+06,720.395,25975,5.81205,130000
54.3,-0.000260405,1.01374e+06,0.170649,-0.0063166,993719,94.4503,740553,2243.56,280873,0.116904,13644.5,4.46893e+06,715.372,25795.2,5.81116,130000
54.4,-0.000260405,1.01374e+06,0.169967,-0.0063166,993715,94.073,740553,2238.68,280873,0.116437,13616.4,4.46053e+06,710.383,25616.6,5.81028,130000
54.5,-0.000260405,1.01374e+06,0.169289,-0.0063166,993712,93.6971,740553,2233.8,280874,0.115972,13588.3,4.45216e+06,705.429,25439.3,5.8094,130000
54.6,-0.000260405,1.01374e+06,0.168613,-0.0063166,993709,93.3227,740553,2228.94,280874,0.115509,13560.4,4.44382e+06,700.509,25263.2,5.80853,130000
54.7,-0.000260405,1.01374e+06,0.16794,-0.0063166,993706,92.9498,740553,2224.08,280874,0.115048,13532.5,4.43551e+06,695.624,25088.4,5.80766,130000
54.8,-0.000260405,1.01374e+06,0.16727,-0.0063166,993703,92.5784,740553,2219.22,280874,0.114589,13504.8,4.42723e+06,690.773,24914.7,5.80679,130000
54.9,-0.000260405,1.01374e+06,0.166602,-0.0063166,993700,92.2085,740553,2214.38,280874,0.114132,13477.2,4.41898e+06,685.956,24742.3,5.80592,130000
55,-0.000260405,1.01374e+06,0.165937,-0.0063166,993696,91.8401,740553,2209.54,280875,0.113676,13449.7,4.41076e+06,681.173,24571,5.80505,130000
55.1,-0.000260405,1.01374e+06,0.165274,-0.0063166,993693,91.4731,740553,2204.71,280875,0.113223,13422.3,4.40257e+06,676.422,24401,5.80419,130000
55.2,-0.000260405,1.01374e+06,0.164615,-0.0063166,993690,91.1077,740553,2199.88,280875,0.112771,13395,4.39441e+06,671.705,24232.1,5.80333,130000
55.3,-0.000260405,1.01374e+06,0.163957,-0.0063166,993687,90.7436,740553,2195.07,280875,0.112321,13367.8,4.38628e+06,667.021,24064.4,5.80248,130000
55.4,-0.000260405,1.01374e+06,0.163303,-0.0063166,993684,90.3811,740553,2190.26,280875,0.111872,13340.7,4.37818e+06,662.369,23897.9,5.80163,130000
55.5,-0.000260405,1.01374e+06,0.162651,-0.0063166,993681,90.02,740553,2185.45,280875,0.111426,13313.7,4.37011e+06,657.75,23732.6,5.80077,130000
55.6,-0.000260405,1.01374e+06,0.162002,-0.0063166,993678,89.6603,740553,2180.66,280876,0.110981,13286.8,4.36207e+06,653.163,23568.3,5.79993,130000
55.7,-0.000260405,1.01374e+06,0.161355,-0.0063166,993675,89.3021,740553,2175.87,280876,0.110538,13259.9,4.35405e+06,648.608,23405.3,5.79908,130000
55.8,-0.000260405,1.01374e+06,0.160711,-0.0063166,993672,88.9453,740553,2171.09,280876,0.110097,13233.2,4.34607e+06,644.085,23243.3,5.79824,130000
55.9,-0.000260405,1.01374e+06,0.160069,-0.00631661,993669,88.5899,740553,2166.31,280876,0.109657,13206.5,4.33811e+06,639.593,23082.5,5.7974,130000
56,-0.000260405,1.01374e+06,0.15943,-0.00631661,993666,88.2359,740553,2161.55,280876,0.10922,13179.9,4.33018e+06,635.133,22922.8,5.79657,130000
56.1,-0.000260405,1.01374e+06,0.158794,-0.00631661,993663,87.8834,740553,2156.79,280876,0.108784,13153.4,4.32228e+06,630.704,22764.2,5.79573,130000
56.2,-0.000260405,1.01374e+06,0.15816,-0.00631661,993660,87.5323,740553,2152.03,280877,0.10835,13127,4.3144e+06,626.305,22606.8,5.7949,130000
56.3,-0.000260405,1.01374e+06,0.157529,-0.00631661,993657,87.1825,740553,2147.29,280877,0.107917,13100.6,4.30656e+06,621.937,22450.4,5.79407,130000
56.4,-0.000260405,1.01374e+06,0.1569,-0.00631661,993654,86.8342,740553,2142.55,280877,0.107486,13074.3,4.29874e+06,617.6,22295.1,5.79325,130000
56.5,-0.000260405,1.01374e+06,0.156273,-0.00631661,993651,86.4873,740553,2137.82,280877,0.107057,13048.2,4.29095e+06,613.293,22140.9,5.79242,130000
56.6,-0.000260405,1.01374e+06,0.15565,-0.00631661,993648,86.1417,740553,2133.09,280877,0.10663,13022.2,4.28319e+06,609.016,21987.7,5.7916,130000
56.7,-0.000260405,1.01374e+06,0.155028,-0.00631661,993645,85.7976,740553,2128.38,280877,0.106204,12996.3,4.27545e+06,604.769,21835.7,5.79079,130000
56.8,-0.000260405,1.01374e+06,0.154409,-0.00631661,993642,85.4548,740553,2123.67,280878,0.105781,12970.5,4.26775e+06,600.551,21684.6,5.78997,130000
56.9,-0.000260405,1.01374e+06,0.153793,-0.00631661,993639,85.1134,740553,2118.97,280878,0.105358,12944.8,4.26006e+06,596.363,21534.7,5.78916,130000
57,-0.000260405,1.01374e+06,0.153179,-0.00631661,993636,84.7733,740553,2114.27,280878,0.104938,12919.2,4.25241e+06,592.205,21385.8,5.78835,130000
57.1,-0.000260405,1.01374e+06,0.152568,-0.00631661,993633,84.4346,740553,2109.58,280878,0.104519,12893.7,4.24478e+06,588.075,21237.9,5.78754,130000
57.2,-0.000260405,1.01374e+06,0.151958,-0.00631661,993631,84.0973,740553,2104.9,280878,0.104102,12868.2,4.23718e+06,583.974,21091,5.78674,130000
57.3,-0.000260405,1.01374e+06,0.151352,-0.00631661,993628,83.7613,740553,2100.23,280878,0.103686,12842.9,4.22961e+06,579.901,20945.2,5.78594,130000
57.4,-0.000260405,1.01374e+06,0.150748,-0.00631661,993625,83.4266,740553,2095.57,280879,0.103272,12817.6,4.22206e+06,575.857,20800.4,5.78514,130000
57.5,-0.000260405,1.01374e+06,0.150146,-0.00631661,993622,83.0933,740553,2090.91,280879,0.10286,12792.4,4.21454e+06,571.841,20656.5,5.78434,130000
57.6,-0.000260406,1.01374e+06,0.149546,-0.00631661,993619,82.7614,740553,2086.26,280879,0.10245,12767.4,4.20704e+06,567.853,20513.7,5.78355,130000
57.7,-0.000260406,1.01374e+06,0.14895,-0.00631661,993617,82.4307,740553,2081.61,280879,0.102041,12742.4,4.19957e+06,563.893,20371.9,5.78276,130000
57.8,-0.000260406,1.01374e+06,0.148355,-0.00631661,993614,82.1014,740553,2076.98,280879,0.101633,12717.5,4.19213e+06,559.961,20231.1,5.78197,130000
57.9,-0.000260406,1.01374e+06,0.147763,-0.00631661,993611,81.7734,740553,2072.35,280879,0.101228,12692.7,4.18471e+06,556.056,20091.2,5.78118,130000
58,-0.000260406,1.01374e+06,0.147173,-0.00631661,993608,81.4467,740553,2067.73,280879,0.100824,12668,4.17731e+06,552.178,19952.3,5.7804,130000
58.1,-0.000260406,1.01374e+06,0.146585,-0.00631661,993605,81.1213,740553,2063.11,280880,0.100421,12643.4,4.16995e+06,548.327,19814.4,5.77962,130000
58.2,-0.000260406,1.01374e+06,0.146,-0.00631661,993603,80.7972,740553,2058.5,280880,0.10002,12618.8,4.1626e+06,544.503,19677.5,5.77884,130000
58.3,-0.000260406,1.01374e+06,0.145417,-0.00631661,993600,80.4744,740553,2053.9,280880,0.0996212,12594.4,4.15529e+06,540.706,19541.5,5.77807,130000
58.4,-0.000260406,1.01374e+06,0.144837,-0.00631661,993597,80.1529,740553,2049.31,280880,0.0992236,12570.1,4.14799e+06,536.935,19406.4,5.77729,130000
58.5,-0.000260406,1.01374e+06,0.144259,-0.00631661,993595,79.8327,740553,2044.73,280880,0.0988275,12545.8,4.14073e+06,533.191,19272.3,5.77652,130000
58.6,-0.000260406,1.01374e+06,0.143683,-0.00631661,993592,79.5138,740553,2040.15,280880,0.0984331,12521.7,4.13348e+06,529.472,19139.1,5.77575,130000
58.7,-0.000260406,1.01374e+06,0.143109,-0.00631661,993589,79.1961,740553,2035.58,280881,0.0980402,12497.7,4.12626e+06,525.78,19006.9,5.77499,130000
58.8,-0.000260406,1.01374e+06,0.142538,-0.00631661,993586,78.8797,740553,2031.02,280881,0.0976489,12473.7,4.11907e+06,522.113,18875.5,5.77423,130000
58.9,-0.000260406,1.01374e+06,0.141969,-0.00631661,993584,78.5646,740553,2026.46,280881,0.0972591,12449.8,4.1119e+06,518.472,18745.1,5.77346,130000
59,-0.000260406,1.01374e+06,0.141402,-0.00631661,993581,78.2507,740553,2021.91,280881,0.0968709,12425.9,4.10475e+06,514.856,18615.6,5.77271,130000
59.1,-0.000260406,1.01374e+06,0.140838,-0.00631661,993579,77.9381,740553,2017.37,280881,0.0964842,12402.2,4.09763e+06,511.266,18487,5.77195,130000
59.2,-0.000260406,1.01374e+06,0.140275,-0.00631661,993576,77.6267,740553,2012.84,280881,0.0960991,12378.5,4.09054e+06,507.7,18359.2,5.7712,130000
59.3,-0.000260406,1.01374e+06,0.139715,-0.00631661,993573,77.3166,740553,2008.31,280881,0.0957155,12354.9,4.08346e+06,504.159,18232.4,5.77045,130000
59.4,-0.000260406,1.01374e+06,0.139158,-0.00631661,993571,77.0077,740553,2003.79,280882,0.0953335,12331.4,4.07641e+06,500.644,18106.5,5.7697,130000
59.5,-0.000260406,1.01374e+06,0.138602,-0.00631661,993568,76.7001,740553,1999.28,280882,0.094953,12308,4.06939e+06,497.152,17981.4,5.76895,130000
59.6,-0.000260406,1.01374e+06,0.138049,-0.00631661,993566,76.3937,740553,1994.78,280882,0.094574,12284.7,4.06238e+06,493.685,17857.2,5.76821,130000
59.7,-0.000260406,1.01374e+06,0.137498,-0.00631661,993563,76.0885,740553,1990.28,280882,0.0941965,12261.5,4.0554e+06,490.242,17733.8,5.76747,130000
59.8,-0.000260406,1.01374e+06,0.136949,-0.00631661,993560,75.7845,740553,1985.79,280882,0.0938205,12238.3,4.04845e+06,486.823,17611.4,5.76673,130000
59.9,-0.000260406,1.01374e+06,0.136402,-0.00631661,993558,75.4818,740553,1981.31,280882,0.093446,12215.3,4.04151e+06,483.428,17489.7,5.76599,130000
60,-0.000260406,1.01374e+06,0.135858,-0.00631661,993555,75.1802,740553,1976.84,280882,0.093073,12192.3,4.0346e+06,480.057,17369,5.76526,130000
60.1,-0.000260406,1.01374e+06,0.135315,-0.00631661,993553,74.8799,740553,1972.37,280883,0.0927015,12169.5,4.02772e+06,476.709,17249,5.76453,130000
60.2,-0.000260406,1.01374e+06,0.134775,-0.00631661,993550,74.5808,740553,1967.91,280883,0.0923315,12146.7,4.02085e+06,473.385,17129.9,5.7638,130000
60.3,-0.000260406,1.01374e+06,0.134237,-0.00631661,993548,74.2828,740553,1963.46,280883,0.091963,12124,4.01401e+06,470.083,17011.6,5.76307,130000
60.4,-0.000260406,1.01374e+06,0.133701,-0.00631661,993545,73.9861,740553,1959.01,280883,0.0915959,12101.4,4.00719e+06,466.805,16894.2,5.76235,130000
60.5,-0.000260406,1.01374e+06,0.133167,-0.00631661,993543,73.6905,740553,1954.58,280883,0.0912303,12078.9,4.0004e+06,463.55,16777.5,5.76163,130000
60.6,-0.000260406,1.01374e+06,0.132636,-0.00631661,993540,73.3961,740553,1950.15,280883,0.0908661,12056.5,3.99362e+06,460.317,16661.7,5.76091,130000
60.7,-0.000260406,1.01374e+06,0.132106,-0.00631661,993538,73.1029,740553,1945.72,280883,0.0905034,12034.2,3.98687e+06,457.107,16546.7,5.76019,130000
60.8,-0.000260406,1.01374e+06,0.131579,-0.00631661,993535,72.8109,740553,1941.31,280884,0.0901422,12012,3.98014e+06,453.919,16432.4,5.75948,130000
60.9,-0.000260406,1.01374e+06,0.131054,-0.00631661,993533,72.52,740553,1936.9,280884,0.0897824,11989.8,3.97343e+06,450.753,16319,5.75877,130000
61,-0.000260406,1.01374e+06,0.130531,-0.00631661,993530,72.2303,740553,1932.5,280884,0.089424,11967.8,3.96675e+06,447.61,16206.4,5.75806,130000
61.1,-0.000260406,1.01374e+06,0.130009,-0.00631661,993528,71.9418,740553,1928.11,280884,0.0890671,11945.8,3.96008e+06,444.488,16094.5,5.75735,130000
61.2,-0.000260406,1.01374e+06,0.12949,-0.00631661,993526,71.6544,740553,1923.72,280884,0.0887116,11923.9,3.95344e+06,441.389,15983.4,5.75664,130000
61.3,-0.000260406,1.01374e+06,0.128974,-0.00631661,993523,71.3682,740553,1919.35,280884,0.0883575,11902.1,3.94682e+06,438.311,15873.1,5.75594,130000
61.4,-0.000260406,1.01374e+06,0.128459,-0.00631661,993521,71.0831,740553,1914.97,280884,0.0880048,11880.3,3.94022e+06,435.254,15763.6,5.75524,130000
61.5,-0.000260406,1.01374e+06,0.127946,-0.00631661,993518,70.7991,740553,1910.61,280885,0.0876535,11858.6,3.93364e+06,432.219,15654.8,5.75454,130000
61.6,-0.000260406,1.01374e+06,0.127435,-0.00631661,993516,70.5163,740553,1906.26,280885,0.0873037,11837,3.92709e+06,429.204,15546.8,5.75384,130000
61.7,-0.000260406,1.01374e+06,0.126926,-0.00631661,993514,70.2346,740553,1901.91,280885,0.0869552,11815.5,3.92055e+06,426.211,15439.5,5.75315,130000
61.8,-0.000260406,1.01374e+06,0.12642,-0.00631661,993511,69.954,740553,1897.57,280885,0.0866081,11794.1,3.91404e+06,423.239,15333,5.75246,130000
61.9,-0.000260406,1.01374e+06,0.125915,-0.00631661,993509,69.6746,740553,1893.24,280885,0.0862624,11772.8,3.90754e+06,420.287,15227.2,5.75177,130000
62,-0.000260406,1.01374e+06,0.125412,-0.00631661,993507,69.3963,740553,1888.91,280885,0.0859181,11751.5,3.90107e+06,417.356,15122.2,5.75108,130000
62.1,-0.000260406,1.01374e+06,0.124912,-0.00631661,993504,69.119,740553,1884.59,280885,0.0855751,11730.3,3.89462e+06,414.446,15017.9,5.7504,130000
62.2,-0.000260406,1.01374e+06,0.124413,-0.00631661,993502,68.8429,740553,1880.28,280885,0.0852336,11709.2,3.88819e+06,411.556,14914.3,5.74972,130000
62.3,-0.000260406,1.01374e+06,0.123916,-0.00631661,993500,68.5679,740553,1875.98,280886,0.0848934,11688.1,3.88178e+06,408.686,14811.4,5.74904,130000
62.4,-0.000260406,1.01374e+06,0.123422,-0.00631661,993497,68.294,740553,1871.68,280886,0.0845545,11667.2,3.87539e+06,405.836,14709.3,5.74836,130000
62.5,-0.000260406,1.01374e+06,0.122929,-0.00631661,993495,68.0212,740553,1867.39,280886,0.084217,11646.3,3.86902e+06,403.005,14607.8,5.74768,130000
62.6,-0.000260406,1.01374e+06,0.122438,-0.00631661,993493,67.7495,740554,1863.11,280886,0.0838808,11625.5,3.86267e+06,400.195,14507.1,5.74701,130000
62.7,-0.000260406,1.01374e+06,0.12195,-0.00631661,993491,67.4789,740554,1858.84,280886,0.083546,11604.8,3.85634e+06,397.404,14407.1,5.74634,130000
62.8,-0.000260406,1.01374e+06,0.121463,-0.00631661,993488,67.2093,740554,1854.57,280886,0.0832126,11584.1,3.85003e+06,394.633,14307.7,5.74567,130000
62.9,-0.000260406,1.01374e+06,0.120978,-0.00631661,993486,66.9409,740554,1850.31,280886,0.0828804,11563.5,3.84375e+06,391.881,14209.1,5.745,130000
63,-0.000260406,1.01374e+06,0.120495,-0.00631661,993484,66.6735,740554,1846.06,280886,0.0825496,11543,3.83748e+06,389.148,14111.1,5.74433,130000
63.1,-0.000260406,1.01374e+06,0.120014,-0.00631661,993482,66.4071,740554,1841.82,280887,0.0822201,11522.5,3.83123e+06,386.434,14013.8,5.74367,130000
63.2,-0.000260406,1.01374e+06,0.119535,-0.00631661,993479,66.1419,740554,1837.58,280887,0.0818919,11502.2,3.825e+06,383.739,13917.2,5.74301,130000
63.3,-0.000260406,1.01374e+06,0.119058,-0.00631661,993477,65.8777,740554,1833.35,280887,0.081565,11481.9,3.81879e+06,381.063,13821.3,5.74235,130000
63.4,-0.000260406,1.01374e+06,0.118582,-0.00631661,993475,65.6145,740554,1829.13,280887,0.0812394,11461.6,3.8126e+06,378.406,13726,5.7417,130000
63.5,-0.000260406,1.01374e+06,0.118109,-0.00631661,993473,65.3524,740554,1824.92,280887,0.0809152,11441.5,3.80643e+06,375.767,13631.4,5.74104,130000
63.6,-0.000260407,1.01374e+06,0.117637,-0.00631661,993471,65.0914,740554,1820.71,280887,0.0805922,11421.4,3.80028e+06,373.147,13537.5,5.74039,130000
63.7,-0.000260407,1.01374e+06,0.117168,-0.00631661,993469,64.8314,740554,1816.51,280887,0.0802705,11401.4,3.79414e+06,370.545,13444.2,5.73974,130000
63.8,-0.000260407,1.01374e+06,0.1167,-0.00631661,993466,64.5724,740554,1812.32,280887,0.0799501,11381.5,3.78803e+06,367.961,13351.5,5.73909,130000
63.9,-0.000260407,1.01374e+06,0.116234,-0.00631661,993464,64.3145,740554,1808.14,280888,0.079631,11361.7,3.78194e+06,365.395,13259.5,5.73845,130000
64,-0.000260407,1.01374e+06,0.11577,-0.00631661,993462,64.0576,740554,1803.96,280888,0.0793131,11341.9,3.77586e+06,362.847,13168.2,5.7378,130000
64.1,-0.000260407,1.01374e+06,0.115308,-0.00631661,993460,63.8017,740554,1799.79,280888,0.0789965,11322.2,3.76981e+06,360.316,13077.4,5.73716,130000
64.2,-0.000260407,1.01374e+06,0.114848,-0.00631661,993458,63.5468,740554,1795.63,280888,0.0786812,11302.5,3.76377e+06,357.804,12987.4,5.73652,130000
64.3,-0.000260407,1.01374e+06,0.114389,-0.00631661,993456,63.293,740554,1791.48,280888,0.0783672,11282.9,3.75775e+06,355.309,12897.9,5.73589,130000
64.4,-0.000260407,1.01374e+06,0.113933,-0.00631661,993454,63.0402,740554,1787.33,280888,0.0780544,11263.4,3.75175e+06,352.831,12809,5.73525,130000
64.5,-0.000260407,1.01374e+06,0.113478,-0.00631661,993451,62.7884,740554,1783.19,280888,0.0777428,11243.9,3.74577e+06,350.37,12720.8,5.73462,130000
64.6,-0.000260407,1.01374e+06,0.113025,-0.00631661,993449,62.5376,740554,1779.06,280888,0.0774325,11224.5,3.73981e+06,347.927,12633.2,5.73399,130000
64.7,-0.000260407,1.01374e+06,0.112574,-0.00631661,993447,62.2878,740554,1774.93,280889,0.0771234,11205.2,3.73386e+06,345.501,12546.2,5.73336,130000
64.8,-0.000260407,1.01374e+06,0.112124,-0.00631661,993445,62.039,740554,1770.82,280889,0.0768156,11185.9,3.72794e+06,343.092,12459.8,5.73273,130000
64.9,-0.000260407,1.01374e+06,0.111677,-0.00631661,993443,61.7912,740554,1766.71,280889,0.0765089,11166.7,3.72203e+06,340.699,12374,5.73211,130000
65,-0.000260407,1.01374e+06,0.111231,-0.00631661,993441,61.5444,740554,1762.61,280889,0.0762036,11147.5,3.71614e+06,338.323,12288.8,5.73148,130000
65.1,-0.000260407,1.01374e+06,0.110787,-0.00631661,993439,61.2985,740554,1758.51,280889,0.0758994,11128.4,3.71027e+06,335.964,12204.2,5.73086,130000
65.2,-0.000260407,1.01374e+06,0.110345,-0.00631661,993437,61.0537,740554,1754.42,280889,0.0755964,11109.3,3.70442e+06,333.621,12120.2,5.73024,130000
65.3,-0.000260407,1.01374e+06,0.109904,-0.00631661,993435,60.8098,740554,1750.34,280889,0.0752947,11090.3,3.69858e+06,331.295,12036.7,5.72963,130000
65.4,-0.000260407,1.01374e+06,0.109465,-0.00631661,993433,60.5669,740554,1746.27,280889,0.0749941,11071.4,3.69276e+06,328.984,11953.9,5.72901,130000
65.5,-0.000260407,1.01374e+06,0.109028,-0.00631661,993431,60.325,740554,1742.21,280890,0.0746948,11052.5,3.68696e+06,326.69,11871.6,5.7284,130000
65.6,-0.000260407,1.01374e+06,0.108593,-0.00631661,993429,60.084,740554,1738.15,280890,0.0743966,11033.6,3.68118e+06,324.412,11789.9,5.72779,130000
65.7,-0.000260407,1.01374e+06,0.10816,-0.00631661,993427,59.844,740554,1734.1,280890,0.0740997,11014.9,3.67541e+06,322.15,11708.8,5.72718,130000
65.8,-0.000260407,1.01374e+06,0.107728,-0.00631661,993425,59.605,740554,1730.06,280890,0.0738039,10996.2,3.66967e+06,319.903,11628.2,5.72657,130000
65.9,-0.000260407,1.01374e+06,0.107298,-0.00631661,993423,59.3669,740554,1726.02,280890,0.0735093,10977.6,3.66394e+06,317.673,11548.2,5.72597,130000
66,-0.000260407,1.01374e+06,0.106869,-0.00631661,993421,59.1298,740554,1721.99,280890,0.0732159,10959.1,3.65822e+06,315.457,11468.7,5.72537,130000
66.1,-0.000260407,1.01374e+06,0.106443,-0.00631661,993419,58.8936,740554,1717.97,280890,0.0729236,10940.6,3.65253e+06,313.258,11389.8,5.72476,130000
66.2,-0.000260407,1.01374e+06,0.106018,-0.00631661,993417,58.6584,740554,1713.96,280890,0.0726325,10922.1,3.64685e+06,311.073,11311.4,5.72417,130000
66.3,-0.000260407,1.01374e+06,0.105595,-0.00631661,993415,58.4241,740554,1709.95,280890,0.0723426,10903.7,3.64119e+06,308.904,11233.6,5.72357,130000
66.4,-0.000260407,1.01374e+06,0.105173,-0.00631661,993413,58.1907,740554,1705.95,280891,0.0720539,10885.4,3.63554e+06,306.75,11156.4,5.72297,130000
66.5,-0.000260407,1.01374e+06,0.104753,-0.00631661,993411,57.9583,740554,1701.96,280891,0.0717663,10867.1,3.62991e+06,304.611,11079.6,5.72238,130000
66.6,-0.000260407,1.01374e+06,0.104335,-0.00631661,993409,57.7268,740554,1697.98,280891,0.0714798,10848.9,3.6243e+06,302.487,11003.4,5.72179,130000
66.7,-0.000260407,1.01374e+06,0.103919,-0.00631661,993408,57.4963,740554,1694,280891,0.0711945,10830.7,3.61871e+06,300.378,10927.7,5.7212,130000
66.8,-0.000260407,1.01374e+06,0.103504,-0.00631661,993406,57.2666,740554,1690.03,280891,0.0709103,10812.6,3.61313e+06,298.283,10852.6,5.72061,130000
66.9,-0.000260407,1.01374e+06,0.103091,-0.00631661,993404,57.0379,740554,1686.07,280891,0.0706272,10794.6,3.60757e+06,296.203,10778,5.72003,130000
67,-0.000260407,1.01374e+06,0.102679,-0.00631661,993402,56.8101,740554,1682.12,280891,0.0703453,10776.6,3.60203e+06,294.138,10703.9,5.71944,130000
67.1,-0.000260407,1.01374e+06,0.102269,-0.00631661,993400,56.5831,740554,1678.17,280891,0.0700645,10758.6,3.5965e+06,292.086,10630.3,5.71886,130000
67.2,-0.000260407,1.01374e+06,0.101861,-0.00631661,993398,56.3571,740554,1674.23,280891,0.0697849,10740.7,3.59099e+06,290.05,10557.2,5.71828,130000
67.3,-0.000260407,1.01374e+06,0.101454,-0.00631661,993396,56.1321,740554,1670.3,280892,0.0695063,10722.9,3.5855e+06,288.027,10484.6,5.71771,130000
67.4,-0.000260407,1.01374e+06,0.101049,-0.00631661,993394,55.9079,740554,1666.38,280892,0.0692289,10705.1,3.58002e+06,286.019,10412.6,5.71713,130000
67.5,-0.000260407,1.01374e+06,0.100646,-0.00631661,993393,55.6846,740554,1662.46,280892,0.0689525,10687.4,3.57455e+06,284.024,10341,5.71656,130000
67.6,-0.000260407,1.01374e+06,0.100244,-0.00631661,993391,55.4621,740554,1658.55,280892,0.0686773,10669.7,3.56911e+06,282.044,10269.9,5.71598,130000
67.7,-0.000260407,1.01374e+06,0.0998439,-0.00631661,993389,55.2406,740554,1654.65,280892,0.0684032,10652.1,3.56368e+06,280.077,10199.4,5.71541,130000
67.8,-0.000260407,1.01374e+06,0.0994453,-0.00631661,993387,55.02,740554,1650.75,280892,0.0681301,10634.5,3.55826e+06,278.124,10129.3,5.71485,130000
67.9,-0.000260407,1.01374e+06,0.0990483,-0.00631661,993385,54.8002,740554,1646.86,280892,0.0678582,10617,3.55287e+06,276.184,10059.7,5.71428,130000
68,-0.000260407,1.01374e+06,0.0986529,-0.00631661,993384,54.5814,740554,1642.98,280892,0.0675873,10599.5,3.54748e+06,274.258,9990.56,5.71371,130000
68.1,-0.000260407,1.01374e+06,0.0982591,-0.00631661,993382,54.3634,740554,1639.11,280892,0.0673175,10582.1,3.54212e+06,272.346,9921.93,5.71315,130000
68.2,-0.000260407,1.01374e+06,0.0978668,-0.00631661,993380,54.1462,740554,1635.24,280892,0.0670488,10564.7,3.53677e+06,270.447,9853.78,5.71259,130000
68.3,-0.000260407,1.01374e+06,0.0974762,-0.00631661,993378,53.93,740554,1631.38,280893,0.0667812,10547.4,3.53143e+06,268.561,9786.1,5.71203,130000
68.4,-0.000260407,1.01374e+06,0.097087,-0.00631661,993376,53.7146,740554,1627.53,280893,0.0665146,10530.2,3.52611e+06,266.688,9718.88,5.71147,130000
68.5,-0.000260407,1.01374e+06,0.0966995,-0.00631661,993375,53.5,740554,1623.69,280893,0.0662491,10513,3.52081e+06,264.829,9652.14,5.71092,130000
68.6,-0.000260407,1.01374e+06,0.0963134,-0.00631661,993373,53.2863,740554,1619.85,280893,0.0659847,10495.8,3.51552e+06,262.982,9585.86,5.71036,130000
68.7,-0.000260407,1.01374e+06,0.095929,-0.00631661,993371,53.0735,740554,1616.02,280893,0.0657213,10478.7,3.51024e+06,261.148,9520.04,5.70981,130000
68.8,-0.000260407,1.01374e+06,0.095546,-0.00631661,993369,52.8615,740554,1612.2,280893,0.065459,10461.6,3.50498e+06,259.327,9454.68,5.70926,130000
68.9,-0.000260407,1.01374e+06,0.0951646,-0.00631661,993368,52.6504,740554,1608.39,280893,0.0651977,10444.6,3.49974e+06,257.519,9389.77,5.70871,130000
69,-0.000260407,1.01374e+06,0.0947847,-0.00631661,993366,52.4401,740554,1604.58,280893,0.0649374,10427.7,3.49451e+06,255.723,9325.32,5.70817,130000
69.1,-0.000260407,1.01374e+06,0.0944063,-0.00631661,993364,52.2307,740554,1600.78,280893,0.0646782,10410.8,3.4893e+06,253.94,9261.31,5.70762,130000
69.2,-0.000260407,1.01374e+06,0.0940294,-0.00631661,993362,52.0221,740554,1596.99,280893,0.06442,10394,3.4841e+06,252.169,9197.74,5.70708,130000
69.3,-0.000260407,1.01374e+06,0.0936541,-0.00631661,993361,51.8143,740554,1593.2,280894,0.0641629,10377.2,3.47892e+06,250.411,9134.62,5.70654,130000
69.4,-0.000260407,1.01374e+06,0.0932802,-0.00631661,993359,51.6074,740554,1589.42,280894,0.0639068,10360.4,3.47375e+06,248.664,9071.94,5.706,130000
69.5,-0.000260407,1.01374e+06,0.0929078,-0.00631661,993357,51.4013,740554,1585.65,280894,0.0636517,10343.8,3.4686e+06,246.93,9009.69,5.70546,130000
69.6,-0.000260407,1.01374e+06,0.0925369,-0.00631661,993356,51.196,740554,1581.89,280894,0.0633976,10327.1,3.46346e+06,245.209,8947.87,5.70493,130000
69.7,-0.000260407,1.01374e+06,0.0921675,-0.00631661,993354,50.9915,740554,1578.13,280894,0.0631446,10310.6,3.45834e+06,243.499,8886.48,5.70439,130000
69.8,-0.000260407,1.01374e+06,0.0917996,-0.00631661,993352,50.7878,740554,1574.38,280894,0.0628925,10294.1,3.45323e+06,241.801,8825.52,5.70386,130000
69.9,-0.000260407,1.01374e+06,0.0914331,-0.00631661,993351,50.585,740554,1570.64,280894,0.0626415,10277.6,3.44813e+06,240.115,8764.99,5.70333,130000
70,-0.000260407,1.01374e+06,0.0910681,-0.00631661,993349,50.383,740554,1566.9,280894,0.0623914,10261.2,3.44305e+06,238.44,8704.87,5.7028,130000
