Time,V,Ap,ApM,I,ThN,ThE,TkN,TkE,B,Ps,Pl,Bm,IgM,IgG,C,NK
0,61,1e+06,0,0,1e+06,0,500000,0,250000,0,0,0,0,0,0,130000
0.1,68.2262,1.92751e+06,3.11755,0.580611,999995,4.59361,558796,3.03556,223945,0.21369,0.182115,0.0367558,0.000669958,4.76443e-06,4.15012,174108
0.2,76.2796,2.81974e+06,5.51859,0.769001,999983,16.3131,615349,16.1496,205728,0.664733,1.2166,0.247876,0.00436733,6.51083e-05,6.81474,274399
0.3,85.2502,3.40743e+06,7.29817,0.815786,999965,33.332,652592,45.3635,192994,1.20379,3.56229,0.732836,0.0124172,0.000290805,9.3902,384960
0.4,95.2368,3.67641e+06,8.25089,0.806435,999943,53.3626,669633,91.4847,184095,1.72185,7.43372,1.54457,0.025062,0.000823888,11.5696,492721
0.5,106.349,3.7686e+06,8.61785,0.780778,999920,74.2784,675471,150.617,177880,2.15376,12.8466,2.697,0.0417622,0.00181642,13.3805,593300
0.6,118.706,3.79383e+06,8.72565,0.761864,999896,94.9182,677068,218.992,173545,2.48653,19.7088,4.18217,0.0616558,0.00341469,14.9632,686782
0.7,132.437,3.79954e+06,8.75133,0.755418,999871,114.865,677429,294.62,170527,2.73421,27.9007,5.98585,0.0839127,0.00575291,16.4234,774973
0.8,147.681,3.80064e+06,8.75702,0.759845,999847,134.026,677498,376.662,168432,2.91658,37.3091,8.09428,0.107865,0.00895266,17.8145,859494
0.9,164.589,3.80081e+06,8.75859,0.773117,999822,152.405,677509,464.75,166985,3.05071,47.8336,10.4955,0.133014,0.0131239,19.1633,941551
1,183.327,3.80087e+06,8.75962,0.793294,999798,170.029,677513,558.687,165993,3.14973,59.3838,13.1788,0.15899,0.0183667,20.4852,1.02198e+06
1.1,204.07,3.80089e+06,8.76038,0.819569,999774,186.929,677514,658.351,165320,3.22316,71.8764,16.1345,0.185524,0.0247717,21.7897,1.10135e+06
1.2,227.011,3.80089e+06,8.76098,0.851284,999749,203.134,677515,763.658,164875,3.27788,85.2337,19.3533,0.212424,0.0324206,23.083,1.18004e+06
1.3,252.356,3.80089e+06,8.7615,0.887217,999725,218.672,677515,874.547,164592,3.3189,99.3817,22.8261,0.239548,0.0413873,24.3696,1.25832e+06
1.4,280.325,3.80089e+06,8.76196,0.92819,999700,233.57,677515,990.974,164425,3.34988,114.25,26.5443,0.266792,0.0517378,25.6517,1.33632e+06
1.5,311.157,3.80089e+06,8.76236,0.973719,999676,247.855,677515,1112.9,164344,3.37349,129.773,30.4992,0.294081,0.063531,26.9311,1.41415e+06
1.6,345.103,3.80089e+06,8.7627,1.02387,999651,261.552,677515,1240.3,164326,3.3917,145.885,34.6824,0.321359,0.0768187,28.2081,1.49182e+06
1.7,382.434,3.80088e+06,8.76299,1.07909,999627,274.686,677515,1373.13,164357,3.40596,162.528,39.0858,0.348587,0.0916464,29.4831,1.56937e+06
1.8,423.434,3.80088e+06,8.76325,1.13894,999603,287.278,677515,1511.36,164426,3.41733,179.644,43.7015,0.375735,0.108053,30.7538,1.64665e+06
1.9,468.406,3.80088e+06,8.76359,1.20274,999578,299.351,677515,1654.95,164527,3.4266,197.18,48.522,0.402782,0.126073,32.0191,1.72359e+06
2,517.67,3.80088e+06,8.7635,1.27363,999554,310.927,677515,1803.85,164655,3.43439,215.086,53.54,0.429715,0.145733,33.2765,1.80005e+06
2.1,571.56,3.80088e+06,8.7638,1.34962,999529,322.026,677515,1957.97,164809,3.44111,233.315,58.7486,0.456522,0.167056,34.5235,1.87585e+06
2.2,630.432,3.80087e+06,8.76397,1.43167,999505,332.668,677515,2117.25,164987,3.44715,251.824,64.141,0.483197,0.190062,35.7572,1.95083e+06
2.3,694.7,3.80087e+06,8.76406,1.5203,999481,342.873,677515,2281.57,165188,3.45277,270.567,69.7104,0.509736,0.214766,36.9734,2.02475e+06
2.4,764.709,3.80087e+06,8.76414,1.61586,999456,352.658,677515,2450.82,165413,3.45815,289.513,75.4515,0.536138,0.241175,38.1687,2.09737e+06
2.5,840.867,3.80086e+06,8.76419,1.71884,999432,362.04,677515,2624.87,165662,3.46345,308.626,81.3586,0.562402,0.269296,39.3387,2.16845e+06
2.6,923.523,3.80086e+06,8.76422,1.8297,999407,371.034,677515,2803.58,165937,3.46878,327.879,87.4274,0.58853,0.299131,40.4797,2.23775e+06
2.7,1013.09,3.80086e+06,8.76423,1.94901,999383,379.655,677515,2986.77,166238,3.47427,347.244,93.6528,0.614521,0.330683,41.5872,2.30499e+06
2.8,1110.01,3.80085e+06,8.7642,2.07736,999359,387.92,677515,3174.24,166567,3.48001,366.694,100.03,0.64038,0.363948,42.6563,2.36989e+06
2.9,1214.71,3.80085e+06,8.76422,2.21556,999334,395.843,677515,3365.76,166927,3.48608,386.205,106.555,0.66611,0.398922,43.6827,2.43216e+06
3,1327.63,3.80084e+06,8.76399,2.36424,999310,403.439,677515,3561.09,167319,3.49255,405.754,113.224,0.691715,0.435598,44.6616,2.49154e+06
3.1,1449.21,3.80084e+06,8.7643,2.52419,999285,410.721,677515,3759.98,167744,3.49951,425.324,120.033,0.717199,0.473968,45.5892,2.54778e+06
3.2,1579.89,3.80083e+06,8.76805,2.69679,999261,417.709,677515,3962.16,168206,3.50718,444.899,126.98,0.742569,0.514022,46.4638,2.60068e+06
3.3,1720.1,3.80083e+06,8.76464,2.8817,999237,424.405,677515,4167.29,168706,3.5153,464.465,134.061,0.76783,0.555746,47.2768,2.65001e+06
3.4,1870.28,3.80082e+06,8.76259,3.08064,999212,430.822,677515,4375.03,169247,3.52396,484.011,141.273,0.792987,0.599128,48.0296,2.69562e+06
3.5,2030.84,3.80081e+06,8.76244,3.29472,999188,436.971,677515,4585.07,169832,3.53321,503.527,148.616,0.818047,0.644154,48.7204,2.7374e+06
3.6,2202.18,3.80081e+06,8.76107,3.52458,999163,442.863,677515,4797.06,170463,3.54315,523.004,156.087,0.843015,0.69081,49.3473,2.77531e+06
3.7,2384.72,3.8008e+06,8.76813,3.77111,999139,448.521,677515,5010.76,171142,3.55425,542.439,163.684,0.8679,0.739078,49.9141,2.80934e+06
3.8,2578.83,3.80079e+06,8.76194,4.03552,999115,453.942,677515,5225.73,171873,3.56609,561.826,171.407,0.892711,0.788945,50.4125,2.83954e+06
3.9,2784.88,3.80078e+06,8.76301,4.31841,999090,459.136,677515,5441.62,172658,3.57871,581.165,179.255,0.917455,0.840393,50.8529,2.86601e+06
4,3003.23,3.80077e+06,8.76265,4.6208,999066,464.116,677515,5658.08,173501,3.59232,600.454,187.227,0.942141,0.893405,51.2349,2.88897e+06
4.1,3234.2,3.80076e+06,8.76239,4.94341,999042,468.89,677515,5874.82,174405,3.60698,619.695,195.324,0.966777,0.947966,51.5625,2.9086e+06
4.2,3478.04,3.80075e+06,8.76213,5.2869,999017,473.466,677515,6091.55,175372,3.62272,638.892,203.545,0.991374,1.00406,51.8395,2.92516e+06
4.3,3735.02,3.80074e+06,8.76133,5.65185,998993,477.851,677515,6308,176406,3.63959,658.049,211.891,1.01594,1.06168,52.0703,2.93891e+06
4.4,4005.37,3.80073e+06,8.76108,6.03865,998968,482.054,677515,6523.87,177511,3.65768,677.171,220.364,1.04049,1.1208,52.2605,2.95018e+06
4.5,4289.28,3.80071e+06,8.76081,6.44784,998944,486.082,677515,6738.96,178689,3.67705,696.265,228.964,1.06503,1.18141,52.4152,2.95929e+06
4.6,4586.91,3.8007e+06,8.76163,6.87923,998920,489.944,677515,6953.04,179945,3.69781,715.341,237.692,1.08957,1.2435,52.5395,2.96653e+06
4.7,4898.38,3.80069e+06,8.76036,7.33332,998895,493.645,677515,7165.89,181282,3.71998,734.408,246.552,1.11412,1.30706,52.6377,2.97223e+06
4.8,5223.76,3.80067e+06,8.76006,7.80985,998871,497.192,677515,7377.34,182704,3.74362,753.478,255.544,1.13871,1.37208,52.7155,2.97667e+06
4.9,5563.1,3.80066e+06,8.7597,8.3087,998847,500.591,677515,7587.22,184214,3.76882,772.562,264.672,1.16333,1.43854,52.7766,2.9801e+06
5,5916.4,3.80064e+06,8.75903,8.82964,998822,503.848,677515,7795.39,185818,3.79564,791.676,273.938,1.18801,1.50644,52.8247,2.98275e+06
5.1,6283.59,3.80062e+06,8.75879,9.37235,998798,506.969,677515,8001.71,187518,3.82419,810.833,283.346,1.21275,1.57578,52.8631,2.98479e+06
5.2,6664.6,3.80061e+06,8.75887,9.93649,998774,509.96,677515,8206.06,189320,3.85454,830.051,292.9,1.23758,1.64655,52.8941,2.98639e+06
5.3,7059.27,3.80059e+06,8.75874,10.5216,998749,512.828,677515,8408.36,191229,3.88681,849.345,302.602,1.2625,1.71874,52.9194,2.98764e+06
5.4,7467.41,3.80057e+06,8.75764,11.1275,998725,515.574,677515,8608.45,193247,3.92102,868.736,312.458,1.28755,1.79235,52.9403,2.98866e+06
5.5,7888.79,3.80055e+06,8.75629,11.7533,998700,518.204,677515,8806.24,195381,3.95722,888.242,322.472,1.31272,1.86739,52.9581,2.9895e+06
5.6,8323.14,3.80053e+06,8.7563,12.3987,998676,520.723,677515,9001.63,197636,3.99554,907.884,332.648,1.33804,1.94386,52.9742,2.99021e+06
5.7,8770.11,3.80051e+06,8.75564,13.0631,998652,523.137,677515,9194.55,200016,4.03614,927.685,342.994,1.36352,2.02176,52.9885,2.99082e+06
5.8,9229.34,3.80049e+06,8.75522,13.746,998627,525.449,677515,9384.89,202527,4.07908,947.666,353.514,1.38919,2.1011,53.0016,2.99137e+06
5.9,9700.42,3.80046e+06,8.75474,14.4465,998603,527.664,677515,9572.58,205174,4.12446,967.852,364.213,1.41506,2.18188,53.0137,2.99185e+06
6,10182.9,3.80044e+06,8.75389,15.1641,998579,529.785,677515,9757.5,207963,4.17238,988.269,375.1,1.44116,2.26413,53.0248,2.99229e+06
6.1,10676.2,3.80042e+06,8.75341,15.898,998554,531.817,677515,9939.6,210900,4.22296,1008.94,386.181,1.4675,2.34785,53.0354,2.99269e+06
6.2,11179.9,3.8004e+06,8.75341,16.6473,998530,533.764,677515,10118.8,213990,4.27631,1029.9,397.463,1.49411,2.43306,53.0455,2.99305e+06
6.3,11693.4,3.80037e+06,8.75065,17.4113,998506,535.625,677515,10294.9,217241,4.33247,1051.17,408.954,1.52101,2.51978,53.0539,2.99338e+06
6.4,12216.1,3.80035e+06,8.75188,18.189,998481,537.409,677515,10468,220659,4.3917,1072.78,420.662,1.54822,2.60803,53.0635,2.99369e+06
6.5,12747.3,3.80032e+06,8.75128,18.9794,998457,539.118,677515,10637.9,224251,4.45404,1094.76,432.596,1.57576,2.69784,53.0718,2.99398e+06
6.6,13286.5,3.8003e+06,8.75019,19.7817,998433,540.754,677515,10804.6,228024,4.51966,1117.15,444.765,1.60368,2.78924,53.0796,2.99424e+06
6.7,13832.9,3.80027e+06,8.74963,20.5947,998408,542.32,677515,10968,231985,4.58866,1139.98,457.178,1.63197,2.88225,53.0871,2.99448e+06
6.8,14385.8,3.80025e+06,8.74887,21.4175,998384,543.819,677515,11128.1,236142,4.66117,1163.28,469.846,1.66069,2.97691,53.0942,2.99471e+06
6.9,14944.4,3.80022e+06,8.74816,22.2488,998360,545.254,677515,11284.7,240504,4.73738,1187.09,482.781,1.68986,3.07326,53.101,2.99492e+06
7,15508.1,3.80019e+06,8.74745,23.0876,998336,546.628,677515,11437.8,245078,4.81742,1211.45,495.993,1.7195,3.17135,53.1074,2.99512e+06
7.1,16076.2,3.80017e+06,8.74689,23.9329,998311,547.942,677515,11587.4,249873,4.90145,1236.4,509.492,1.74964,3.27121,53.1137,2.9953e+06
7.2,16648,3.80014e+06,8.7459,24.7837,998287,549.2,677515,11733.4,254898,4.9896,1261.97,523.292,1.78033,3.37289,53.1194,2.99547e+06
7.3,17222.7,3.80011e+06,8.74531,25.6389,998263,550.403,677515,11875.8,260162,5.08207,1288.2,537.404,1.81158,3.47644,53.1251,2.99563e+06
7.4,17799.5,3.80009e+06,8.74458,26.4972,998238,551.555,677515,12014.5,265676,5.17905,1315.15,551.844,1.84344,3.58193,53.1304,2.99578e+06
7.5,18377.8,3.80006e+06,8.74401,27.3577,998214,552.656,677515,12149.6,271449,5.2807,1342.84,566.623,1.87593,3.68941,53.1356,2.99592e+06
7.6,18956.9,3.80003e+06,8.74327,28.2193,998190,553.71,677515,12280.9,277492,5.38721,1371.34,581.757,1.90911,3.79893,53.1404,2.99605e+06
7.7,19536,3.80001e+06,8.74246,29.081,998165,554.717,677515,12408.5,283817,5.49877,1400.67,597.26,1.94299,3.91057,53.1451,2.99617e+06
7.8,20114.6,3.79998e+06,8.74245,29.9417,998141,555.681,677515,12532.4,290435,5.61564,1430.91,613.149,1.97763,4.02441,53.1498,2.99628e+06
7.9,20691.8,3.79995e+06,8.73912,30.8005,998117,556.599,677515,12652.5,297358,5.7379,1462.08,629.439,2.01307,4.1405,53.153,2.99639e+06
8,21267.1,3.79993e+06,8.73989,31.6562,998093,557.479,677515,12768.8,304602,5.86597,1494.26,646.151,2.04934,4.25896,53.1576,2.99649e+06
8.1,21839.7,3.7999e+06,8.73997,32.508,998068,558.321,677515,12881.4,312178,6.00003,1527.49,663.301,2.08651,4.37985,53.1618,2.99659e+06
8.2,22409.2,3.79987e+06,8.73912,33.3551,998044,559.126,677515,12990.2,320099,6.1403,1561.84,680.907,2.1246,4.50326,53.1655,2.99668e+06
8.3,22974.9,3.79985e+06,8.73846,34.1964,998020,559.895,677515,13095.3,328382,6.28705,1597.35,698.989,2.16366,4.62929,53.169,2.99676e+06
8.4,23536.2,3.79982e+06,8.73764,35.0311,997996,560.63,677515,13196.7,337040,6.44053,1634.09,717.569,2.20376,4.75804,53.1723,2.99684e+06
8.5,24092.5,3.79979e+06,8.73705,35.8584,997971,561.332,677515,13294.3,346090,6.60105,1672.13,736.667,2.24494,4.88963,53.1755,2.99692e+06
8.6,24643.3,3.79977e+06,8.73628,36.6775,997947,562.003,677515,13388.3,355550,6.76893,1711.54,756.309,2.28726,5.02416,53.1786,2.99699e+06
8.7,25188.2,3.79974e+06,8.73566,37.4876,997923,562.644,677515,13478.7,365437,6.94445,1752.39,776.517,2.33078,5.16176,53.1815,2.99705e+06
8.8,25726.6,3.79972e+06,8.73501,38.288,997899,563.257,677515,13565.4,375767,7.12793,1794.73,797.314,2.37554,5.30254,53.1843,2.99712e+06
8.9,26258.1,3.79969e+06,8.73429,39.078,997874,563.841,677515,13648.6,386560,7.3197,1838.66,818.726,2.42162,5.44664,53.1869,2.99718e+06
9,26782.2,3.79967e+06,8.73382,39.857,997850,564.399,677515,13728.3,397835,7.52012,1884.24,840.78,2.46908,5.59419,53.1894,2.99723e+06
9.1,27298.5,3.79964e+06,8.73285,40.6244,997826,564.931,677515,13804.5,409612,7.72956,1931.56,863.504,2.51799,5.74534,53.1917,2.99729e+06
9.2,27806.6,3.79962e+06,8.73271,41.3794,997802,565.44,677515,13877.3,421915,7.94843,1980.71,886.93,2.56841,5.90026,53.1941,2.99734e+06
9.3,28306.1,3.7996e+06,8.73163,42.1215,997777,565.925,677515,13946.7,434764,8.17711,2031.77,911.087,2.62043,6.0591,53.1961,2.99739e+06
9.4,28796.6,3.79957e+06,8.73127,42.8503,997753,566.388,677515,14012.8,448180,8.41597,2084.83,936.005,2.67411,6.22201,53.1982,2.99743e+06
9.5,29277.8,3.79955e+06,8.73107,43.5651,997729,566.831,677515,14075.7,462187,8.66545,2139.98,961.717,2.72953,6.38918,53.2003,2.99748e+06
9.6,29749.3,3.79953e+06,8.72851,44.2655,997705,567.249,677515,14135.4,476807,8.92606,2197.32,988.257,2.78678,6.56078,53.2013,2.99752e+06
9.7,30210.9,3.79951e+06,8.73388,44.9509,997680,567.659,677515,14192.1,492064,9.19787,2256.95,1015.66,2.84593,6.73702,53.2055,2.99755e+06
9.8,30662.2,3.79949e+06,8.72855,45.6211,997656,568.044,677515,14245.7,507981,9.48178,2318.95,1043.96,2.90706,6.91803,53.2051,2.99759e+06
9.9,31102.8,3.79947e+06,8.72838,46.2754,997632,568.409,677515,14296.4,524585,9.77818,2383.45,1073.19,2.97027,7.10409,53.2068,2.99763e+06
10,31532.4,3.79945e+06,8.72789,46.9131,997608,568.757,677515,14344.2,541909,10.0877,2450.59,1103.42,3.0357,7.29547,53.2082,2.99766e+06
10.1,31950.7,3.79943e+06,8.72737,47.534,997584,569.088,677515,14389.2,559970,10.4106,2520.48,1134.67,3.10342,7.49235,53.2095,2.99769e+06
10.2,32357.3,3.79941e+06,8.72688,48.1375,997559,569.404,677515,14431.5,578795,10.7476,2593.22,1167,3.17355,7.69502,53.2108,2.99772e+06
10.3,32751.9,3.79939e+06,8.72639,48.7232,997535,569.706,677515,14471.2,598405,11.099,2668.95,1200.44,3.24618,7.90369,53.212,2.99775e+06
10.4,33134.4,3.79937e+06,8.72593,49.2907,997511,569.992,677515,14508.4,618819,11.4652,2747.75,1235.03,3.32141,8.1186,53.2131,2.99777e+06
10.5,33504,3.79936e+06,8.72548,49.8392,997487,570.266,677515,14543.1,640068,11.8471,2829.83,1270.84,3.39941,8.34016,53.2141,2.9978e+06
10.6,33860.9,3.79934e+06,8.72504,50.3686,997462,570.526,677515,14575.5,662155,12.2446,2915.19,1307.88,3.4802,8.5684,53.2151,2.99782e+06
10.7,34204.6,3.79932e+06,8.72462,50.8783,997438,570.773,677515,14605.6,685102,12.6583,3004.01,1346.23,3.56395,8.80375,53.2159,2.99785e+06
10.8,34534.6,3.79931e+06,8.72421,51.3678,997414,571.009,677515,14633.6,708924,13.0888,3096.42,1385.91,3.65077,9.04647,53.2168,2.99787e+06
10.9,34850.7,3.79929e+06,8.72383,51.8366,997390,571.233,677515,14659.5,733632,13.5361,3192.49,1426.98,3.74074,9.29678,53.2175,2.99789e+06
11,35152.4,3.79928e+06,8.72346,52.284,997366,571.446,677515,14683.3,759229,14.0009,3292.4,1469.5,3.83405,9.55514,53.2182,2.9979e+06
11.1,35439.4,3.79926e+06,8.72311,52.7095,997342,571.649,677515,14705.3,785727,14.4834,3396.25,1513.51,3.9308,9.82181,53.2189,2.99792e+06
11.2,35711.2,3.79925e+06,8.72277,53.1125,997317,571.842,677515,14725.6,813115,14.9838,3504.16,1559.07,4.03111,10.0971,53.2195,2.99794e+06
11.3,35967.3,3.79924e+06,8.72246,53.4921,997293,572.025,677515,14744.1,841379,15.5022,3616.25,1606.22,4.13515,10.3815,53.22,2.99795e+06
11.4,36207.3,3.79923e+06,8.72217,53.8479,997269,572.2,677515,14761.1,870524,16.0389,3732.64,1655.03,4.24302,10.6753,53.2205,2.99797e+06
11.5,36430.6,3.79922e+06,8.7219,54.179,997245,572.366,677515,14776.7,900474,16.5933,3853.37,1705.54,4.35486,10.9788,53.221,2.99798e+06
11.6,36636.8,3.79921e+06,8.72164,54.4846,997221,572.524,677515,14790.8,931230,17.1657,3978.58,1757.79,4.47081,11.2924,53.2214,2.99799e+06
11.7,36825.3,3.7992e+06,8.7214,54.7641,997196,572.674,677515,14803.8,962734,17.7556,4108.3,1811.83,4.59099,11.6166,53.2218,2.998e+06
11.8,36995.6,3.79919e+06,8.7212,55.0165,997172,572.816,677515,14815.6,994888,18.362,4242.57,1867.69,4.7155,11.9516,53.2221,2.99801e+06
11.9,37147.1,3.79918e+06,8.72103,55.2411,997148,572.952,677515,14826.4,1.02767e+06,18.9849,4381.45,1925.43,4.84447,12.2979,53.2224,2.99802e+06
12,37279.1,3.79918e+06,8.72087,55.4369,997124,573.081,677515,14836.3,1.06091e+06,19.6223,4524.88,1985.06,4.978,12.6559,53.2227,2.99803e+06
12.1,37391,3.79917e+06,8.72072,55.6029,997100,573.204,677515,14845.4,1.09453e+06,20.2735,4672.85,2046.61,5.11617,13.0258,53.223,2.99803e+06
12.2,37482.3,3.79917e+06,8.72057,55.7385,997076,573.321,677515,14853.8,1.12842e+06,20.9373,4825.35,2110.1,5.25909,13.4082,53.2232,2.99804e+06
12.3,37552.3,3.79916e+06,8.72048,55.8424,997051,573.432,677515,14861.7,1.16233e+06,21.6104,4982.11,2175.53,5.40677,13.8033,53.2234,2.99804e+06
12.4,37600.3,3.79916e+06,8.72044,55.9139,997027,573.538,677515,14869.1,1.19616e+06,22.2918,5143.16,2242.92,5.55931,14.2114,53.2236,2.99805e+06
12.5,37625.6,3.79916e+06,8.72042,55.9518,997003,573.639,677515,14876.3,1.22968e+06,22.9783,5308.19,2312.23,5.71669,14.6329,53.2238,2.99805e+06
12.6,37627.6,3.79916e+06,8.72041,55.9552,996979,573.735,677515,14883.2,1.26267e+06,23.6665,5476.93,2383.44,5.87891,15.0681,53.2239,2.99805e+06
12.7,37605.6,3.79916e+06,8.72041,55.9232,996955,573.826,677515,14890.1,1.29494e+06,24.3544,5649.25,2456.56,6.04601,15.5173,53.2241,2.99805e+06
12.8,37559,3.79916e+06,8.72048,55.8548,996931,573.913,677515,14897.1,1.3261e+06,25.0357,5824.45,2531.45,6.21779,15.9806,53.2242,2.99805e+06
12.9,37487.1,3.79917e+06,8.72061,55.749,996906,573.997,677515,14904.2,1.35595e+06,25.708,6002.37,2608.12,6.39427,16.4582,53.2244,2.99804e+06
13,37389.3,3.79917e+06,8.72077,55.605,996882,574.076,677515,14911.7,1.38418e+06,26.3663,6182.45,2686.46,6.57529,16.9504,53.2246,2.99804e+06
13.1,37265.1,3.79918e+06,8.72089,55.4219,996858,574.152,677515,14919.6,1.41037e+06,27.0043,6363.94,2766.34,6.7606,17.457,53.2247,2.99803e+06
13.2,37113.9,3.79918e+06,8.72097,55.1989,996834,574.225,677515,14928.2,1.43428e+06,27.6182,6546.48,2847.69,6.95013,17.9784,53.2248,2.99802e+06
13.3,36935.2,3.79919e+06,8.72119,54.9353,996810,574.295,677515,14937.4,1.45549e+06,28.2,6729,2930.3,7.14341,18.5142,53.225,2.99802e+06
13.4,36728.7,3.7992e+06,8.72154,54.6305,996786,574.362,677515,14947.6,1.47367e+06,28.7444,6910.89,3014.05,7.34023,19.0643,53.2252,2.998e+06
13.5,36493.8,3.79921e+06,8.72198,54.2838,996761,574.427,677515,14958.7,1.48847e+06,29.2454,7091.37,3098.78,7.54029,19.6288,53.2254,2.99799e+06
13.6,36230.5,3.79922e+06,8.72224,53.8951,996737,574.489,677515,14970.9,1.49958e+06,29.6955,7269.18,3184.21,7.74295,20.207,53.2256,2.99798e+06
13.7,35938.3,3.79924e+06,8.72235,53.4638,996713,574.548,677515,14984.4,1.50663e+06,30.0889,7443.64,3270.2,7.94795,20.7989,53.2257,2.99796e+06
13.8,35617.4,3.79925e+06,8.72262,52.9899,996689,574.606,677515,14999.3,1.50942e+06,30.4185,7613.53,3356.46,8.15461,21.4037,53.2259,2.99795e+06
13.9,35267.8,3.79927e+06,8.72322,52.4735,996665,574.662,677515,15015.8,1.50767e+06,30.6774,7777.76,3442.74,8.36234,22.0208,53.2262,2.99793e+06
14,34889.2,3.79928e+06,8.7241,51.9143,996641,574.717,677515,15033.9,1.5011e+06,30.8593,7935.36,3528.84,8.57068,22.6499,53.2266,2.9979e+06
14.1,34482.5,3.7993e+06,8.72458,51.3135,996616,574.769,677515,15053.8,1.48981e+06,30.9618,8085.04,3614.39,8.77866,23.2897,53.2269,2.99788e+06
14.2,34047.6,3.79932e+06,8.72476,50.671,996592,574.82,677515,15075.6,1.4735e+06,30.9782,8225.77,3699.17,8.98579,23.9395,53.227,2.99786e+06
14.3,33585.1,3.79934e+06,8.72494,49.9875,996568,574.87,677515,15099.4,1.45226e+06,30.9047,8356.51,3782.89,9.19128,24.5985,53.2272,2.99783e+06
14.4,33095.9,3.79937e+06,8.72564,49.2645,996544,574.919,677515,15125.4,1.42629e+06,30.7387,8476.2,3865.26,9.39425,25.2651,53.2276,2.9978e+06
14.5,32580.3,3.79939e+06,8.7268,48.5022,996520,574.968,677515,15153.7,1.39544e+06,30.4749,8583.75,3946,9.59404,25.9388,53.2281,2.99776e+06
14.6,32039.2,3.79942e+06,8.72759,47.7023,996496,575.016,677515,15184.4,1.36016e+06,30.1165,8678.35,4024.86,9.7898,26.6178,53.2286,2.99773e+06
14.7,31473.8,3.79944e+06,8.72789,46.8662,996471,575.063,677515,15217.6,1.32072e+06,29.6638,8759.14,4101.58,9.98071,27.301,53.2288,2.99769e+06
14.8,30885.4,3.79947e+06,8.72858,45.9959,996447,575.109,677515,15253.4,1.27756e+06,29.1197,8825.55,4175.92,10.166,27.9868,53.2293,2.99764e+06
14.9,30275.2,3.7995e+06,8.72943,45.0933,996423,575.155,677515,15291.9,1.23115e+06,28.4884,8877.05,4247.69,10.3449,28.6737,53.2297,2.9976e+06
15,29644.7,3.79953e+06,8.73022,44.1604,996399,575.2,677515,15333.3,1.18199e+06,27.7759,8913.28,4316.7,10.5167,29.3602,53.2302,2.99755e+06
15.1,28995.4,3.79956e+06,8.731,43.1997,996375,575.245,677515,15377.5,1.13069e+06,26.9887,8934.16,4382.84,10.6809,30.0447,53.2307,2.9975e+06
15.2,28329,3.79959e+06,8.73176,42.2132,996351,575.29,677515,15424.7,1.07778e+06,26.1337,8939.55,4445.97,10.8367,30.7259,53.2312,2.99744e+06
15.3,27647.2,3.79962e+06,8.73259,41.2037,996326,575.334,677515,15474.9,1.02388e+06,25.2204,8929.7,4506.02,10.9839,31.402,53.2317,2.99738e+06
15.4,26951.6,3.79965e+06,8.73345,40.1737,996302,575.378,677515,15528.2,969589,24.2584,8904.93,4562.96,11.1219,32.0717,53.2322,2.99731e+06
15.5,26244.1,3.79968e+06,8.73435,39.1258,996278,575.423,677515,15584.7,915474,23.2578,8865.64,4616.77,11.2503,32.7336,53.2328,2.99725e+06
15.6,25526.5,3.79972e+06,8.73525,38.0627,996254,575.467,677515,15644.4,862064,22.2295,8812.56,4667.5,11.3692,33.3863,53.2333,2.99717e+06
15.7,24800.7,3.79975e+06,8.73613,36.9871,996230,575.512,677515,15707.3,809865,21.1838,8746.35,4715.17,11.4781,34.0284,53.2338,2.99709e+06
15.8,24068.5,3.79979e+06,8.73699,35.9018,996206,575.556,677515,15773.5,759320,20.1313,8667.86,4759.87,11.5772,34.6589,53.2343,2.99701e+06
15.9,23331.7,3.79982e+06,8.73786,34.8095,996181,575.6,677515,15843,710760,19.0818,8578.1,4801.73,11.6666,35.2766,53.2348,2.99692e+06
16,22592.3,3.79985e+06,8.73877,33.7129,996157,575.645,677515,15915.9,664547,18.0451,8477.99,4840.85,11.7462,35.8805,53.2353,2.99682e+06
16.1,21851.9,3.79989e+06,8.73971,32.6146,996133,575.689,677515,15992.1,620872,17.0294,8368.61,4877.38,11.8164,36.4698,53.2357,2.99672e+06
16.2,21112.3,3.79992e+06,8.74066,31.5172,996109,575.734,677515,16071.6,579915,16.0424,8251.02,4911.46,11.8774,37.0437,53.2362,2.99661e+06
16.3,20375.1,3.79996e+06,8.74159,30.4231,996085,575.778,677515,16154.5,541791,15.0909,8126.28,4943.26,11.9295,37.6014,53.2365,2.99649e+06
16.4,19642,3.79999e+06,8.74248,29.3348,996060,575.823,677515,16240.6,506492,14.1795,7995.44,4972.95,11.9732,38.1426,53.2368,2.99636e+06
16.5,18914.5,3.80003e+06,8.74331,28.2544,996036,575.868,677515,16330.2,474047,13.3134,7859.52,5000.68,12.0088,38.6667,53.2371,2.99623e+06
16.6,18194,3.80006e+06,8.74411,27.1842,996012,575.912,677515,16422.9,444370,12.4952,7719.49,5026.62,12.0369,39.1733,53.2372,2.99609e+06
16.7,17481.8,3.80009e+06,8.74494,26.1262,995988,575.957,677515,16519,417352,11.7266,7576.24,5050.92,12.058,39.6623,53.2373,2.99594e+06
16.8,16779.4,3.80013e+06,8.74583,25.0822,995964,576.001,677515,16618.3,392879,11.0094,7430.67,5073.74,12.0724,40.1334,53.2373,2.99578e+06
16.9,16087.8,3.80016e+06,8.74678,24.054,995940,576.045,677515,16720.7,370777,10.343,7283.5,5095.21,12.0807,40.5867,53.2373,2.99561e+06
17,15408,3.80019e+06,8.74777,23.0433,995915,576.09,677515,16826.3,350890,9.72727,7135.47,5115.47,12.0834,41.0221,53.2371,2.99542e+06
17.1,14741.2,3.80022e+06,8.74871,22.0514,995891,576.135,677515,16935,333037,9.16073,6987.22,5134.65,12.0809,41.4397,53.2369,2.99523e+06
17.2,14088.1,3.80025e+06,8.74952,21.0798,995867,576.179,677515,17046.8,317036,8.64114,6839.25,5152.85,12.0738,41.8396,53.2364,2.99502e+06
17.3,13449.7,3.80028e+06,8.75014,20.1296,995843,576.223,677515,17161.5,302715,8.16673,6692.13,5170.18,12.0624,42.222,53.2357,2.9948e+06
17.4,12826.5,3.80031e+06,8.75058,19.2019,995819,576.267,677515,17279.1,289903,7.7346,6546.24,5186.73,12.0471,42.5871,53.2347,2.99456e+06
17.5,12219.2,3.80034e+06,8.75095,18.2977,995794,576.309,677515,17399.5,278443,7.34207,6401.93,5202.57,12.0283,42.9352,53.2335,2.99431e+06
17.6,11628.4,3.80037e+06,8.75139,17.4177,995770,576.35,677515,17522.8,268182,6.98628,6259.55,5217.8,12.0065,43.2666,53.2322,2.99404e+06
17.7,11054.5,3.80039e+06,8.75213,16.5626,995746,576.39,677515,17648.7,258990,6.66431,6119.31,5232.46,11.9819,43.5816,53.2307,2.99376e+06
17.8,10497.9,3.80042e+06,8.75322,15.733,995722,576.431,677515,17777.2,250736,6.37334,5981.45,5246.62,11.9547,43.8805,53.2291,2.99346e+06
17.9,9958.85,3.80045e+06,8.75465,14.9295,995698,576.473,677515,17908.4,243306,6.11056,5846.12,5260.33,11.9254,44.1637,53.2274,2.99313e+06
18,9437.56,3.80047e+06,8.75617,14.1522,995673,576.516,677515,18042,236621,5.87345,5713.46,5273.63,11.8941,44.4316,53.2255,2.99278e+06
18.1,8934.21,3.80049e+06,8.75761,13.4014,995649,576.56,677515,18178,230585,5.65943,5583.58,5286.57,11.8611,44.6845,53.2232,2.99241e+06
18.2,8448.86,3.80052e+06,8.75846,12.6773,995625,576.605,677515,18316.4,225120,5.46624,5456.54,5299.18,11.8266,44.9228,53.2203,2.99202e+06
18.3,7981.55,3.80054e+06,8.75844,11.9799,995601,576.649,677515,18457,220158,5.29169,5332.41,5311.49,11.7907,45.147,53.2167,2.9916e+06
18.4,7532.25,3.80056e+06,8.75722,11.3092,995576,576.689,677515,18599.6,215647,5.13377,5211.23,5323.52,11.7536,45.3574,53.2121,2.99115e+06
18.5,7100.84,3.80058e+06,8.75505,10.665,995552,576.722,677515,18744.3,211534,4.99077,5092.99,5335.31,11.7155,45.5544,53.2067,2.99068e+06
18.6,6687.2,3.8006e+06,8.75217,10.0472,995528,576.747,677515,18890.9,207770,4.86096,4977.71,5346.87,11.6764,45.7384,53.2005,2.99017e+06
18.7,6291.14,3.80062e+06,8.74954,9.45546,995504,576.764,677515,19039.2,204325,4.74299,4865.39,5358.22,11.6366,45.9097,53.194,2.98963e+06
18.8,5912.41,3.80064e+06,8.74837,8.88945,995480,576.775,677515,19189.3,201163,4.63572,4756,5369.38,11.596,46.0688,53.1874,2.98905e+06
18.9,5550.75,3.80065e+06,8.74982,8.34879,995456,576.785,677515,19341.1,198252,4.53804,4649.51,5380.37,11.5549,46.2161,53.1814,2.98843e+06
19,5205.83,3.80067e+06,8.75511,7.83301,995431,576.805,677515,19494.5,195574,4.4493,4545.91,5391.19,11.5132,46.3518,53.1764,2.98778e+06
19.1,4877.34,3.80068e+06,8.7647,7.34163,995407,576.841,677515,19649.8,193104,4.3687,4445.14,5401.87,11.4711,46.4764,53.1726,2.98708e+06
19.2,4564.88,3.8007e+06,8.77863,6.87412,995383,576.907,677515,19806.8,190821,4.2957,4347.17,5412.41,11.4287,46.5903,53.1699,2.98633e+06
19.3,4268.05,3.80071e+06,8.79454,6.42987,995359,577.007,677514,19965.5,188713,4.22973,4251.96,5422.82,11.3859,46.6937,53.1673,2.98554e+06
19.4,3986.46,3.80073e+06,8.81073,6.00832,995334,577.145,677514,20126,186762,4.17009,4159.46,5433.12,11.3429,46.7871,53.1641,2.98469e+06
19.5,3719.65,3.80074e+06,8.82244,5.6088,995310,577.311,677514,20288.1,184955,4.11594,4069.62,5443.31,11.2996,46.8707,53.1582,2.9838e+06
19.6,3467.18,3.80075e+06,8.82521,5.23066,995286,577.488,677514,20451.4,183281,4.06623,3982.39,5453.4,11.2563,46.9449,53.1476,2.98285e+06
19.7,3228.58,3.80076e+06,8.81387,4.87321,995261,577.648,677514,20615.7,181730,4.01982,3897.72,5463.4,11.2128,47.01,53.1301,2.98184e+06
19.8,3003.37,3.80077e+06,8.78405,4.53574,995237,577.74,677514,20780.2,180291,3.97516,3815.54,5473.31,11.1692,47.0664,53.1038,2.98076e+06
19.9,2791,3.80078e+06,8.76326,4.21708,995213,577.751,677515,20944.7,178955,3.93162,3735.81,5483.14,11.1256,47.1143,53.0799,2.97962e+06
20,2590.97,3.80079e+06,8.76301,3.917,995189,577.751,677515,21109.9,177716,3.89141,3658.47,5492.9,11.0819,47.154,53.0637,2.97842e+06
20.1,2402.78,3.8008e+06,8.76323,3.6346,995164,577.75,677515,21275.8,176565,3.85452,3583.43,5502.6,11.0382,47.186,53.0467,2.97714e+06
20.2,2225.97,3.80081e+06,8.7634,3.36916,995140,577.75,677515,21442.3,175498,3.82062,3510.66,5512.22,10.9944,47.2104,53.0284,2.97578e+06
20.3,2060.03,3.80082e+06,8.76353,3.11996,995116,577.749,677515,21609.4,174507,3.78943,3440.09,5521.79,10.9507,47.2275,53.0089,2.97435e+06
20.4,1904.55,3.80082e+06,8.76365,2.88636,995092,577.748,677515,21776.9,173589,3.76073,3371.68,5531.3,10.9071,47.2375,52.988,2.97284e+06
20.5,1759.06,3.80083e+06,8.76376,2.66767,995068,577.747,677515,21945,172738,3.73429,3305.38,5540.76,10.8635,47.2408,52.9658,2.97124e+06
20.6,1623.1,3.80084e+06,8.76388,2.46323,995043,577.745,677515,22113.4,171950,3.70994,3241.12,5550.17,10.82,47.2376,52.9422,2.96956e+06
20.7,1496.22,3.80084e+06,8.764,2.27233,995019,577.744,677515,22282.1,171220,3.68748,3178.87,5559.54,10.7766,47.228,52.9172,2.96779e+06
20.8,1377.95,3.80085e+06,8.7641,2.09431,994995,577.742,677515,22451,170544,3.66676,3118.56,5568.86,10.7333,47.2123,52.8906,2.96594e+06
20.9,1267.85,3.80086e+06,8.76416,1.9285,994971,577.74,677515,22620.2,169919,3.64763,3060.15,5578.15,10.6901,47.1909,52.8626,2.96398e+06
21,1165.45,3.80086e+06,8.76419,1.77419,994947,577.737,677515,22789.5,169341,3.62996,3003.59,5587.4,10.6471,47.1638,52.833,2.96194e+06
21.1,1070.3,3.80086e+06,8.76419,1.63073,994922,577.734,677515,22958.8,168806,3.61361,2948.81,5596.61,10.6042,47.1313,52.8017,2.95979e+06
21.2,981.99,3.80087e+06,8.76417,1.49749,994898,577.731,677515,23128.2,168312,3.59849,2895.77,5605.8,10.5615,47.0938,52.7689,2.95755e+06
21.3,900.118,3.80087e+06,8.76415,1.37389,994874,577.727,677515,23297.6,167855,3.58451,2844.42,5614.95,10.519,47.0512,52.7344,2.95521e+06
21.4,824.284,3.80088e+06,8.76415,1.25933,994850,577.723,677515,23466.8,167433,3.57157,2794.72,5624.08,10.4766,47.004,52.6982,2.95276e+06
21.5,754.132,3.80088e+06,8.76419,1.15328,994826,577.718,677515,23636,167043,3.55961,2746.61,5633.19,10.4345,46.9522,52.6604,2.95021e+06
21.6,689.323,3.80088e+06,8.76424,1.05524,994801,577.713,677515,23804.9,166684,3.54856,2700.05,5642.27,10.3925,46.896,52.6209,2.94757e+06
21.7,629.52,3.80089e+06,8.7643,0.964695,994777,577.708,677515,23973.7,166353,3.53837,2654.99,5651.33,10.3507,46.8357,52.5797,2.94481e+06
21.8,574.367,3.80089e+06,8.76437,0.881123,994753,577.703,677515,24142.2,166049,3.52896,2611.39,5660.38,10.3092,46.7713,52.5368,2.94196e+06
21.9,523.576,3.80089e+06,8.76442,0.804097,994729,577.697,677515,24310.4,165768,3.52027,2569.22,5669.4,10.2678,46.7032,52.4922,2.939e+06
22,476.872,3.80089e+06,8.76443,0.733203,994705,577.691,677515,24478.3,165510,3.51227,2528.41,5678.41,10.2267,46.6313,52.4459,2.93594e+06
22.1,433.926,3.80089e+06,8.76438,0.667953,994680,577.685,677515,24645.9,165273,3.50488,2488.94,5687.4,10.1857,46.556,52.3979,2.93277e+06
22.2,394.473,3.8009e+06,8.76425,0.607951,994656,577.678,677515,24813,165056,3.49806,2450.77,5696.38,10.145,46.4773,52.3481,2.92951e+06
22.3,358.308,3.8009e+06,8.76403,0.552888,994632,577.67,677515,24979.7,164856,3.49176,2413.84,5705.34,10.1046,46.3955,52.2967,2.92614e+06
22.4,325.161,3.8009e+06,8.76367,0.502362,994608,577.661,677515,25145.9,164673,3.48594,2378.14,5714.3,10.0643,46.3106,52.2436,2.92268e+06
22.5,294.805,3.8009e+06,8.76316,0.456035,994584,577.651,677515,25311.6,164505,3.48055,2343.6,5723.24,10.0243,46.2228,52.1889,2.91912e+06
22.6,267.043,3.8009e+06,8.76247,0.413626,994560,577.64,677515,25476.8,164351,3.47555,2310.22,5732.17,9.98455,46.1322,52.1324,2.91546e+06
22.7,241.675,3.8009e+06,8.76157,0.374837,994535,577.625,677515,25641.5,164210,3.4709,2277.93,5741.1,9.94501,46.039,52.0744,2.91171e+06
22.8,218.521,3.80091e+06,8.76044,0.339404,994511,577.609,677515,25805.5,164082,3.46657,2246.72,5750.01,9.90571,45.9433,52.0149,2.90788e+06
22.9,197.401,3.80091e+06,8.75907,0.307041,994487,577.589,677515,25969,163964,3.46252,2216.55,5758.91,9.86665,45.8452,51.9538,2.90396e+06
23,178.163,3.80091e+06,8.75744,0.277526,994463,577.565,677515,26131.7,163857,3.45871,2187.38,5767.81,9.82783,45.7448,51.8912,2.89995e+06
23.1,160.665,3.80091e+06,8.75553,0.250644,994439,577.537,677515,26293.9,163759,3.45511,2159.18,5776.7,9.78924,45.6423,51.8272,2.89587e+06
23.2,144.753,3.80091e+06,8.75336,0.226167,994415,577.504,677515,26455.3,163670,3.45171,2131.93,5785.59,9.7509,45.5377,51.7619,2.89172e+06
23.3,130.302,3.80091e+06,8.75093,0.203904,994390,577.465,677515,26616,163589,3.44846,2105.58,5794.46,9.71279,45.4312,51.6952,2.88749e+06
23.4,117.197,3.80091e+06,8.74826,0.183682,994366,577.421,677515,26776,163516,3.44536,2080.12,5803.34,9.67492,45.3228,51.6273,2.88319e+06
23.5,105.322,3.80091e+06,8.74539,0.165326,994342,577.371,677515,26935.2,163449,3.44237,2055.51,5812.2,9.63729,45.2127,51.5583,2.87883e+06
23.6,94.5663,3.80091e+06,8.74238,0.148672,994318,577.314,677515,27093.7,163388,3.4395,2031.73,5821.06,9.5999,45.101,51.4881,2.8744e+06
23.7,84.8413,3.80091e+06,8.73926,0.133584,994294,577.25,677515,27251.3,163333,3.43673,2008.75,5829.92,9.56274,44.9877,51.4168,2.86991e+06
23.8,76.0565,3.80091e+06,8.73613,0.119928,994270,577.18,677515,27408.2,163283,3.43405,1986.53,5838.77,9.52582,44.873,51.3446,2.86537e+06
23.9,68.1207,3.80091e+06,8.73309,0.10757,994246,577.105,677515,27564.2,163238,3.43149,1965.06,5847.61,9.48913,44.7568,51.2715,2.86077e+06
24,60.9648,3.80091e+06,8.73023,0.0964066,994222,577.023,677515,27719.5,163198,3.42903,1944.31,5856.45,9.45268,44.6394,51.1976,2.85612e+06
24.1,54.5199,3.80091e+06,8.72768,0.0863348,994198,576.937,677515,27873.9,163161,3.4267,1924.26,5865.29,9.41646,44.5208,51.1231,2.85143e+06
24.2,48.712,3.80091e+06,8.72559,0.0772424,994174,576.848,677515,28027.5,163127,3.42453,1904.89,5874.12,9.38048,44.401,51.048,2.84668e+06
24.3,43.4882,3.80091e+06,8.7241,0.0690523,994150,576.757,677515,28180.3,163097,3.42253,1886.16,5882.95,9.34472,44.2802,50.9725,2.8419e+06
24.4,38.7976,3.80091e+06,8.7234,0.0616886,994126,576.666,677515,28332.3,163070,3.42075,1868.06,5891.77,9.3092,44.1583,50.8966,2.83708e+06
24.5,34.5798,3.80091e+06,8.72365,0.0550557,994102,576.578,677515,28483.6,163046,3.41922,1850.57,5900.59,9.27392,44.0356,50.8206,2.83223e+06
24.6,30.7958,3.80091e+06,8.72504,0.0490957,994077,576.495,677515,28634.1,163024,3.41799,1833.68,5909.4,9.23887,43.912,50.7445,2.82734e+06
24.7,27.407,3.80091e+06,8.7278,0.0437489,994053,576.42,677515,28783.9,163004,3.41711,1817.35,5918.22,9.20405,43.7876,50.6686,2.82243e+06
24.8,24.3692,3.80091e+06,8.73209,0.0389465,994029,576.357,677515,28933,162987,3.41665,1801.57,5927.03,9.16947,43.6624,50.5929,2.81749e+06
24.9,21.6493,3.80091e+06,8.73813,0.034636,994005,576.31,677515,29081.5,162971,3.41665,1786.33,5935.83,9.13513,43.5366,50.5175,2.81253e+06
25,19.2199,3.80091e+06,8.74615,0.0307734,993981,576.284,677515,29229.4,162956,3.4172,1771.6,5944.64,9.10103,43.4102,50.4427,2.80755e+06
25.1,17.0527,3.80092e+06,8.75623,0.0273122,993957,576.282,677515,29376.8,162944,3.41834,1757.38,5953.44,9.06718,43.2832,50.3684,2.80255e+06
25.2,15.1208,3.80092e+06,8.76829,0.0242072,993933,576.309,677515,29523.8,162932,3.42013,1743.64,5962.24,9.03357,43.1557,50.2947,2.79753e+06
25.3,13.4014,3.80092e+06,8.78223,0.0214281,993909,576.37,677514,29670.3,162922,3.42259,1730.38,5971.04,9.00022,43.0278,50.2215,2.7925e+06
25.4,11.8698,3.80092e+06,8.79752,0.0189624,993885,576.466,677514,29816.5,162913,3.42572,1717.58,5979.84,8.96712,42.8995,50.1486,2.78746e+06
25.5,10.5065,3.80092e+06,8.81371,0.0167862,993860,576.601,677514,29962.3,162905,3.4295,1705.22,5988.64,8.93429,42.7707,50.0759,2.7824e+06
25.6,9.29439,3.80092e+06,8.82995,0.0148493,993836,576.774,677514,30107.8,162897,3.43379,1693.31,5997.44,8.90171,42.6417,50.0031,2.77733e+06
25.7,8.21738,3.80092e+06,8.84532,0.0131292,993812,576.982,677514,30252.9,162891,3.4385,1681.81,6006.25,8.86941,42.5124,49.9298,2.77226e+06
25.8,7.26023,3.80092e+06,8.8585,0.0116082,993787,577.219,677514,30397.7,162885,3.44336,1670.73,6015.05,8.83737,42.3829,49.8555,2.76718e+06
25.9,6.41067,3.80092e+06,8.86807,0.0102622,993763,577.478,677514,30542,162880,3.44812,1660.05,6023.86,8.8056,42.2532,49.7796,2.7621e+06
26,5.6567,3.80092e+06,8.87225,0.00907837,993738,577.744,677514,30685.7,162875,3.4524,1649.75,6032.67,8.77408,42.1234,49.7014,2.75702e+06
26.1,4.98853,3.80092e+06,8.86906,0.00804417,993714,578,677514,30828.6,162871,3.45576,1639.84,6041.49,8.74282,41.9935,49.6199,2.75193e+06
26.2,4.39663,3.80092e+06,8.85629,0.00714665,993690,578.224,677514,30970.5,162867,3.45768,1630.28,6050.3,8.7118,41.8635,49.5344,2.74684e+06
26.3,3.87269,3.80092e+06,8.83146,0.0063759,993665,578.388,677514,31111.1,162864,3.45754,1621.06,6059.12,8.68101,41.7334,49.4438,2.74176e+06
26.4,3.40936,3.80092e+06,8.79193,0.00572227,993641,578.458,677514,31250,162861,3.45463,1612.17,6067.94,8.65042,41.6034,49.3468,2.73667e+06
26.5,2.99964,3.80092e+06,8.73487,0.00517439,993617,578.393,677515,31386.8,162859,3.44818,1603.59,6076.76,8.62,41.4734,49.2425,2.73159e+06
26.6,2.63773,3.80092e+06,8.6573,0.00472426,993593,578.15,677515,31520.9,162856,3.43731,1595.29,6085.58,8.58971,41.3435,49.1294,2.72651e+06
26.7,2.31782,3.80092e+06,8.5563,0.00436191,993569,577.675,677516,31651.8,162855,3.42112,1587.25,6094.39,8.55953,41.2137,49.0064,2.72144e+06
26.8,2.03526,3.80092e+06,8.42871,0.00407923,993546,576.909,677516,31778.7,162853,3.3986,1579.43,6103.19,8.52938,41.084,48.8721,2.71638e+06
26.9,1.78533,3.80092e+06,8.27184,0.00386812,993523,575.791,677517,31900.9,162851,3.36876,1571.81,6111.97,8.49923,40.9544,48.7254,2.71132e+06
27,1.56431,3.80092e+06,8.08261,0.00372089,993500,574.249,677518,32017.7,162850,3.3305,1564.35,6120.73,8.46898,40.825,48.565,2.70627e+06
27.1,1.36843,3.80092e+06,7.85896,0.00363002,993478,572.212,677519,32128,162849,3.28287,1557,6129.46,8.43858,40.6957,48.3898,2.70123e+06
27.2,1.19472,3.80092e+06,7.59837,0.00358851,993457,569.602,677520,32231,162849,3.22476,1549.72,6138.15,8.40793,40.5667,48.199,2.6962e+06
27.3,1.04023,3.80092e+06,7.29975,0.00358798,993437,566.343,677522,32325.8,162848,3.15534,1542.46,6146.79,8.37695,40.4377,47.992,2.69119e+06
27.4,0.902617,3.80092e+06,6.96184,0.00362092,993417,562.355,677524,32411.3,162848,3.07367,1535.16,6155.37,8.34553,40.309,47.7682,2.68618e+06
27.5,0.779666,3.80092e+06,6.58482,0.00367791,993398,557.564,677526,32486.6,162848,2.97914,1527.76,6163.88,8.31356,40.1804,47.5277,2.68118e+06
27.6,0.669513,3.80092e+06,6.1695,0.00374906,993381,551.895,677528,32550.9,162849,2.8712,1520.19,6172.31,8.28094,40.052,47.2709,2.6762e+06
27.7,0.570581,3.80092e+06,5.71785,0.00382385,993364,545.284,677530,32603.1,162850,2.74959,1512.4,6180.63,8.24756,39.9237,46.9984,2.67123e+06
27.8,0.481469,3.80092e+06,5.23346,0.00389027,993349,537.679,677533,32642.6,162851,2.61438,1504.31,6188.84,8.2133,39.7956,46.712,2.66627e+06
27.9,0.401105,3.80092e+06,4.72074,0.00393621,993336,529.031,677535,32668.8,162852,2.46585,1495.85,6196.91,8.17804,39.6674,46.4133,2.66132e+06
28,0.328506,3.80092e+06,4.18661,0.00394882,993324,519.325,677538,32681.2,162853,2.30492,1486.95,6204.84,8.1417,39.5394,46.1053,2.65638e+06
28.1,0.263014,3.80092e+06,3.63868,0.00391443,993313,508.544,677541,32679.5,162855,2.13264,1477.53,6212.59,8.10416,39.4113,45.7913,2.65145e+06
28.2,0.203975,3.80092e+06,3.08769,0.00381949,993304,496.724,677544,32663.8,162858,1.951,1467.54,6220.17,8.06535,39.2831,45.4757,2.64654e+06
28.3,0.151058,3.80092e+06,2.54508,0.00364931,993296,483.898,677547,32634.3,162860,1.76207,1456.91,6227.54,8.0252,39.1548,45.1634,2.64163e+06
28.4,0.103794,3.80092e+06,2.02573,0.00338903,993290,470.168,677549,32591.7,162863,1.56907,1445.58,6234.7,7.98369,39.0263,44.8608,2.63673e+06
28.5,0.0620484,3.80092e+06,1.54551,0.00302311,993285,455.636,677552,32536.8,162866,1.37538,1433.51,6241.62,7.94077,38.8975,44.5745,2.63183e+06
28.6,0.0250857,3.80092e+06,1.12331,0.00253918,993281,440.485,677554,32471.2,162870,1.18555,1420.68,6248.3,7.89651,38.7684,44.3126,2.62694e+06
28.7,-0.00749186,3.80092e+06,0.779762,0.00192329,993279,424.91,677556,32396.4,162873,1.00451,1407.05,6254.73,7.85093,38.6389,44.0838,2.62204e+06
28.8,-0.0154476,3.80092e+06,0.702614,-0.000807185,993277,409.339,677557,32316.1,162877,0.843966,1392.63,6260.91,7.80415,38.5089,43.9668,2.61712e+06
28.9,-0.0154476,3.80092e+06,0.69981,-0.000669141,993275,394.374,677557,32235.8,162881,0.717737,1377.49,6266.83,7.75647,38.3783,43.8831,2.6122e+06
29,-0.0154476,3.80092e+06,0.697016,-0.000663291,993274,380.017,677557,32155.6,162885,0.618948,1361.7,6272.52,7.70815,38.247,43.7996,2.60729e+06
29.1,-0.0154476,3.80092e+06,0.694233,-0.000664677,993272,366.246,677557,32075.6,162889,0.542169,1345.32,6277.98,7.65941,38.1151,43.7162,2.60239e+06
29.2,-0.0154476,3.80092e+06,0.691462,-0.000665417,993270,353.035,677557,31995.7,162893,0.482372,1328.43,6283.21,7.6104,37.9825,43.6329,2.5975e+06
29.3,-0.0154476,3.80092e+06,0.688702,-0.000665712,993268,340.362,677557,31915.9,162897,0.43569,1311.08,6288.23,7.56127,37.849,43.5499,2.59262e+06
29.4,-0.0154476,3.80092e+06,0.685952,-0.000665942,993266,328.203,677557,31836.3,162900,0.399094,1293.33,6293.06,7.51212,37.7148,43.467,2.58775e+06
29.5,-0.0154476,3.80092e+06,0.683214,-0.000666037,993265,316.537,677557,31756.8,162904,0.370283,1275.25,6297.68,7.46304,37.5797,43.3842,2.58289e+06
29.6,-0.0154476,3.80092e+06,0.680487,-0.000666061,993263,305.344,677557,31677.5,162907,0.347536,1256.87,6302.12,7.41408,37.4437,43.3017,2.57804e+06
29.7,-0.0154476,3.80092e+06,0.67777,-0.000666058,993261,294.605,677557,31598.3,162910,0.329531,1238.25,6306.39,7.36529,37.3069,43.2193,2.57319e+06
29.8,-0.0154476,3.80092e+06,0.675064,-0.000666048,993259,284.301,677557,31519.3,162913,0.315244,1219.43,6310.48,7.3167,37.1691,43.137,2.56836e+06
29.9,-0.0154476,3.80092e+06,0.67237,-0.000666041,993258,274.414,677557,31440.4,162916,0.303863,1200.45,6314.4,7.26834,37.0304,43.055,2.56354e+06
30,-0.0154476,3.80092e+06,0.669685,-0.000666038,993256,264.928,677557,31361.7,162919,0.294744,1181.35,6318.17,7.22023,36.8907,42.9731,2.55872e+06
30.1,-0.0154476,3.80092e+06,0.667012,-0.000666038,993254,255.825,677557,31283.1,162922,0.287396,1162.16,6321.78,7.17239,36.7502,42.8913,2.55392e+06
30.2,-0.0154476,3.80092e+06,0.664349,-0.000666038,993253,247.089,677557,31204.6,162925,0.281433,1142.92,6325.25,7.12482,36.6087,42.8097,2.54913e+06
30.3,-0.0154476,3.80092e+06,0.661697,-0.000666038,993251,238.707,677557,31126.3,162927,0.276553,1123.65,6328.58,7.07754,36.4662,42.7283,2.54434e+06
30.4,-0.0154476,3.80092e+06,0.659056,-0.000666039,993249,230.663,677557,31048.2,162930,0.272536,1104.39,6331.78,7.03054,36.3229,42.6471,2.53956e+06
30.5,-0.0154476,3.80092e+06,0.656425,-0.000666039,993248,222.943,677557,30970.2,162932,0.269163,1085.17,6334.85,6.98385,36.1786,42.566,2.5348e+06
30.6,-0.0154476,3.80092e+06,0.653804,-0.000666039,993246,215.533,677557,30892.3,162935,0.266308,1066,6337.79,6.93745,36.0334,42.4851,2.53004e+06
30.7,-0.0154476,3.80092e+06,0.651194,-0.000666039,993244,208.422,677557,30814.6,162937,0.26384,1046.91,6340.62,6.89136,35.8873,42.4043,2.52529e+06
30.8,-0.0154476,3.80092e+06,0.648595,-0.000666039,993243,201.597,677557,30737,162939,0.261685,1027.91,6343.33,6.84556,35.7404,42.3237,2.52056e+06
30.9,-0.0154476,3.80092e+06,0.646006,-0.000666039,993241,195.046,677557,30659.6,162941,0.259751,1009.04,6345.93,6.80007,35.5926,42.2433,2.51583e+06
31,-0.0154476,3.80092e+06,0.643427,-0.000666039,993239,188.757,677557,30582.3,162943,0.257986,990.307,6348.43,6.75489,35.4439,42.163,2.51111e+06
31.1,-0.0154476,3.80092e+06,0.640858,-0.000666039,993238,182.721,677557,30505.2,162945,0.256394,971.723,6350.83,6.71,35.2944,42.0829,2.5064e+06
31.2,-0.0154476,3.80092e+06,0.6383,-0.000666039,993236,176.926,677557,30428.2,162946,0.254925,953.305,6353.13,6.66541,35.1441,42.0029,2.5017e+06
31.3,-0.0154476,3.80092e+06,0.635752,-0.000666038,993234,171.363,677557,30351.3,162948,0.253506,935.068,6355.34,6.62113,34.9931,41.9231,2.49701e+06
31.4,-0.0154476,3.80092e+06,0.633214,-0.000666038,993233,166.023,677557,30274.6,162950,0.252204,917.021,6357.46,6.57714,34.8412,41.8435,2.49232e+06
31.5,-0.0154476,3.80092e+06,0.630686,-0.000666038,993231,160.895,677557,30198.1,162951,0.251014,899.176,6359.49,6.53344,34.6887,41.764,2.48765e+06
31.6,-0.0154476,3.80092e+06,0.628168,-0.000666038,993230,155.972,677557,30121.7,162953,0.249831,881.545,6361.44,6.49004,34.5354,41.6847,2.48299e+06
31.7,-0.0154476,3.80092e+06,0.625661,-0.000666038,993228,151.245,677557,30045.4,162954,0.248718,864.133,6363.31,6.44694,34.3815,41.6055,2.47833e+06
31.8,-0.0154476,3.80092e+06,0.623163,-0.000666038,993227,146.706,677557,29969.3,162956,0.24768,846.948,6365.11,6.40412,34.2269,41.5265,2.47369e+06
31.9,-0.0154476,3.80092e+06,0.620675,-0.000666039,993225,142.347,677557,29893.4,162957,0.246649,830,6366.84,6.36159,34.0717,41.4477,2.46905e+06
32,-0.0154476,3.80092e+06,0.618198,-0.000666039,993223,138.161,677557,29817.6,162958,0.245648,813.292,6368.49,6.31935,33.9159,41.369,2.46443e+06
32.1,-0.0154476,3.80092e+06,0.61573,-0.000666039,993222,134.141,677557,29741.9,162960,0.244672,796.83,6370.08,6.2774,33.7596,41.2905,2.45981e+06
32.2,-0.0154476,3.80092e+06,0.613272,-0.000666039,993220,130.28,677557,29666.4,162961,0.243706,780.62,6371.6,6.23572,33.6027,41.2121,2.4552e+06
32.3,-0.0154476,3.80092e+06,0.610824,-0.000666039,993219,126.571,677557,29591,162962,0.242748,764.664,6373.06,6.19434,33.4453,41.1339,2.4506e+06
32.4,-0.0154476,3.80092e+06,0.608385,-0.000666039,993217,123.008,677557,29515.8,162963,0.24179,748.965,6374.47,6.15323,33.2874,41.0558,2.44601e+06
32.5,-0.0154476,3.80092e+06,0.605956,-0.000666039,993216,119.586,677557,29440.7,162964,0.240837,733.529,6375.81,6.1124,33.129,40.9779,2.44143e+06
32.6,-0.0154476,3.80092e+06,0.603537,-0.00066604,993214,116.297,677557,29365.8,162965,0.239889,718.356,6377.1,6.07184,32.9703,40.9002,2.43686e+06
32.7,-0.0154476,3.80092e+06,0.601128,-0.00066604,993213,113.138,677557,29291,162966,0.23894,703.447,6378.34,6.03156,32.8111,40.8226,2.4323e+06
32.8,-0.0154476,3.80092e+06,0.598728,-0.00066604,993211,110.102,677557,29216.4,162967,0.237992,688.803,6379.53,5.99156,32.6516,40.7452,2.42774e+06
32.9,-0.0154476,3.80092e+06,0.596338,-0.00066604,993210,107.185,677557,29141.9,162968,0.237043,674.423,6380.67,5.95182,32.4918,40.6679,2.4232e+06
33,-0.0154476,3.80092e+06,0.593958,-0.00066604,993208,104.381,677557,29067.5,162969,0.236093,660.312,6381.76,5.91236,32.3316,40.5908,2.41866e+06
33.1,-0.0154476,3.80092e+06,0.591587,-0.000666041,993207,101.686,677557,28993.3,162970,0.235145,646.468,6382.81,5.87316,32.1712,40.5138,2.41413e+06
33.2,-0.0154476,3.80092e+06,0.589225,-0.000666041,993205,99.0949,677557,28919.3,162970,0.2342,632.889,6383.81,5.83422,32.0105,40.437,2.40962e+06
33.3,-0.0154476,3.80092e+06,0.586873,-0.000666041,993204,96.6048,677557,28845.4,162971,0.23326,619.572,6384.77,5.79555,31.8496,40.3603,2.40511e+06
33.4,-0.0154476,3.80092e+06,0.58453,-0.000666041,993202,94.2117,677557,28771.6,162972,0.232328,606.515,6385.69,5.75714,31.6885,40.2838,2.40061e+06
33.5,-0.0154476,3.80092e+06,0.582197,-0.000666041,993201,91.91,677557,28698,162973,0.231395,593.723,6386.58,5.71899,31.5273,40.2075,2.39611e+06
33.6,-0.0154476,3.80092e+06,0.579872,-0.000666041,993199,89.6966,677557,28624.6,162973,0.230464,581.191,6387.43,5.6811,31.3659,40.1313,2.39163e+06
33.7,-0.0154476,3.80092e+06,0.577558,-0.000666042,993198,87.5681,677557,28551.2,162974,0.229539,568.915,6388.24,5.64347,31.2044,40.0552,2.38716e+06
33.8,-0.0154476,3.80092e+06,0.575252,-0.000666042,993196,85.5215,677557,28478.1,162975,0.228621,556.894,6389.02,5.60609,31.0428,39.9793,2.38269e+06
33.9,-0.0154476,3.80092e+06,0.572956,-0.000666042,993195,83.5536,677557,28405.1,162975,0.227713,545.123,6389.76,5.56896,30.8811,39.9036,2.37824e+06
34,-0.0154476,3.80092e+06,0.570668,-0.000666042,993193,81.66,677557,28332.2,162976,0.226806,533.604,6390.48,5.53209,30.7195,39.828,2.37379e+06
34.1,-0.0154476,3.80092e+06,0.56839,-0.000666042,993192,79.8381,677557,28259.5,162976,0.225902,522.334,6391.16,5.49546,30.5578,39.7526,2.36935e+06
34.2,-0.0154476,3.80092e+06,0.566121,-0.000666042,993191,78.0853,677557,28186.9,162977,0.225003,511.307,6391.81,5.45908,30.3961,39.6773,2.36492e+06
34.3,-0.0154476,3.80092e+06,0.563861,-0.000666042,993189,76.3988,677558,28114.5,162977,0.22411,500.521,6392.44,5.42295,30.2345,39.6021,2.3605e+06
34.4,-0.0154476,3.80092e+06,0.56161,-0.000666043,993188,74.7762,677558,28042.2,162978,0.22322,489.972,6393.04,5.38706,30.0729,39.5272,2.35609e+06
34.5,-0.0154476,3.80092e+06,0.559368,-0.000666043,993186,73.2139,677558,27970,162978,0.222335,479.659,6393.61,5.35141,29.9115,39.4523,2.35169e+06
34.6,-0.0154476,3.80092e+06,0.557135,-0.000666043,993185,71.7098,677558,27898,162979,0.221452,469.579,6394.16,5.31601,29.7501,39.3776,2.34729e+06
34.7,-0.0154476,3.80092e+06,0.554911,-0.000666043,993184,70.2618,677558,27826.2,162979,0.220574,459.727,6394.68,5.28084,29.5889,39.3031,2.34291e+06
34.8,-0.0154476,3.80092e+06,0.552696,-0.000666043,993182,68.8676,677558,27754.5,162980,0.219697,450.099,6395.18,5.24591,29.4278,39.2287,2.33853e+06
34.9,-0.0154476,3.80092e+06,0.55049,-0.000666043,993181,67.5252,677558,27683,162980,0.218822,440.692,6395.66,5.21122,29.2669,39.1545,2.33416e+06
35,-0.0154476,3.80092e+06,0.548292,-0.000666043,993179,66.2318,677558,27611.5,162980,0.217952,431.504,6396.12,5.17676,29.1062,39.0804,2.3298e+06
35.1,-0.0154476,3.80092e+06,0.546103,-0.000666043,993178,64.9857,677558,27540.3,162981,0.217085,422.531,6396.55,5.14254,28.9457,39.0064,2.32545e+06
35.2,-0.0154476,3.80092e+06,0.543923,-0.000666044,993177,63.7851,677558,27469.2,162981,0.21622,413.768,6396.97,5.10854,28.7855,38.9327,2.32111e+06
35.3,-0.0154476,3.80092e+06,0.541752,-0.000666044,993175,62.6281,677558,27398.2,162982,0.215358,405.211,6397.37,5.07478,28.6255,38.859,2.31677e+06
35.4,-0.0154476,3.80092e+06,0.539589,-0.000666044,993174,61.5133,677558,27327.4,162982,0.214498,396.858,6397.74,5.04124,28.4658,38.7855,2.31245e+06
35.5,-0.0154476,3.80092e+06,0.537435,-0.000666044,993173,60.4381,677558,27256.7,162982,0.213642,388.705,6398.1,5.00793,28.3064,38.7122,2.30813e+06
35.6,-0.0154476,3.80092e+06,0.53529,-0.000666044,993171,59.4014,677558,27186.2,162983,0.212789,380.748,6398.45,4.97485,28.1472,38.639,2.30382e+06
35.7,-0.0154476,3.80092e+06,0.533153,-0.000666044,993170,58.4017,677558,27115.8,162983,0.211939,372.983,6398.77,4.94199,27.9885,38.5659,2.29952e+06
35.8,-0.0154476,3.80092e+06,0.531025,-0.000666044,993169,57.4375,677558,27045.6,162983,0.211093,365.406,6399.08,4.90935,27.83,38.493,2.29523e+06
35.9,-0.0154476,3.80092e+06,0.528905,-0.000666045,993167,56.5075,677558,26975.5,162983,0.21025,358.014,6399.38,4.87693,27.6719,38.4202,2.29095e+06
36,-0.0154476,3.80092e+06,0.526793,-0.000666045,993166,55.6097,677558,26905.6,162984,0.20941,350.803,6399.66,4.84473,27.5142,38.3476,2.28667e+06
36.1,-0.0154476,3.80092e+06,0.52469,-0.000666045,993165,54.7432,677558,26835.8,162984,0.208573,343.77,6399.92,4.81275,27.3569,38.2752,2.28241e+06
36.2,-0.0154476,3.80092e+06,0.522596,-0.000666045,993163,53.9067,677558,26766.1,162984,0.20774,336.91,6400.18,4.78098,27.2,38.2028,2.27815e+06
36.3,-0.0154476,3.80092e+06,0.52051,-0.000666045,993162,53.0992,677558,26696.6,162984,0.206911,330.221,6400.41,4.74943,27.0435,38.1307,2.2739e+06
36.4,-0.0154476,3.80092e+06,0.518432,-0.000666045,993161,52.3195,677558,26627.3,162985,0.206086,323.697,6400.64,4.71809,26.8874,38.0586,2.26966e+06
36.5,-0.0154476,3.80092e+06,0.516362,-0.000666045,993160,51.566,677558,26558.1,162985,0.205263,317.337,6400.85,4.68696,26.7318,37.9867,2.26543e+06
36.6,-0.0154476,3.80092e+06,0.514301,-0.000666045,993158,50.838,677558,26489,162985,0.204444,311.137,6401.05,4.65604,26.5766,37.915,2.26121e+06
36.7,-0.0154476,3.80092e+06,0.512248,-0.000666046,993157,50.1344,677558,26420.1,162985,0.203628,305.092,6401.24,4.62533,26.422,37.8434,2.25699e+06
36.8,-0.0154476,3.80092e+06,0.510203,-0.000666046,993156,49.4543,677558,26351.3,162986,0.202816,299.2,6401.42,4.59483,26.2678,37.7719,2.25278e+06
36.9,-0.0154476,3.80092e+06,0.508166,-0.000666046,993154,48.7969,677558,26282.7,162986,0.202007,293.456,6401.58,4.56453,26.1141,37.7006,2.24858e+06
37,-0.0154476,3.80092e+06,0.506137,-0.000666046,993153,48.1607,677558,26214.2,162986,0.201201,287.859,6401.74,4.53444,25.9609,37.6294,2.24439e+06
37.1,-0.0154476,3.80092e+06,0.504117,-0.000666046,993152,47.5451,677558,26145.9,162986,0.200399,282.405,6401.89,4.50455,25.8082,37.5584,2.24021e+06
37.2,-0.0154476,3.80092e+06,0.502104,-0.000666046,993151,46.9493,677558,26077.7,162986,0.1996,277.089,6402.02,4.47486,25.656,37.4875,2.23604e+06
37.3,-0.0154476,3.80092e+06,0.5001,-0.000666046,993149,46.3726,677558,26009.7,162987,0.198804,271.91,6402.15,4.44537,25.5044,37.4168,2.23187e+06
37.4,-0.0154476,3.80092e+06,0.498104,-0.000666047,993148,45.8142,677558,25941.8,162987,0.198011,266.863,6402.27,4.41609,25.3534,37.3462,2.22771e+06
37.5,-0.0154476,3.80092e+06,0.496115,-0.000666047,993147,45.2735,677558,25874,162987,0.197221,261.946,6402.37,4.38699,25.2029,37.2757,2.22356e+06
37.6,-0.0154476,3.80092e+06,0.494135,-0.000666047,993146,44.7499,677558,25806.4,162987,0.196434,257.155,6402.47,4.3581,25.0529,37.2054,2.21942e+06
37.7,-0.0154476,3.80092e+06,0.492162,-0.000666047,993145,44.2426,677558,25739,162987,0.19565,252.487,6402.57,4.3294,24.9036,37.1352,2.21529e+06
37.8,-0.0154476,3.80092e+06,0.490197,-0.000666047,993143,43.7502,677558,25671.6,162987,0.194869,247.941,6402.65,4.30089,24.7548,37.0652,2.21117e+06
37.9,-0.0154476,3.80092e+06,0.488241,-0.000666047,993142,43.2727,677558,25604.5,162987,0.194092,243.512,6402.72,4.27258,24.6066,36.9953,2.20705e+06
38,-0.0154476,3.80092e+06,0.486291,-0.000666047,993141,42.8095,677558,25537.4,162988,0.193317,239.198,6402.79,4.24445,24.459,36.9255,2.20294e+06
38.1,-0.0154476,3.80092e+06,0.48435,-0.000666047,993140,42.3602,677558,25470.5,162988,0.192546,234.996,6402.85,4.21652,24.312,36.8559,2.19884e+06
38.2,-0.0154476,3.80092e+06,0.482417,-0.000666048,993139,41.9242,677558,25403.8,162988,0.191777,230.903,6402.91,4.18877,24.1656,36.7864,2.19475e+06
38.3,-0.0154476,3.80092e+06,0.480491,-0.000666048,993137,41.501,677558,25337.2,162988,0.191011,226.916,6402.95,4.16121,24.0199,36.7171,2.19066e+06
38.4,-0.0154476,3.80092e+06,0.478573,-0.000666048,993136,41.0904,677558,25270.8,162988,0.190249,223.032,6402.99,4.13384,23.8747,36.6479,2.18659e+06
38.5,-0.0154476,3.80092e+06,0.476662,-0.000666048,993135,40.6918,677558,25204.5,162988,0.189489,219.25,6403.02,4.10665,23.7302,36.5788,2.18252e+06
38.6,-0.0154476,3.80092e+06,0.474759,-0.000666048,993134,40.3039,677558,25138.3,162988,0.188733,215.566,6403.05,4.07964,23.5864,36.5099,2.17846e+06
38.7,-0.0154476,3.80092e+06,0.472864,-0.000666048,993133,39.9268,677558,25072.3,162988,0.187979,211.979,6403.07,4.05281,23.4432,36.4411,2.17441e+06
38.8,-0.0154476,3.80092e+06,0.470976,-0.000666048,993132,39.5602,677558,25006.4,162989,0.187228,208.485,6403.08,4.02617,23.3006,36.3725,2.17036e+06
38.9,-0.0154476,3.80092e+06,0.469096,-0.000666048,993130,39.2037,677558,24940.7,162989,0.186481,205.082,6403.09,3.99971,23.1587,36.304,2.16633e+06
39,-0.0154476,3.80092e+06,0.467224,-0.000666049,993129,38.8569,677558,24875.1,162989,0.185736,201.768,6403.09,3.97342,23.0174,36.2356,2.1623e+06
39.1,-0.0154476,3.80092e+06,0.465359,-0.000666049,993128,38.5194,677558,24809.6,162989,0.184995,198.54,6403.09,3.94731,22.8768,36.1674,2.15828e+06
39.2,-0.0154476,3.80092e+06,0.463501,-0.000666049,993127,38.191,677558,24744.3,162989,0.184256,195.396,6403.08,3.92138,22.7368,36.0993,2.15427e+06
39.3,-0.0154476,3.80092e+06,0.461651,-0.000666049,993126,37.8713,677558,24679.2,162989,0.183521,192.335,6403.07,3.89562,22.5975,36.0313,2.15026e+06
39.4,-0.0154476,3.80092e+06,0.459808,-0.000666049,993125,37.5597,677558,24614.2,162989,0.182788,189.353,6403.05,3.87003,22.4589,35.9635,2.14627e+06
39.5,-0.0154476,3.80092e+06,0.457972,-0.000666049,993124,37.256,677558,24549.3,162989,0.182058,186.449,6403.02,3.84462,22.321,35.8958,2.14228e+06
39.6,-0.0154476,3.80092e+06,0.456144,-0.000666049,993122,36.96,677558,24484.6,162989,0.181332,183.621,6402.99,3.81937,22.1837,35.8283,2.1383e+06
39.7,-0.0154476,3.80092e+06,0.454323,-0.000666049,993121,36.6713,677558,24420,162989,0.180608,180.867,6402.96,3.7943,22.0471,35.7608,2.13433e+06
39.8,-0.0154476,3.80092e+06,0.452509,-0.00066605,993120,36.3896,677558,24355.5,162989,0.179887,178.185,6402.92,3.76939,21.9112,35.6936,2.13036e+06
39.9,-0.0154476,3.80092e+06,0.450703,-0.00066605,993119,36.1146,677558,24291.2,162990,0.179169,175.572,6402.87,3.74466,21.776,35.6264,2.12641e+06
40,-0.0154476,3.80092e+06,0.448904,-0.00066605,993118,35.846,677558,24227.1,162990,0.178454,173.028,6402.83,3.72009,21.6415,35.5594,2.12246e+06
40.1,-0.0154476,3.80092e+06,0.447112,-0.00066605,993117,35.5836,677558,24163,162990,0.177742,170.55,6402.77,3.69568,21.5077,35.4925,2.11852e+06
40.2,-0.0154476,3.80092e+06,0.445327,-0.00066605,993116,35.3275,677558,24099.2,162990,0.177033,168.136,6402.72,3.67144,21.3745,35.4258,2.11458e+06
40.3,-0.0154476,3.80092e+06,0.443549,-0.00066605,993115,35.0771,677558,24035.4,162990,0.176326,165.785,6402.66,3.64736,21.242,35.3592,2.11066e+06
40.4,-0.0154476,3.80092e+06,0.441778,-0.00066605,993114,34.8322,677558,23971.8,162990,0.175623,163.495,6402.59,3.62344,21.1103,35.2927,2.10674e+06
40.5,-0.0154476,3.80092e+06,0.440015,-0.00066605,993113,34.5926,677558,23908.4,162990,0.174922,161.264,6402.52,3.59969,20.9792,35.2264,2.10283e+06
40.6,-0.0154476,3.80092e+06,0.438258,-0.000666051,993112,34.3581,677558,23845.1,162990,0.174224,159.091,6402.45,3.57609,20.8488,35.1601,2.09893e+06
40.7,-0.0154476,3.80092e+06,0.436509,-0.000666051,993111,34.1284,677558,23781.9,162990,0.173528,156.975,6402.38,3.55265,20.7191,35.0941,2.09503e+06
40.8,-0.0154476,3.80092e+06,0.434766,-0.000666051,993109,33.9034,677558,23718.9,162990,0.172836,154.913,6402.3,3.52937,20.5901,35.0281,2.09115e+06
40.9,-0.0154476,3.80092e+06,0.43303,-0.000666051,993108,33.6828,677558,23656,162990,0.172146,152.904,6402.21,3.50625,20.4618,34.9623,2.08727e+06
41,-0.0154476,3.80092e+06,0.431302,-0.000666051,993107,33.4668,677558,23593.3,162990,0.171459,150.947,6402.12,3.48328,20.3342,34.8966,2.0834e+06
41.1,-0.0154476,3.80092e+06,0.42958,-0.000666051,993106,33.255,677558,23530.7,162990,0.170775,149.04,6402.03,3.46047,20.2074,34.8311,2.07953e+06
41.2,-0.0154476,3.80092e+06,0.427865,-0.000666051,993105,33.0472,677558,23468.2,162990,0.170093,147.182,6401.94,3.43781,20.0812,34.7657,2.07568e+06
41.3,-0.0154476,3.80092e+06,0.426157,-0.000666051,993104,32.8433,677558,23405.9,162991,0.169414,145.371,6401.84,3.4153,19.9556,34.7004,2.07183e+06
41.4,-0.0154476,3.80092e+06,0.424456,-0.000666052,993103,32.6432,677558,23343.7,162991,0.168738,143.607,6401.74,3.39294,19.8308,34.6352,2.06799e+06
41.5,-0.0154476,3.80092e+06,0.422761,-0.000666052,993102,32.4466,677558,23281.6,162991,0.168064,141.887,6401.64,3.37073,19.7067,34.5702,2.06415e+06
41.6,-0.0154476,3.80092e+06,0.421074,-0.000666052,993101,32.2535,677558,23219.7,162991,0.167393,140.211,6401.53,3.34867,19.5833,34.5053,2.06033e+06
41.7,-0.0154476,3.80092e+06,0.419393,-0.000666052,993100,32.0637,677558,23158,162991,0.166725,138.577,6401.42,3.32676,19.4606,34.4406,2.05651e+06
41.8,-0.0154476,3.80092e+06,0.417719,-0.000666052,993099,31.8772,677558,23096.4,162991,0.166059,136.985,6401.31,3.305,19.3386,34.3759,2.0527e+06
41.9,-0.0154476,3.80092e+06,0.416051,-0.000666052,993098,31.6939,677558,23034.9,162991,0.165396,135.432,6401.19,3.28338,19.2173,34.3114,2.04889e+06
42,-0.0154476,3.80092e+06,0.41439,-0.000666052,993097,31.5135,677558,22973.5,162991,0.164736,133.918,6401.07,3.26191,19.0966,34.2471,2.0451e+06
42.1,-0.0154476,3.80092e+06,0.412736,-0.000666052,993096,31.3361,677558,22912.3,162991,0.164078,132.443,6400.95,3.24058,18.9767,34.1828,2.04131e+06
42.2,-0.0154476,3.80092e+06,0.411088,-0.000666053,993095,31.1615,677558,22851.3,162991,0.163423,131.003,6400.83,3.2194,18.8574,34.1187,2.03753e+06
42.3,-0.0154476,3.80092e+06,0.409447,-0.000666053,993094,30.9897,677558,22790.3,162991,0.162771,129.6,6400.7,3.19835,18.7389,34.0547,2.03376e+06
42.4,-0.0154476,3.80092e+06,0.407813,-0.000666053,993093,30.8205,677558,22729.5,162991,0.162121,128.231,6400.57,3.17745,18.621,33.9909,2.02999e+06
42.5,-0.0154476,3.80092e+06,0.406185,-0.000666053,993092,30.6538,677558,22668.9,162991,0.161474,126.895,6400.44,3.15669,18.5038,33.9271,2.02623e+06
42.6,-0.0154476,3.80092e+06,0.404563,-0.000666053,993091,30.4895,677558,22608.4,162991,0.160829,125.592,6400.3,3.13607,18.3873,33.8635,2.02248e+06
42.7,-0.0154476,3.80092e+06,0.402948,-0.000666053,993090,30.3277,677558,22548,162991,0.160187,124.322,6400.16,3.11558,18.2715,33.8001,2.01874e+06
42.8,-0.0154476,3.80092e+06,0.40134,-0.000666053,993089,30.1681,677558,22487.8,162991,0.159547,123.082,6400.02,3.09523,18.1564,33.7367,2.015e+06
42.9,-0.0154476,3.80092e+06,0.399738,-0.000666053,993088,30.0107,677558,22427.7,162991,0.15891,121.872,6399.88,3.07502,18.042,33.6735,2.01127e+06
43,-0.0154476,3.80092e+06,0.398142,-0.000666053,993087,29.8555,677558,22367.7,162991,0.158276,120.691,6399.73,3.05495,17.9282,33.6104,2.00755e+06
43.1,-0.0154476,3.80092e+06,0.396552,-0.000666054,993086,29.7024,677558,22307.9,162991,0.157644,119.538,6399.58,3.03501,17.8151,33.5474,2.00384e+06
43.2,-0.0154476,3.80092e+06,0.394969,-0.000666054,993086,29.5513,677558,22248.2,162991,0.157014,118.413,6399.43,3.0152,17.7027,33.4846,2.00013e+06
43.3,-0.0154476,3.80092e+06,0.393393,-0.000666054,993085,29.4021,677558,22188.7,162992,0.156387,117.314,6399.28,2.99553,17.5909,33.4219,1.99643e+06
43.4,-0.0154476,3.80092e+06,0.391822,-0.000666054,993084,29.2549,677558,22129.3,162992,0.155763,116.242,6399.12,2.97599,17.4799,33.3593,1.99274e+06
43.5,-0.0154476,3.80092e+06,0.390258,-0.000666054,993083,29.1095,677558,22070,162992,0.155141,115.194,6398.96,2.95657,17.3695,33.2968,1.98906e+06
43.6,-0.0154476,3.80092e+06,0.3887,-0.000666054,993082,28.9658,677558,22010.9,162992,0.154522,114.171,6398.8,2.93729,17.2597,33.2345,1.98538e+06
43.7,-0.0154476,3.80092e+06,0.387148,-0.000666054,993081,28.8239,677558,21951.9,162992,0.153906,113.171,6398.64,2.91814,17.1507,33.1723,1.98171e+06
43.8,-0.0154476,3.80092e+06,0.385603,-0.000666054,993080,28.6837,677558,21893,162992,0.153291,112.195,6398.48,2.89912,17.0423,33.1102,1.97805e+06
43.9,-0.0154476,3.80092e+06,0.384064,-0.000666055,993079,28.5451,677558,21834.3,162992,0.152679,111.242,6398.31,2.88022,16.9345,33.0482,1.97439e+06
44,-0.0154476,3.80092e+06,0.38253,-0.000666055,993078,28.4081,677558,21775.7,162992,0.15207,110.31,6398.14,2.86145,16.8274,32.9864,1.97074e+06
44.1,-0.0154476,3.80092e+06,0.381003,-0.000666055,993077,28.2726,677558,21717.2,162992,0.151462,109.399,6397.97,2.8428,16.721,32.9247,1.9671e+06
44.2,-0.0154476,3.80092e+06,0.379482,-0.000666055,993076,28.1386,677558,21658.9,162992,0.150858,108.509,6397.79,2.82429,16.6152,32.8631,1.96347e+06
44.3,-0.0154476,3.80092e+06,0.377967,-0.000666055,993075,28.006,677558,21600.7,162992,0.150255,107.638,6397.62,2.80589,16.5101,32.8016,1.95984e+06
44.4,-0.0154476,3.80092e+06,0.376459,-0.000666055,993075,27.8748,677558,21542.7,162992,0.149656,106.787,6397.44,2.78762,16.4056,32.7403,1.95622e+06
44.5,-0.0154476,3.80092e+06,0.374956,-0.000666055,993074,27.7449,677558,21484.8,162992,0.149058,105.955,6397.26,2.76947,16.3017,32.6791,1.95261e+06
44.6,-0.0154476,3.80092e+06,0.373459,-0.000666055,993073,27.6163,677559,21427,162992,0.148463,105.141,6397.07,2.75144,16.1985,32.618,1.94901e+06
44.7,-0.0154476,3.80092e+06,0.371968,-0.000666055,993072,27.4888,677559,21369.4,162992,0.147871,104.344,6396.89,2.73353,16.096,32.557,1.94541e+06
44.8,-0.0154476,3.80092e+06,0.370483,-0.000666056,993071,27.3626,677559,21311.9,162992,0.147281,103.565,6396.7,2.71574,15.994,32.4961,1.94182e+06
44.9,-0.0154476,3.80092e+06,0.369004,-0.000666056,993070,27.2376,677559,21254.5,162992,0.146693,102.802,6396.51,2.69807,15.8928,32.4354,1.93823e+06
45,-0.0154476,3.80092e+06,0.367531,-0.000666056,993069,27.1139,677559,21197.3,162992,0.146107,102.056,6396.32,2.68052,15.7921,32.3748,1.93466e+06
45.1,-0.0154476,3.80092e+06,0.366064,-0.000666056,993068,26.9913,677559,21140.2,162992,0.145524,101.326,6396.13,2.66309,15.6921,32.3143,1.93109e+06
45.2,-0.0154476,3.80092e+06,0.364603,-0.000666056,993068,26.8699,677559,21083.2,162992,0.144943,100.611,6395.94,2.64577,15.5927,32.2539,1.92752e+06
45.3,-0.0154476,3.80092e+06,0.363147,-0.000666056,993067,26.7495,677559,21026.4,162992,0.144365,99.9113,6395.74,2.62857,15.4939,32.1937,1.92397e+06
45.4,-0.0154476,3.80092e+06,0.361697,-0.000666056,993066,26.6301,677559,20969.7,162992,0.143789,99.2258,6395.54,2.61148,15.3957,32.1336,1.92042e+06
45.5,-0.0154476,3.80092e+06,0.360254,-0.000666056,993065,26.5118,677559,20913.1,162992,0.143215,98.5543,6395.34,2.59451,15.2982,32.0736,1.91688e+06
45.6,-0.0154476,3.80092e+06,0.358815,-0.000666056,993064,26.3944,677559,20856.7,162992,0.142643,97.8964,6395.14,2.57765,15.2012,32.0137,1.91334e+06
45.7,-0.0154476,3.80092e+06,0.357383,-0.000666057,993063,26.2778,677559,20800.4,162992,0.142074,97.2517,6394.93,2.5609,15.1049,31.9539,1.90982e+06
45.8,-0.0154476,3.80092e+06,0.355956,-0.000666057,993062,26.1622,677559,20744.2,162992,0.141507,96.6197,6394.73,2.54427,15.0092,31.8943,1.9063e+06
45.9,-0.0154476,3.80092e+06,0.354535,-0.000666057,993062,26.0474,677559,20688.1,162992,0.140942,96.0002,6394.52,2.52775,14.9141,31.8348,1.90278e+06
46,-0.0154476,3.80092e+06,0.35312,-0.000666057,993061,25.9334,677559,20632.2,162993,0.14038,95.3926,6394.31,2.51133,14.8196,31.7754,1.89928e+06
46.1,-0.0154476,3.80092e+06,0.35171,-0.000666057,993060,25.8203,677559,20576.5,162993,0.139819,94.7969,6394.1,2.49503,14.7257,31.7161,1.89578e+06
46.2,-0.0154476,3.80092e+06,0.350306,-0.000666057,993059,25.7082,677559,20520.8,162993,0.139261,94.213,6393.88,2.47883,14.6324,31.6569,1.89228e+06
46.3,-0.0154476,3.80092e+06,0.348908,-0.000666057,993058,25.5969,677559,20465.3,162993,0.138705,93.6402,6393.67,2.46275,14.5397,31.5979,1.8888e+06
46.4,-0.0154476,3.80092e+06,0.347515,-0.000666057,993057,25.4865,677559,20410,162993,0.138152,93.0783,6393.45,2.44677,14.4476,31.5389,1.88532e+06
46.5,-0.0154476,3.80092e+06,0.346128,-0.000666057,993057,25.3767,677559,20354.7,162993,0.1376,92.5268,6393.23,2.4309,14.356,31.4801,1.88185e+06
46.6,-0.0154476,3.80092e+06,0.344746,-0.000666058,993056,25.2678,677559,20299.6,162993,0.137051,91.9855,6393.01,2.41513,14.2651,31.4214,1.87838e+06
46.7,-0.0154476,3.80092e+06,0.34337,-0.000666058,993055,25.1596,677559,20244.6,162993,0.136504,91.4541,6392.79,2.39947,14.1747,31.3629,1.87492e+06
46.8,-0.0154476,3.80092e+06,0.341999,-0.000666058,993054,25.052,677559,20189.8,162993,0.135959,90.9322,6392.57,2.38391,14.0849,31.3044,1.87147e+06
46.9,-0.0154476,3.80092e+06,0.340634,-0.000666058,993053,24.9452,677559,20135,162993,0.135417,90.4197,6392.34,2.36846,13.9957,31.2461,1.86803e+06
47,-0.0154476,3.80092e+06,0.339274,-0.000666058,993053,24.839,677559,20080.5,162993,0.134876,89.9161,6392.11,2.35311,13.9071,31.1879,1.86459e+06
47.1,-0.0154476,3.80092e+06,0.33792,-0.000666058,993052,24.7335,677559,20026,162993,0.134338,89.4212,6391.88,2.33786,13.819,31.1297,1.86116e+06
47.2,-0.0154476,3.80092e+06,0.336571,-0.000666058,993051,24.6286,677559,19971.7,162993,0.133801,88.9348,6391.65,2.32272,13.7315,31.0718,1.85773e+06
47.3,-0.0154476,3.80092e+06,0.335227,-0.000666058,993050,24.5244,677559,19917.5,162993,0.133267,88.4568,6391.42,2.30767,13.6445,31.0139,1.85432e+06
47.4,-0.0154476,3.80092e+06,0.333889,-0.000666058,993050,24.4209,677559,19863.4,162993,0.132735,87.9872,6391.19,2.29273,13.5581,30.9561,1.85091e+06
47.5,-0.0154476,3.80092e+06,0.332556,-0.000666059,993049,24.318,677559,19809.5,162993,0.132205,87.5255,6390.95,2.27788,13.4723,30.8985,1.8475e+06
47.6,-0.0154476,3.80092e+06,0.331228,-0.000666059,993048,24.2158,677559,19755.7,162993,0.131678,87.0714,6390.71,2.26314,13.387,30.841,1.8441e+06
47.7,-0.0154476,3.80092e+06,0.329906,-0.000666059,993047,24.1141,677559,19702,162993,0.131152,86.6247,6390.47,2.24849,13.3023,30.7836,1.84071e+06
47.8,-0.0154476,3.80092e+06,0.328589,-0.000666059,993047,24.0131,677559,19648.4,162993,0.130629,86.1852,6390.23,2.23394,13.2181,30.7263,1.83733e+06
47.9,-0.0154476,3.80092e+06,0.327277,-0.000666059,993046,23.9126,677559,19595,162993,0.130107,85.7527,6389.99,2.21949,13.1345,30.6691,1.83395e+06
48,-0.0154476,3.80092e+06,0.325971,-0.000666059,993045,23.8127,677559,19541.7,162993,0.129588,85.3271,6389.75,2.20513,13.0514,30.612,1.83058e+06
48.1,-0.0154476,3.80092e+06,0.32467,-0.000666059,993044,23.7134,677559,19488.5,162993,0.12907,84.908,6389.5,2.19087,12.9688,30.5551,1.82722e+06
48.2,-0.0154476,3.80092e+06,0.323374,-0.000666059,993044,23.6147,677559,19435.5,162993,0.128555,84.4953,6389.25,2.17671,12.8868,30.4982,1.82386e+06
48.3,-0.0154476,3.80092e+06,0.322083,-0.000666059,993043,23.5165,677559,19382.6,162993,0.128042,84.0888,6389,2.16263,12.8053,30.4415,1.82051e+06
48.4,-0.0154476,3.80092e+06,0.320797,-0.000666059,993042,23.4188,677559,19329.8,162993,0.127531,83.6883,6388.75,2.14866,12.7243,30.3849,1.81717e+06
48.5,-0.0154476,3.80092e+06,0.319516,-0.00066606,993041,23.3217,677559,19277.2,162993,0.127022,83.2938,6388.5,2.13477,12.6439,30.3284,1.81383e+06
48.6,-0.0154476,3.80092e+06,0.318241,-0.00066606,993041,23.2251,677559,19224.6,162993,0.126515,82.9053,6388.25,2.12098,12.564,30.272,1.8105e+06
48.7,-0.0154476,3.80092e+06,0.31697,-0.00066606,993040,23.1291,677559,19172.2,162993,0.12601,82.5224,6387.99,2.10728,12.4846,30.2158,1.80718e+06
48.8,-0.0154476,3.80092e+06,0.315705,-0.00066606,993039,23.0335,677559,19120,162993,0.125507,82.1449,6387.74,2.09367,12.4057,30.1596,1.80386e+06
48.9,-0.0154476,3.80092e+06,0.314445,-0.00066606,993038,22.9385,677559,19067.8,162993,0.125006,81.7728,6387.48,2.08015,12.3273,30.1036,1.80055e+06
49,-0.0154476,3.80092e+06,0.313189,-0.00066606,993038,22.844,677559,19015.8,162993,0.124507,81.4059,6387.22,2.06672,12.2494,30.0477,1.79724e+06
49.1,-0.0154476,3.80092e+06,0.311939,-0.00066606,993037,22.7499,677559,18963.9,162993,0.12401,81.044,6386.96,2.05338,12.1721,29.9918,1.79395e+06
49.2,-0.0154476,3.80092e+06,0.310694,-0.00066606,993036,22.6564,677559,18912.1,162993,0.123515,80.6869,6386.7,2.04013,12.0952,29.9361,1.79065e+06
49.3,-0.0154476,3.80092e+06,0.309454,-0.00066606,993036,22.5634,677559,18860.5,162993,0.123022,80.3347,6386.43,2.02697,12.0189,29.8805,1.78737e+06
49.4,-0.0154476,3.80092e+06,0.308218,-0.000666061,993035,22.4708,677559,18809,162993,0.12253,79.987,6386.17,2.0139,11.943,29.8251,1.78409e+06
49.5,-0.0154476,3.80092e+06,0.306988,-0.000666061,993034,22.3787,677559,18757.6,162994,0.122041,79.6438,6385.9,2.00091,11.8677,29.7697,1.78082e+06
49.6,-0.0154476,3.80092e+06,0.305762,-0.000666061,993033,22.2871,677559,18706.3,162994,0.121554,79.305,6385.63,1.98801,11.7928,29.7144,1.77755e+06
49.7,-0.0154476,3.80092e+06,0.304542,-0.000666061,993033,22.1959,677559,18655.2,162994,0.121069,78.9705,6385.36,1.97519,11.7184,29.6593,1.77429e+06
49.8,-0.0154476,3.80092e+06,0.303326,-0.000666061,993032,22.1052,677559,18604.2,162994,0.120586,78.6403,6385.09,1.96246,11.6446,29.6043,1.77104e+06
49.9,-0.0154476,3.80092e+06,0.302115,-0.000666061,993031,22.015,677559,18553.3,162994,0.120104,78.3142,6384.82,1.94981,11.5711,29.5493,1.7678e+06
50,-0.0154476,3.80092e+06,0.300909,-0.000666061,993031,21.9252,677559,18502.5,162994,0.119625,77.9921,6384.54,1.93725,11.4982,29.4945,1.76456e+06
50.1,-0.0154476,3.80092e+06,0.299708,-0.000666061,993030,21.8358,677559,18451.9,162994,0.119147,77.6738,6384.27,1.92477,11.4258,29.4398,1.76132e+06
50.2,-0.0154476,3.80092e+06,0.298511,-0.000666061,993029,21.7469,677559,18401.3,162994,0.118672,77.3593,6383.99,1.91238,11.3538,29.3852,1.7581e+06
50.3,-0.0154476,3.80092e+06,0.29732,-0.000666061,993029,21.6585,677559,18351,162994,0.118198,77.0485,6383.71,1.90007,11.2823,29.3307,1.75488e+06
50.4,-0.0154476,3.80092e+06,0.296133,-0.000666062,993028,21.5704,677559,18300.7,162994,0.117726,76.7413,6383.43,1.88783,11.2112,29.2763,1.75166e+06
50.5,-0.0154476,3.80092e+06,0.294951,-0.000666062,993027,21.4827,677559,18250.5,162994,0.117256,76.4376,6383.15,1.87568,11.1407,29.2221,1.74845e+06
50.6,-0.0154476,3.80092e+06,0.293773,-0.000666062,993027,21.3955,677559,18200.5,162994,0.116788,76.1372,6382.87,1.86362,11.0706,29.1679,1.74525e+06
50.7,-0.0154476,3.80092e+06,0.2926,-0.000666062,993026,21.3087,677559,18150.6,162994,0.116322,75.8402,6382.58,1.85163,11.0009,29.1139,1.74206e+06
50.8,-0.0154476,3.80092e+06,0.291432,-0.000666062,993025,21.2222,677559,18100.8,162994,0.115858,75.5463,6382.3,1.83972,10.9317,29.0599,1.73887e+06
50.9,-0.0154476,3.80092e+06,0.290269,-0.000666062,993025,21.1362,677559,18051.2,162994,0.115395,75.2557,6382.01,1.82789,10.863,29.0061,1.73569e+06
51,-0.0154476,3.80092e+06,0.28911,-0.000666062,993024,21.0506,677559,18001.6,162994,0.114935,74.9682,6381.72,1.81613,10.7947,28.9524,1.73251e+06
51.1,-0.0154476,3.80092e+06,0.287956,-0.000666062,993023,20.9654,677559,17952.2,162994,0.114476,74.6838,6381.43,1.80446,10.7268,28.8987,1.72934e+06
51.2,-0.0154476,3.80092e+06,0.286807,-0.000666062,993023,20.8806,677559,17902.9,162994,0.114019,74.4023,6381.14,1.79286,10.6594,28.8452,1.72618e+06
51.3,-0.0154476,3.80092e+06,0.285662,-0.000666062,993022,20.7962,677559,17853.8,162994,0.113564,74.1237,6380.85,1.78134,10.5925,28.7918,1.72302e+06
51.4,-0.0154476,3.80092e+06,0.284521,-0.000666063,993021,20.7121,677559,17804.7,162994,0.11311,73.8479,6380.55,1.7699,10.526,28.7385,1.71987e+06
51.5,-0.0154476,3.80092e+06,0.283385,-0.000666063,993021,20.6285,677559,17755.8,162994,0.112659,73.5748,6380.26,1.75853,10.4599,28.6854,1.71672e+06
51.6,-0.0154476,3.80092e+06,0.282254,-0.000666063,993020,20.5452,677559,17707,162994,0.112209,73.3044,6379.96,1.74724,10.3942,28.6323,1.71359e+06
51.7,-0.0154476,3.80092e+06,0.281127,-0.000666063,993020,20.4622,677559,17658.3,162994,0.111761,73.0366,6379.66,1.73602,10.329,28.5793,1.71045e+06
51.8,-0.0154476,3.80092e+06,0.280005,-0.000666063,993019,20.3796,677559,17609.8,162994,0.111315,72.7714,6379.36,1.72488,10.2642,28.5264,1.70733e+06
51.9,-0.0154476,3.80092e+06,0.278887,-0.000666063,993018,20.2974,677559,17561.3,162994,0.110871,72.5086,6379.06,1.71381,10.1999,28.4737,1.70421e+06
52,-0.0154476,3.80092e+06,0.277774,-0.000666063,993018,20.2155,677559,17513,162994,0.110428,72.2482,6378.76,1.70282,10.1359,28.421,1.70109e+06
52.1,-0.0154476,3.80092e+06,0.276665,-0.000666063,993017,20.134,677559,17464.8,162994,0.109987,71.9902,6378.46,1.69189,10.0724,28.3685,1.69799e+06
52.2,-0.0154476,3.80092e+06,0.275561,-0.000666063,993016,20.0529,677559,17416.7,162994,0.109548,71.7346,6378.16,1.68104,10.0093,28.316,1.69488e+06
52.3,-0.0154476,3.80092e+06,0.274461,-0.000666063,993016,19.9721,677559,17368.8,162994,0.109111,71.4814,6377.85,1.67027,9.94664,28.2637,1.69179e+06
52.4,-0.0154476,3.80092e+06,0.273365,-0.000666064,993015,19.8917,677559,17320.9,162994,0.108675,71.2303,6377.54,1.65956,9.88436,28.2114,1.6887e+06
52.5,-0.0154476,3.80092e+06,0.272274,-0.000666064,993015,19.8116,677559,17273.2,162994,0.108242,70.9814,6377.23,1.64892,9.8225,28.1593,1.68562e+06
52.6,-0.0154476,3.80092e+06,0.271187,-0.000666064,993014,19.7319,677559,17225.6,162994,0.107809,70.7347,6376.93,1.63836,9.76104,28.1073,1.68254e+06
52.7,-0.0154476,3.80092e+06,0.270104,-0.000666064,993013,19.6525,677559,17178.1,162994,0.107379,70.49,6376.61,1.62786,9.69999,28.0554,1.67947e+06
52.8,-0.0154476,3.80092e+06,0.269026,-0.000666064,993013,19.5734,677559,17130.7,162994,0.10695,70.2474,6376.3,1.61743,9.63934,28.0035,1.6764e+06
52.9,-0.0154476,3.80092e+06,0.267952,-0.000666064,993012,19.4947,677559,17083.5,162994,0.106524,70.0068,6375.99,1.60708,9.57908,27.9518,1.67335e+06
53,-0.0154476,3.80092e+06,0.266882,-0.000666064,993012,19.4163,677559,17036.4,162994,0.106098,69.768,6375.68,1.59679,9.51923,27.9002,1.67029e+06
53.1,-0.0154476,3.80092e+06,0.265817,-0.000666064,993011,19.3383,677559,16989.4,162994,0.105675,69.5312,6375.36,1.58657,9.45977,27.8487,1.66725e+06
53.2,-0.0154476,3.80092e+06,0.264756,-0.000666064,993011,19.2605,677559,16942.5,162994,0.105253,69.2962,6375.04,1.57642,9.4007,27.7973,1.66421e+06
53.3,-0.0154476,3.80092e+06,0.263699,-0.000666064,993010,19.1831,677559,16895.7,162994,0.104833,69.0631,6374.72,1.56633,9.34202,27.746,1.66117e+06
53.4,-0.0154476,3.80092e+06,0.262646,-0.000666065,993009,19.106,677559,16849,162994,0.104414,68.8318,6374.41,1.55631,9.28372,27.6948,1.65814e+06
53.5,-0.0154476,3.80092e+06,0.261598,-0.000666065,993009,19.0293,677559,16802.5,162994,0.103997,68.6023,6374.08,1.54636,9.22581,27.6437,1.65512e+06
53.6,-0.0154476,3.80092e+06,0.260553,-0.000666065,993008,18.9529,677559,16756.1,162994,0.103582,68.3746,6373.76,1.53647,9.16828,27.5927,1.6521e+06
53.7,-0.0154476,3.80092e+06,0.259513,-0.000666065,993008,18.8768,677559,16709.7,162994,0.103169,68.1485,6373.44,1.52665,9.11113,27.5418,1.64909e+06
53.8,-0.0154476,3.80092e+06,0.258477,-0.000666065,993007,18.801,677559,16663.6,162995,0.102757,67.9241,6373.12,1.51689,9.05435,27.491,1.64609e+06
53.9,-0.0154476,3.80092e+06,0.257446,-0.000666065,993007,18.7255,677559,16617.5,162995,0.102347,67.7013,6372.79,1.5072,8.99795,27.4404,1.64309e+06
54,-0.0154476,3.80092e+06,0.256418,-0.000666065,993006,18.6504,677559,16571.5,162995,0.101938,67.4801,6372.46,1.49757,8.94192,27.3898,1.6401e+06
54.1,-0.0154476,3.80092e+06,0.255394,-0.000666065,993005,18.5755,677559,16525.7,162995,0.101531,67.2604,6372.14,1.48801,8.88626,27.3393,1.63711e+06
54.2,-0.0154476,3.80092e+06,0.254375,-0.000666065,993005,18.501,677559,16479.9,162995,0.101126,67.0423,6371.81,1.47851,8.83096,27.2889,1.63413e+06
54.3,-0.0154476,3.80092e+06,0.253359,-0.000666065,993004,18.4268,677559,16434.3,162995,0.100722,66.8257,6371.48,1.46907,8.77603,27.2386,1.63115e+06
54.4,-0.0154476,3.80092e+06,0.252348,-0.000666066,993004,18.3529,677559,16388.8,162995,0.10032,66.6105,6371.15,1.45969,8.72146,27.1885,1.62818e+06
54.5,-0.0154476,3.80092e+06,0.25134,-0.000666066,993003,18.2793,677559,16343.4,162995,0.0999198,66.3968,6370.81,1.45038,8.66725,27.1384,1.62522e+06
54.6,-0.0154476,3.80092e+06,0.250337,-0.000666066,993003,18.206,677559,16298.2,162995,0.0995209,66.1846,6370.48,1.44113,8.6134,27.0884,1.62226e+06
54.7,-0.0154476,3.80092e+06,0.249338,-0.000666066,993002,18.1331,677559,16253,162995,0.0991236,65.9738,6370.14,1.43193,8.5599,27.0385,1.61931e+06
54.8,-0.0154476,3.80092e+06,0.248342,-0.000666066,993002,18.0604,677559,16208,162995,0.0987279,65.7644,6369.81,1.4228,8.50675,26.9887,1.61636e+06
54.9,-0.0154476,3.80092e+06,0.247351,-0.000666066,993001,17.988,677559,16163,162995,0.0983338,65.5563,6369.47,1.41373,8.45396,26.9391,1.61342e+06
55,-0.0154476,3.80092e+06,0.246364,-0.000666066,993001,17.9159,677559,16118.2,162995,0.0979413,65.3495,6369.13,1.40472,8.40151,26.8895,1.61049e+06
55.1,-0.0154476,3.80092e+06,0.24538,-0.000666066,993000,17.8442,677559,16073.5,162995,0.0975503,65.1441,6368.79,1.39577,8.3494,26.84,1.60756e+06
55.2,-0.0154476,3.80092e+06,0.2444,-0.000666066,992999,17.7727,677559,16028.9,162995,0.0971609,64.94,6368.45,1.38688,8.29764,26.7906,1.60464e+06
55.3,-0.0154476,3.80092e+06,0.243425,-0.000666066,992999,17.7015,677559,15984.5,162995,0.0967731,64.7371,6368.11,1.37805,8.24622,26.7413,1.60172e+06
55.4,-0.0154476,3.80092e+06,0.242453,-0.000666066,992998,17.6306,677559,15940.1,162995,0.0963868,64.5355,6367.77,1.36927,8.19514,26.6922,1.59881e+06
55.5,-0.0154476,3.80092e+06,0.241485,-0.000666067,992998,17.56,677559,15895.9,162995,0.096002,64.3351,6367.42,1.36055,8.1444,26.6431,1.59591e+06
55.6,-0.0154476,3.80092e+06,0.240521,-0.000666067,992997,17.4897,677559,15851.7,162995,0.0956188,64.1359,6367.08,1.35189,8.09399,26.5941,1.59301e+06
55.7,-0.0154476,3.80092e+06,0.239561,-0.000666067,992997,17.4197,677559,15807.7,162995,0.0952371,63.9379,6366.73,1.34329,8.04391,26.5452,1.59011e+06
55.8,-0.0154476,3.80092e+06,0.238605,-0.000666067,992996,17.35,677559,15763.8,162995,0.0948569,63.7412,6366.39,1.33474,7.99416,26.4964,1.58722e+06
55.9,-0.0154476,3.80092e+06,0.237652,-0.000666067,992996,17.2806,677559,15720,162995,0.0944783,63.5455,6366.04,1.32625,7.94474,26.4477,1.58434e+06
56,-0.0154476,3.80092e+06,0.236703,-0.000666067,992995,17.2114,677559,15676.3,162995,0.0941011,63.3511,6365.69,1.31782,7.89564,26.3991,1.58146e+06
56.1,-0.0154476,3.80092e+06,0.235759,-0.000666067,992995,17.1426,677559,15632.7,162995,0.0937255,63.1577,6365.34,1.30944,7.84687,26.3507,1.57859e+06
56.2,-0.0154476,3.80092e+06,0.234817,-0.000666067,992994,17.074,677559,15589.3,162995,0.0933514,62.9655,6364.99,1.30112,7.79842,26.3023,1.57573e+06
56.3,-0.0154476,3.80092e+06,0.23388,-0.000666067,992994,17.0057,677559,15545.9,162995,0.0929787,62.7743,6364.63,1.29285,7.75028,26.254,1.57287e+06
56.4,-0.0154476,3.80092e+06,0.232946,-0.000666067,992993,16.9377,677559,15502.7,162995,0.0926075,62.5842,6364.28,1.28464,7.70247,26.2058,1.57001e+06
56.5,-0.0154476,3.80092e+06,0.232016,-0.000666067,992993,16.8699,677559,15459.5,162995,0.0922379,62.3952,6363.93,1.27648,7.65496,26.1576,1.56717e+06
56.6,-0.0154476,3.80092e+06,0.23109,-0.000666068,992992,16.8025,677559,15416.5,162995,0.0918697,62.2073,6363.57,1.26837,7.60777,26.1096,1.56432e+06
56.7,-0.0154476,3.80092e+06,0.230168,-0.000666068,992992,16.7353,677559,15373.6,162995,0.0915029,62.0204,6363.21,1.26032,7.5609,26.0617,1.56149e+06
56.8,-0.0154476,3.80092e+06,0.229249,-0.000666068,992991,16.6683,677559,15330.8,162995,0.0911377,61.8345,6362.85,1.25232,7.51433,26.0139,1.55866e+06
56.9,-0.0154476,3.80092e+06,0.228334,-0.000666068,992991,16.6017,677559,15288.1,162995,0.0907738,61.6496,6362.5,1.24437,7.46806,25.9662,1.55583e+06
57,-0.0154476,3.80092e+06,0.227422,-0.000666068,992990,16.5353,677559,15245.5,162995,0.0904115,61.4658,6362.14,1.23648,7.4221,25.9186,1.55301e+06
57.1,-0.0154476,3.80092e+06,0.226514,-0.000666068,992990,16.4693,677559,15203,162995,0.0900506,61.283,6361.77,1.22863,7.37644,25.871,1.55019e+06
57.2,-0.0154476,3.80092e+06,0.22561,-0.000666068,992990,16.4034,677559,15160.6,162995,0.0896911,61.1011,6361.41,1.22084,7.33109,25.8236,1.54739e+06
57.3,-0.0154476,3.80092e+06,0.224709,-0.000666068,992989,16.3379,677559,15118.4,162995,0.0893331,60.9202,6361.05,1.2131,7.28603,25.7763,1.54458e+06
57.4,-0.0154476,3.80092e+06,0.223812,-0.000666068,992989,16.2726,677559,15076.2,162995,0.0889765,60.7403,6360.68,1.20541,7.24126,25.729,1.54178e+06
57.5,-0.0154476,3.80092e+06,0.222919,-0.000666068,992988,16.2076,677559,15034.2,162995,0.0886213,60.5614,6360.32,1.19777,7.19679,25.6819,1.53899e+06
57.6,-0.0154476,3.80092e+06,0.222029,-0.000666068,992988,16.1429,677559,14992.3,162995,0.0882675,60.3834,6359.95,1.19019,7.15262,25.6348,1.5362e+06
57.7,-0.0154476,3.80092e+06,0.221143,-0.000666069,992987,16.0784,677559,14950.4,162995,0.0879151,60.2063,6359.59,1.18265,7.10873,25.5878,1.53342e+06
57.8,-0.0154476,3.80092e+06,0.22026,-0.000666069,992987,16.0142,677559,14908.7,162995,0.0875642,60.0301,6359.22,1.17516,7.06513,25.541,1.53065e+06
57.9,-0.0154476,3.80092e+06,0.219381,-0.000666069,992986,15.9502,677559,14867.1,162995,0.0872147,59.8548,6358.85,1.16772,7.02182,25.4942,1.52788e+06
58,-0.0154476,3.80092e+06,0.218505,-0.000666069,992986,15.8865,677559,14825.6,162995,0.0868665,59.6804,6358.48,1.16033,6.9788,25.4475,1.52511e+06
58.1,-0.0154476,3.80092e+06,0.217633,-0.000666069,992985,15.8231,677559,14784.2,162995,0.0865197,59.5069,6358.11,1.15299,6.93605,25.4009,1.52235e+06
58.2,-0.0154476,3.80092e+06,0.216764,-0.000666069,992985,15.7599,677559,14742.9,162995,0.0861744,59.3342,6357.73,1.14569,6.89359,25.3545,1.5196e+06
58.3,-0.0154476,3.80092e+06,0.215898,-0.000666069,992984,15.697,677559,14701.7,162995,0.0858304,59.1624,6357.36,1.13845,6.85141,25.3081,1.51685e+06
58.4,-0.0154476,3.80092e+06,0.215037,-0.000666069,992984,15.6343,677559,14660.6,162995,0.0854877,58.9914,6356.99,1.13125,6.8095,25.2618,1.51411e+06
58.5,-0.0154476,3.80092e+06,0.214178,-0.000666069,992984,15.5719,677559,14619.7,162995,0.0851465,58.8212,6356.61,1.1241,6.76787,25.2155,1.51137e+06
58.6,-0.0154476,3.80092e+06,0.213323,-0.000666069,992983,15.5097,677559,14578.8,162995,0.0848066,58.6519,6356.23,1.11699,6.72651,25.1694,1.50864e+06
58.7,-0.0154476,3.80092e+06,0.212472,-0.000666069,992983,15.4477,677559,14538,162995,0.084468,58.4833,6355.86,1.10993,6.68543,25.1234,1.50591e+06
58.8,-0.0154476,3.80092e+06,0.211623,-0.00066607,992982,15.386,677559,14497.4,162995,0.0841308,58.3155,6355.48,1.10292,6.64461,25.0775,1.50319e+06
58.9,-0.0154476,3.80092e+06,0.210779,-0.00066607,992982,15.3245,677559,14456.8,162995,0.083795,58.1485,6355.1,1.09596,6.60407,25.0316,1.50047e+06
59,-0.0154476,3.80092e+06,0.209937,-0.00066607,992981,15.2633,677559,14416.4,162996,0.0834605,57.9825,6354.72,1.08904,6.56378,24.9859,1.49776e+06
59.1,-0.0154476,3.80092e+06,0.209099,-0.00066607,992981,15.2024,677559,14376.1,162996,0.0831273,57.8174,6354.34,1.08216,6.52377,24.9402,1.49505e+06
59.2,-0.0154476,3.80092e+06,0.208264,-0.00066607,992981,15.1417,677559,14335.8,162996,0.0827955,57.6531,6353.96,1.07533,6.48401,24.8946,1.49235e+06
59.3,-0.0154476,3.80092e+06,0.207433,-0.00066607,992980,15.0813,677559,14295.7,162996,0.082465,57.4896,6353.57,1.06855,6.44452,24.8492,1.48966e+06
59.4,-0.0154476,3.80092e+06,0.206605,-0.00066607,992980,15.0212,677559,14255.7,162996,0.0821358,57.3269,6353.19,1.06181,6.40528,24.8038,1.48697e+06
59.5,-0.0154476,3.80092e+06,0.20578,-0.00066607,992979,14.9613,677559,14215.7,162996,0.0818079,57.165,6352.81,1.05511,6.3663,24.7585,1.48429e+06
59.6,-0.0154476,3.80092e+06,0.204959,-0.00066607,992979,14.9016,677559,14175.9,162996,0.0814814,57.0038,6352.42,1.04846,6.32758,24.7133,1.48161e+06
59.7,-0.0154476,3.80092e+06,0.20414,-0.00066607,992978,14.8421,677559,14136.2,162996,0.0811561,56.8434,6352.03,1.04185,6.28911,24.6682,1.47893e+06
59.8,-0.0154476,3.80092e+06,0.203326,-0.00066607,992978,14.7829,677559,14096.6,162996,0.0808321,56.6837,6351.64,1.03529,6.2509,24.6232,1.47627e+06
59.9,-0.0154476,3.80092e+06,0.202514,-0.000666071,992978,14.724,677559,14057.1,162996,0.0805095,56.5247,6351.26,1.02876,6.21293,24.5782,1.4736e+06
60,-0.0154476,3.80092e+06,0.201705,-0.000666071,992977,14.6652,677559,14017.7,162996,0.0801881,56.3664,6350.87,1.02228,6.17521,24.5334,1.47094e+06
60.1,-0.0154476,3.80092e+06,0.2009,-0.000666071,992977,14.6067,677559,13978.4,162996,0.079868,56.2089,6350.48,1.01585,6.13775,24.4886,1.46829e+06
60.2,-0.0154476,3.80092e+06,0.200098,-0.000666071,992976,14.5484,677559,13939.2,162996,0.0795492,56.052,6350.08,1.00945,6.10052,24.444,1.46565e+06
60.3,-0.0154476,3.80092e+06,0.199299,-0.000666071,992976,14.4904,677559,13900.1,162996,0.0792316,55.8959,6349.69,1.0031,6.06354,24.3994,1.463e+06
60.4,-0.0154476,3.80092e+06,0.198504,-0.000666071,992976,14.4326,677559,13861.1,162996,0.0789153,55.7404,6349.3,0.996788,6.02681,24.3549,1.46037e+06
60.5,-0.0154476,3.80092e+06,0.197711,-0.000666071,992975,14.375,677559,13822.2,162996,0.0786003,55.5855,6348.91,0.990518,5.99031,24.3105,1.45774e+06
60.6,-0.0154476,3.80092e+06,0.196922,-0.000666071,992975,14.3176,677559,13783.4,162996,0.0782865,55.4313,6348.51,0.984288,5.95406,24.2662,1.45511e+06
60.7,-0.0154476,3.80092e+06,0.196136,-0.000666071,992974,14.2604,677559,13744.7,162996,0.077974,55.2777,6348.11,0.9781,5.91804,24.222,1.45249e+06
60.8,-0.0154476,3.80092e+06,0.195353,-0.000666071,992974,14.2034,677559,13706.1,162996,0.0776628,55.1247,6347.72,0.971952,5.88226,24.1779,1.44987e+06
60.9,-0.0154476,3.80092e+06,0.194573,-0.000666071,992974,14.1467,677559,13667.6,162996,0.0773527,54.9722,6347.32,0.965844,5.84671,24.1338,1.44726e+06
61,-0.0154476,3.80092e+06,0.193796,-0.000666071,992973,14.0901,677559,13629.2,162996,0.0770439,54.8204,6346.92,0.959776,5.81139,24.0899,1.44466e+06
61.1,-0.0154476,3.80092e+06,0.193023,-0.000666072,992973,14.0339,677559,13590.9,162996,0.0767364,54.6697,6346.52,0.953748,5.77631,24.046,1.44206e+06
61.2,-0.0154476,3.80092e+06,0.192252,-0.000666072,992973,13.9779,677559,13552.7,162996,0.0764301,54.5198,6346.12,0.947759,5.74146,24.0023,1.43946e+06
61.3,-0.0154476,3.80092e+06,0.191485,-0.000666072,992972,13.9221,677559,13514.6,162996,0.076125,54.3704,6345.72,0.941809,5.70683,23.9586,1.43687e+06
61.4,-0.0154476,3.80092e+06,0.19072,-0.000666072,992972,13.8666,677559,13476.6,162996,0.0758211,54.2218,6345.32,0.935898,5.67243,23.915,1.43428e+06
61.5,-0.0154476,3.80092e+06,0.189959,-0.000666072,992971,13.8113,677559,13438.7,162996,0.0755184,54.0737,6344.92,0.930026,5.63825,23.8715,1.4317e+06
61.6,-0.0154476,3.80092e+06,0.189201,-0.000666072,992971,13.7562,677559,13400.9,162996,0.075217,53.9263,6344.51,0.924192,5.6043,23.828,1.42913e+06
61.7,-0.0154476,3.80092e+06,0.188445,-0.000666072,992971,13.7013,677559,13363.2,162996,0.0749167,53.7796,6344.11,0.918396,5.57057,23.7847,1.42656e+06
61.8,-0.0154476,3.80092e+06,0.187693,-0.000666072,992970,13.6466,677559,13325.6,162996,0.0746176,53.6334,6343.7,0.912638,5.53706,23.7415,1.424e+06
61.9,-0.0154476,3.80092e+06,0.186944,-0.000666072,992970,13.5921,677559,13288.2,162996,0.0743198,53.4879,6343.3,0.906918,5.50378,23.6983,1.42144e+06
62,-0.0154476,3.80092e+06,0.186198,-0.000666072,992970,13.5379,677559,13250.8,162996,0.0740231,53.3429,6342.89,0.901235,5.4707,23.6552,1.41888e+06
62.1,-0.0154476,3.80092e+06,0.185454,-0.000666072,992969,13.4839,677559,13213.5,162996,0.0737276,53.1986,6342.48,0.895589,5.43785,23.6122,1.41633e+06
62.2,-0.0154476,3.80092e+06,0.184714,-0.000666072,992969,13.43,677559,13176.3,162996,0.0734333,53.0548,6342.07,0.88998,5.40521,23.5693,1.41379e+06
62.3,-0.0154476,3.80092e+06,0.183977,-0.000666073,992968,13.3764,677559,13139.1,162996,0.0731402,52.9116,6341.66,0.884407,5.37278,23.5265,1.41125e+06
62.4,-0.0154476,3.80092e+06,0.183242,-0.000666073,992968,13.323,677559,13102.1,162996,0.0728482,52.769,6341.25,0.878871,5.34057,23.4838,1.40871e+06
62.5,-0.0154476,3.80092e+06,0.182511,-0.000666073,992968,13.2698,677560,13065.2,162996,0.0725574,52.6269,6340.84,0.873371,5.30857,23.4411,1.40618e+06
62.6,-0.0154476,3.80092e+06,0.181782,-0.000666073,992967,13.2168,677560,13028.4,162996,0.0722677,52.4854,6340.43,0.867906,5.27677,23.3986,1.40366e+06
62.7,-0.0154476,3.80092e+06,0.181056,-0.000666073,992967,13.164,677560,12991.7,162996,0.0719793,52.3444,6340.02,0.862478,5.24518,23.3561,1.40114e+06
62.8,-0.0154476,3.80092e+06,0.180334,-0.000666073,992967,13.1114,677560,12955.1,162996,0.0716919,52.204,6339.6,0.857084,5.2138,23.3137,1.39863e+06
62.9,-0.0154476,3.80092e+06,0.179614,-0.000666073,992966,13.059,677560,12918.6,162996,0.0714057,52.064,6339.19,0.851726,5.18263,23.2714,1.39612e+06
63,-0.0154476,3.80092e+06,0.178897,-0.000666073,992966,13.0068,677560,12882.1,162996,0.0711207,51.9245,6338.77,0.846403,5.15166,23.2292,1.39361e+06
63.1,-0.0154476,3.80092e+06,0.178183,-0.000666073,992966,12.9548,677560,12845.8,162996,0.0708368,51.7856,6338.36,0.841114,5.12089,23.1871,1.39111e+06
63.2,-0.0154476,3.80092e+06,0.177471,-0.000666073,992965,12.9031,677560,12809.6,162996,0.070554,51.6476,6337.94,0.83586,5.09032,23.145,1.38862e+06
63.3,-0.0154476,3.80092e+06,0.176763,-0.000666073,992965,12.8516,677560,12773.4,162996,0.0702723,51.5102,6337.52,0.83064,5.05995,23.103,1.38613e+06
63.4,-0.0154476,3.80092e+06,0.176057,-0.000666073,992965,12.8002,677560,12737.4,162996,0.0699918,51.3733,6337.1,0.825454,5.02978,23.0612,1.38365e+06
63.5,-0.0154476,3.80092e+06,0.175354,-0.000666074,992964,12.7491,677560,12701.5,162996,0.0697124,51.237,6336.68,0.820301,4.99981,23.0194,1.38117e+06
63.6,-0.0154476,3.80092e+06,0.174654,-0.000666074,992964,12.6982,677560,12665.6,162996,0.0694341,51.1012,6336.26,0.815183,4.97003,22.9776,1.37869e+06
63.7,-0.0154476,3.80092e+06,0.173957,-0.000666074,992964,12.6474,677560,12629.8,162996,0.0691569,50.966,6335.84,0.810097,4.94044,22.936,1.37622e+06
63.8,-0.0154476,3.80092e+06,0.173263,-0.000666074,992963,12.5969,677560,12594.2,162996,0.0688809,50.8313,6335.42,0.805045,4.91105,22.8945,1.37376e+06
63.9,-0.0154476,3.80092e+06,0.172571,-0.000666074,992963,12.5466,677560,12558.6,162996,0.0686059,50.6971,6335,0.800025,4.88185,22.853,1.3713e+06
64,-0.0154476,3.80092e+06,0.171882,-0.000666074,992963,12.4965,677560,12523.1,162996,0.068332,50.5635,6334.57,0.795038,4.85285,22.8116,1.36884e+06
64.1,-0.0154476,3.80092e+06,0.171196,-0.000666074,992962,12.4465,677560,12487.8,162996,0.0680593,50.4304,6334.15,0.790084,4.82403,22.7703,1.36639e+06
64.2,-0.0154476,3.80092e+06,0.170512,-0.000666074,992962,12.3968,677560,12452.5,162996,0.0677876,50.2979,6333.73,0.785162,4.79539,22.7291,1.36394e+06
64.3,-0.0154476,3.80092e+06,0.169832,-0.000666074,992962,12.3472,677560,12417.3,162996,0.067517,50.1658,6333.3,0.780271,4.76695,22.688,1.3615e+06
64.4,-0.0154476,3.80092e+06,0.169154,-0.000666074,992961,12.2979,677560,12382.2,162996,0.0672474,50.0343,6332.87,0.775413,4.73869,22.6469,1.35907e+06
64.5,-0.0154476,3.80092e+06,0.168479,-0.000666074,992961,12.2488,677560,12347.2,162996,0.066979,49.9033,6332.45,0.770586,4.71061,22.606,1.35664e+06
64.6,-0.0154476,3.80092e+06,0.167806,-0.000666074,992961,12.1998,677560,12312.3,162996,0.0667116,49.7728,6332.02,0.76579,4.68272,22.5651,1.35421e+06
64.7,-0.0154476,3.80092e+06,0.167136,-0.000666074,992960,12.1511,677560,12277.4,162996,0.0664453,49.6428,6331.59,0.761026,4.65501,22.5243,1.35179e+06
64.8,-0.0154476,3.80092e+06,0.166469,-0.000666075,992960,12.1025,677560,12242.7,162996,0.0661801,49.5134,6331.16,0.756292,4.62748,22.4836,1.34937e+06
64.9,-0.0154476,3.80092e+06,0.165804,-0.000666075,992960,12.0541,677560,12208.1,162996,0.0659159,49.3844,6330.73,0.751589,4.60013,22.4429,1.34696e+06
65,-0.0154476,3.80092e+06,0.165142,-0.000666075,992960,12.006,677560,12173.5,162996,0.0656527,49.2559,6330.3,0.746917,4.57295,22.4024,1.34455e+06
65.1,-0.0154476,3.80092e+06,0.164483,-0.000666075,992959,11.958,677560,12139.1,162996,0.0653907,49.1279,6329.87,0.742275,4.54595,22.3619,1.34215e+06
65.2,-0.0154476,3.80092e+06,0.163827,-0.000666075,992959,11.9102,677560,12104.7,162996,0.0651296,49.0005,6329.44,0.737663,4.51913,22.3215,1.33975e+06
65.3,-0.0154476,3.80092e+06,0.163173,-0.000666075,992959,11.8626,677560,12070.5,162996,0.0648696,48.8736,6329,0.733081,4.49249,22.2812,1.33736e+06
65.4,-0.0154476,3.80092e+06,0.162521,-0.000666075,992958,11.8152,677560,12036.3,162996,0.0646107,48.7472,6328.57,0.728528,4.46601,22.2409,1.33497e+06
65.5,-0.0154476,3.80092e+06,0.161872,-0.000666075,992958,11.768,677560,12002.2,162996,0.0643527,48.6213,6328.13,0.724005,4.43971,22.2008,1.33259e+06
65.6,-0.0154476,3.80092e+06,0.161226,-0.000666075,992958,11.7209,677560,11968.2,162996,0.0640959,48.4959,6327.7,0.719512,4.41358,22.1607,1.33021e+06
65.7,-0.0154476,3.80092e+06,0.160583,-0.000666075,992957,11.6741,677560,11934.3,162997,0.06384,48.371,6327.26,0.715048,4.38762,22.1207,1.32784e+06
65.8,-0.0154476,3.80092e+06,0.159942,-0.000666075,992957,11.6274,677560,11900.5,162997,0.0635851,48.2466,6326.83,0.710612,4.36183,22.0808,1.32547e+06
65.9,-0.0154476,3.80092e+06,0.159303,-0.000666075,992957,11.581,677560,11866.8,162997,0.0633313,48.1227,6326.39,0.706206,4.33621,22.041,1.3231e+06
66,-0.0154476,3.80092e+06,0.158667,-0.000666075,992957,11.5347,677560,11833.1,162997,0.0630785,47.9993,6325.95,0.701827,4.31075,22.0012,1.32074e+06
66.1,-0.0154476,3.80092e+06,0.158034,-0.000666076,992956,11.4886,677560,11799.6,162997,0.0628267,47.8764,6325.51,0.697478,4.28546,21.9616,1.31839e+06
66.2,-0.0154476,3.80092e+06,0.157403,-0.000666076,992956,11.4427,677560,11766.1,162997,0.0625759,47.754,6325.07,0.693156,4.26033,21.922,1.31604e+06
66.3,-0.0154476,3.80092e+06,0.156775,-0.000666076,992956,11.3969,677560,11732.8,162997,0.0623261,47.6321,6324.63,0.688862,4.23536,21.8825,1.31369e+06
66.4,-0.0154476,3.80092e+06,0.156149,-0.000666076,992955,11.3514,677560,11699.5,162997,0.0620773,47.5107,6324.19,0.684596,4.21056,21.843,1.31135e+06
66.5,-0.0154476,3.80092e+06,0.155525,-0.000666076,992955,11.306,677560,11666.3,162997,0.0618295,47.3897,6323.75,0.680358,4.18592,21.8037,1.30901e+06
66.6,-0.0154476,3.80092e+06,0.154904,-0.000666076,992955,11.2609,677560,11633.2,162997,0.0615827,47.2693,6323.31,0.676147,4.16144,21.7644,1.30668e+06
66.7,-0.0154476,3.80092e+06,0.154286,-0.000666076,992955,11.2159,677560,11600.2,162997,0.0613368,47.1493,6322.86,0.671964,4.13711,21.7252,1.30435e+06
66.8,-0.0154476,3.80092e+06,0.15367,-0.000666076,992954,11.1711,677560,11567.3,162997,0.061092,47.0299,6322.42,0.667807,4.11295,21.6861,1.30203e+06
66.9,-0.0154476,3.80092e+06,0.153057,-0.000666076,992954,11.1264,677560,11534.4,162997,0.0608481,46.9109,6321.98,0.663677,4.08894,21.647,1.29971e+06
67,-0.0154476,3.80092e+06,0.152446,-0.000666076,992954,11.082,677560,11501.7,162997,0.0606052,46.7924,6321.53,0.659574,4.06508,21.6081,1.2974e+06
67.1,-0.0154476,3.80092e+06,0.151837,-0.000666076,992954,11.0377,677560,11469,162997,0.0603633,46.6744,6321.09,0.655498,4.04139,21.5692,1.29509e+06
67.2,-0.0154476,3.80092e+06,0.151231,-0.000666076,992953,10.9936,677560,11436.5,162997,0.0601223,46.5569,6320.64,0.651448,4.01784,21.5304,1.29278e+06
67.3,-0.0154476,3.80092e+06,0.150627,-0.000666076,992953,10.9497,677560,11404,162997,0.0598823,46.4398,6320.19,0.647423,3.99445,21.4917,1.29048e+06
67.4,-0.0154476,3.80092e+06,0.150026,-0.000666077,992953,10.906,677560,11371.6,162997,0.0596432,46.323,6319.74,0.643425,3.9712,21.453,1.28819e+06
67.5,-0.0154476,3.80092e+06,0.149427,-0.000666077,992953,10.8624,677560,11339.3,162997,0.0594052,46.2067,6319.3,0.639453,3.94811,21.4144,1.2859e+06
67.6,-0.0154476,3.80092e+06,0.148831,-0.000666077,992952,10.819,677560,11307.1,162997,0.059168,46.0908,6318.85,0.635506,3.92517,21.3759,1.28361e+06
67.7,-0.0154476,3.80092e+06,0.148236,-0.000666077,992952,10.7757,677560,11274.9,162997,0.0589318,45.9754,6318.4,0.631584,3.90238,21.3375,1.28133e+06
67.8,-0.0154476,3.80092e+06,0.147645,-0.000666077,992952,10.7327,677560,11242.9,162997,0.0586966,45.8605,6317.95,0.627688,3.87973,21.2992,1.27905e+06
67.9,-0.0154476,3.80092e+06,0.147055,-0.000666077,992951,10.6898,677560,11210.9,162997,0.0584622,45.746,6317.5,0.623817,3.85723,21.2609,1.27678e+06
68,-0.0154476,3.80092e+06,0.146468,-0.000666077,992951,10.647,677560,11179,162997,0.0582289,45.6319,6317.04,0.619971,3.83487,21.2227,1.27451e+06
68.1,-0.0154476,3.80092e+06,0.145883,-0.000666077,992951,10.6045,677560,11147.3,162997,0.0579964,45.5184,6316.59,0.616149,3.81266,21.1846,1.27225e+06
68.2,-0.0154476,3.80092e+06,0.145301,-0.000666077,992951,10.5621,677560,11115.6,162997,0.0577649,45.4052,6316.14,0.612352,3.7906,21.1466,1.26999e+06
68.3,-0.0154476,3.80092e+06,0.144721,-0.000666077,992950,10.5199,677560,11083.9,162997,0.0575343,45.2925,6315.69,0.60858,3.76867,21.1086,1.26773e+06
68.4,-0.0154476,3.80092e+06,0.144143,-0.000666077,992950,10.4778,677560,11052.4,162997,0.0573046,45.1803,6315.23,0.604832,3.74689,21.0707,1.26548e+06
68.5,-0.0154476,3.80092e+06,0.143568,-0.000666077,992950,10.436,677560,11020.9,162997,0.0570758,45.0685,6314.78,0.601108,3.72525,21.0329,1.26324e+06
68.6,-0.0154476,3.80092e+06,0.142995,-0.000666077,992950,10.3943,677560,10989.6,162997,0.056848,44.9571,6314.32,0.597408,3.70374,20.9952,1.26099e+06
68.7,-0.0154476,3.80092e+06,0.142424,-0.000666078,992949,10.3527,677560,10958.3,162997,0.056621,44.8462,6313.86,0.593732,3.68238,20.9575,1.25876e+06
68.8,-0.0154476,3.80092e+06,0.141855,-0.000666078,992949,10.3114,677560,10927.1,162997,0.056395,44.7358,6313.41,0.59008,3.66115,20.92,1.25652e+06
68.9,-0.0154476,3.80092e+06,0.141289,-0.000666078,992949,10.2702,677560,10896,162997,0.0561699,44.6258,6312.95,0.586451,3.64007,20.8825,1.2543e+06
69,-0.0154476,3.80092e+06,0.140725,-0.000666078,992949,10.2291,677560,10865,162997,0.0559456,44.5162,6312.49,0.582845,3.61911,20.845,1.25207e+06
69.1,-0.0154476,3.80092e+06,0.140163,-0.000666078,992949,10.1882,677560,10834,162997,0.0557223,44.4071,6312.03,0.579263,3.59829,20.8077,1.24985e+06
69.2,-0.0154476,3.80092e+06,0.139604,-0.000666078,992948,10.1475,677560,10803.2,162997,0.0554999,44.2984,6311.57,0.575703,3.57761,20.7704,1.24764e+06
69.3,-0.0154476,3.80092e+06,0.139046,-0.000666078,992948,10.107,677560,10772.4,162997,0.0552783,44.1902,6311.11,0.572167,3.55706,20.7332,1.24543e+06
69.4,-0.0154476,3.80092e+06,0.138491,-0.000666078,992948,10.0666,677560,10741.7,162997,0.0550576,44.0824,6310.65,0.568653,3.53664,20.6961,1.24322e+06
69.5,-0.0154476,3.80092e+06,0.137938,-0.000666078,992948,10.0264,677560,10711.1,162997,0.0548378,43.9751,6310.19,0.565162,3.51636,20.659,1.24102e+06
69.6,-0.0154476,3.80092e+06,0.137388,-0.000666078,992947,9.98636,677560,10680.6,162997,0.0546189,43.8682,6309.73,0.561694,3.49621,20.622,1.23882e+06
69.7,-0.0154476,3.80092e+06,0.136839,-0.000666078,992947,9.94647,677560,10650.1,162997,0.0544009,43.7618,6309.27,0.558247,3.47618,20.5851,1.23663e+06
69.8,-0.0154476,3.80092e+06,0.136293,-0.000666078,992947,9.90674,677560,10619.8,162997,0.0541837,43.6558,6308.81,0.554823,3.45629,20.5483,1.23444e+06
69.9,-0.0154476,3.80092e+06,0.135749,-0.000666078,992947,9.86718,677560,10589.5,162997,0.0539674,43.5503,6308.34,0.551421,3.43652,20.5115,1.23225e+06
70,-0.0154476,3.80092e+06,0.135207,-0.000666078,992946,9.82778,677560,10559.3,162997,0.053752,43.4452,6307.88,0.548041,3.41688,20.4749,1.23007e+06
