Time,V,Ap,ApM,I,ThN,ThE,TkN,TkE,B,Ps,Pl,Bm,IgM,IgG,C,NK
0,61,1e+06,0,0,1e+06,0,500000,0,250000,0,0,0,0,0,0,200000
0.1,70.7373,616244,0.0199951,0.000130695,999999,0.740248,398096,0.0325625,282497,0.00161437,0.0348234,0.0070264,4.84354e-06,8.83409e-07,4.64103,200001
0.2,82.0259,393819,0.032592,0.000261897,999997,2.58586,339033,0.101411,305255,0.00550819,0.266386,0.0542268,3.45312e-05,1.35721e-05,4.64773,200004
0.3,95.114,267263,0.0401416,0.000379417,999995,5.11103,305427,0.184333,321206,0.0104425,0.846503,0.173898,0.000103048,6.56203e-05,4.65182,200009
0.4,110.289,195144,0.044251,0.000489537,999992,8.02443,286276,0.27234,332407,0.0155228,1.87236,0.388272,0.000215079,0.000196669,4.65414,200016
0.5,127.884,154125,0.04602,0.000592216,999989,11.129,275384,0.361422,340288,0.0201917,3.39308,0.71048,0.000368909,0.000453437,4.65528,200024
0.6,148.285,130901,0.0462245,0.000691894,999986,14.292,269217,0.449439,345852,0.0241507,5.42248,1.14681,0.000559177,0.000885374,4.65563,200034
0.7,171.942,117729,0.0454191,0.000789924,999982,17.4254,265719,0.535005,349803,0.0272822,7.95049,1.69877,0.000778872,0.00154158,4.65548,200046
0.8,199.372,110253,0.0440188,0.000889123,999979,20.4745,263734,0.617302,352638,0.0295889,10.9517,2.36467,0.00102057,0.00246899,4.65506,200059
0.9,231.179,106016,0.0423327,0.000992578,999976,23.4096,262609,0.695934,354701,0.0311477,14.3925,3.14097,0.00127724,0.00371125,4.65452,200073
1,268.06,103613,0.0405924,0.00110449,999974,26.2197,261971,0.770829,356238,0.0320758,18.2359,4.02321,0.00154281,0.00530812,4.65399,200090
1.1,310.826,102247,0.0389679,0.00123,999971,28.9074,261608,0.842188,357423,0.0325076,22.4455,5.00678,0.00181232,0.00729542,4.65356,200108
1.2,360.416,101469,0.0375723,0.00137547,999968,31.485,261402,0.910418,358379,0.0325785,26.9874,6.08736,0.00208203,0.0097052,4.6533,200128
1.3,417.916,101032,0.0364619,0.00154774,999966,33.9711,261286,0.97605,359193,0.0324138,31.8322,7.26124,0.00234936,0.0125661,4.65324,200151
1.4,484.589,100795,0.0356437,0.0017543,999963,36.3861,261222,1.03966,359933,0.0321191,36.9553,8.52555,0.00261275,0.0159039,4.65341,200176
1.5,561.898,100669,0.0350954,0.00200268,999961,38.7498,261189,1.10178,360647,0.0317756,42.3374,9.87828,0.00287149,0.019742,4.65379,200205
1.6,651.541,100620,0.0347762,0.00229952,999958,41.0799,261176,1.1629,361375,0.0314427,47.9633,11.3181,0.00312542,0.0241019,4.65439,200238
1.7,755.482,100586,0.0346059,0.00265311,999956,43.3886,261167,1.22335,362152,0.0311507,53.8228,12.8448,0.00337487,0.0290037,4.65519,200277
1.8,875.999,100555,0.034476,0.00307143,999954,45.683,261159,1.28327,363009,0.0309118,59.9082,14.4582,0.0036203,0.0344666,4.65614,200321
1.9,1015.74,100521,0.0346038,0.00352851,999951,47.9743,261150,1.34322,363972,0.0307353,66.214,16.1589,0.00386226,0.0405087,4.65739,200372
2,1177.76,100497,0.0342988,0.00415076,999949,50.2454,261143,1.40206,365070,0.0305937,72.7355,17.9474,0.00410116,0.0471479,4.65861,200431
2.1,1365.6,100516,0.0327132,0.00499898,999946,52.4557,261149,1.45756,366331,0.0304211,79.4664,19.8239,0.00433707,0.0544011,4.65944,200502
2.2,1583.39,100503,0.0340159,0.00528245,999944,54.6409,261145,1.51349,367789,0.0301918,86.3945,21.7876,0.00456954,0.0622845,4.66189,200581
2.3,1835.91,100480,0.0346269,0.00657572,999942,56.9045,261139,1.57209,369482,0.0302471,93.526,23.8408,0.00479937,0.0708133,4.66434,200672
2.4,2128.66,100476,0.0340941,0.00747812,999939,59.1757,261138,1.63035,371454,0.0303684,100.878,25.9886,0.00502867,0.0800041,4.66657,200780
2.5,2468.08,100471,0.0344582,0.00860547,999937,61.4057,261137,1.68729,373756,0.0303913,108.451,28.2326,0.00525716,0.0898746,4.66961,200904
2.6,2861.59,100468,0.0340296,0.00986954,999935,63.6314,261136,1.74391,376449,0.030461,116.247,30.5747,0.00548423,0.100442,4.67271,201049
2.7,3317.8,100466,0.0340106,0.0117694,999932,65.8674,261135,1.80046,379606,0.0306092,124.279,33.0191,0.00571067,0.111724,4.67658,201216
2.8,3846.7,100465,0.0337518,0.0134978,999930,68.0828,261135,1.85608,383317,0.0307419,132.562,35.5705,0.00593681,0.12374,4.68089,201410
2.9,4459.85,100464,0.0340862,0.015713,999928,70.2983,261135,1.91127,387687,0.030932,141.112,38.2339,0.0061627,0.136511,4.68634,201633
3,5170.66,100464,0.0338869,0.018367,999925,72.5076,261135,1.96578,392848,0.0311657,149.954,41.0162,0.00638879,0.150059,4.69217,201893
3.1,5994.69,100464,0.0343029,0.020642,999923,74.7299,261135,2.02004,398964,0.0314946,159.121,43.9263,0.00661585,0.16441,4.69933,202193
3.2,6949.93,100464,0.0347472,0.0245755,999921,76.9687,261135,2.07405,406235,0.0319382,168.654,46.9746,0.00684439,0.179592,4.70753,202539
3.3,8057.25,100463,0.0344523,0.0283613,999918,79.2082,261135,2.12726,414917,0.0324391,178.61,50.1753,0.00707572,0.195639,4.71673,202941
3.4,9340.85,100463,0.0345983,0.0323805,999916,81.4326,261135,2.17909,425335,0.032975,189.049,53.5436,0.00730986,0.212589,4.72751,203405
3.5,10828.7,100463,0.0345437,0.0376498,999913,83.6506,261135,2.22963,437909,0.033598,200.053,57.0996,0.00754739,0.230489,4.73984,203941
3.6,12553.4,100463,0.034495,0.0435453,999911,85.863,261135,2.2787,453189,0.0343353,211.728,60.8684,0.00778914,0.249393,4.75411,204560
3.7,14552.5,100463,0.0344873,0.0503163,999909,88.0723,261135,2.32613,471906,0.0352247,224.208,64.8825,0.00803621,0.269367,4.77059,205273
3.8,16869.5,100463,0.0345944,0.0581523,999906,90.2888,261135,2.37195,495054,0.0363314,237.677,69.1844,0.00829016,0.290493,4.78963,206095
3.9,19555.1,100463,0.0344573,0.0670637,999904,92.4885,261135,2.4152,524006,0.0376374,252.372,73.8295,0.00855278,0.312873,4.81141,207041
4,22667.7,100463,0.0345098,0.0773386,999901,94.6795,261135,2.45573,560715,0.0392426,268.615,78.8917,0.00882614,0.336636,4.83659,208129
4.1,26275.5,100462,0.0346736,0.0890392,999899,96.8687,261135,2.49332,608039,0.041266,286.854,84.473,0.00911325,0.361949,4.86551,209378
4.2,30456.9,100462,0.0343632,0.102597,999897,99.051,261135,2.52736,670230,0.0438389,307.719,90.7154,0.00941822,0.389028,4.89846,210811
4.3,35302.7,100462,0.0344866,0.117952,999894,101.228,261135,2.55735,753833,0.0471649,332.115,97.8209,0.00974648,0.418167,4.93639,212450
4.4,40918.1,100462,0.0344096,0.135525,999892,103.401,261135,2.5827,869382,0.0515669,361.399,106.09,0.0101057,0.449765,4.97962,214323
4.5,47425.3,100461,0.0341173,0.155556,999890,105.563,261135,2.60255,1.03464e+06,0.0575449,397.685,115.987,0.0105071,0.484394,5.02881,216458
4.6,54964.4,100461,0.0344381,0.178144,999887,107.715,261135,2.6161,1.28033e+06,0.0658925,444.309,128.238,0.0109669,0.522871,5.08506,218885
4.7,63699.4,100460,0.0344191,0.203711,999885,109.87,261135,2.62289,1.66492e+06,0.0780608,507.098,144.099,0.0115112,0.566472,5.14866,221638
4.8,73819,100460,0.0344199,0.23277,999882,112.028,261135,2.62191,2.30391e+06,0.0965872,596.516,165.808,0.0121824,0.617239,5.22061,224751
4.9,85541.2,100459,0.0342655,0.265296,999880,114.17,261135,2.61163,3.44629e+06,0.12694,732.877,197.676,0.0130552,0.678668,5.30165,228261
5,99118.2,100459,0.0342463,0.301767,999878,116.302,261135,2.59115,5.68054e+06,0.180351,959.302,248.787,0.0142737,0.757244,5.39273,232203
5.1,114839,100458,0.0339904,0.342787,999875,118.429,261135,2.55943,1.05473e+07,0.283514,1376.59,340.228,0.0161338,0.86612,5.49456,236613
5.2,133036,100457,0.0341265,0.388115,999873,120.545,261135,2.51522,2.26019e+07,0.508651,2249.36,527.022,0.0193217,1.03506,5.60814,241526
5.3,154082,100456,0.0340567,0.438665,999871,122.653,261135,2.45754,5.74896e+07,1.07525,4381.43,975.379,0.0256562,1.34152,5.73404,246973
5.4,178374,100455,0.0339491,0.494498,999868,124.751,261135,2.38543,1.78878e+08,2.78226,10654.4,2278.27,0.0407823,2.0225,5.87293,252983
5.5,206251,100454,0.0338919,0.555584,999866,126.84,261135,2.29827,7.03372e+08,9.12229,33659.1,7015.7,0.0858997,3.95973,6.0253,259575
5.6,237542,100453,0.0337746,0.620711,999864,128.917,261135,2.19598,3.60427e+09,39.3127,142389,29274.9,0.260554,11.2709,6.1912,266752
5.7,268646,100451,0.0336763,0.681163,999861,130.983,261135,2.0803,2.46062e+10,229.546,826415,168725,1.17234,49.0533,6.36947,274461
5.8,270769,100450,0.0336299,0.676183,999859,133.041,261135,1.96185,2.04188e+11,1755.42,6.34435e+06,1.29077e+06,7.58049,314.934,6.55205,282343
5.9,113013,100452,0.0341831,0.313834,999857,135.108,261135,1.89858,9.49476e+11,11519.7,4.23888e+07,8.63079e+06,55.136,2308.64,6.69163,288294
6,507.004,100458,0.0337533,0.00288047,999854,137.206,261135,1.95768,8.9241e+11,27172.1,1.07796e+08,2.21387e+07,227.008,9850.17,6.71609,289302
6.1,8.18684e-05,100461,0.0265633,-4.94362e-07,999852,138.919,261135,2.02458,6.24184e+11,32601,1.5495e+08,3.21918e+07,491.925,23037.6,6.71044,289221
6.2,-0.000646464,100463,0.0264559,-2.75491e-05,999851,140.468,261135,2.0854,4.36402e+11,32718.1,1.85588e+08,3.90004e+07,773.86,39961.2,6.70831,289131
6.3,-0.00436419,100463,0.0263503,-0.000149835,999849,142.007,261135,2.14574,3.05137e+11,30581.9,2.04627e+08,4.34885e+07,1044.04,59208.3,6.70619,289042
6.4,-0.00348708,100464,0.0262451,-7.46396e-06,999847,143.535,261135,2.20563,2.13353e+11,27369.9,2.15559e+08,4.63331e+07,1288.46,79789.2,6.70407,288953
6.5,-0.00785241,100464,0.0261403,-0.000572023,999845,145.053,261135,2.26504,1.49177e+11,23790,2.20846e+08,4.80217e+07,1501.33,101017,6.70196,288864
6.6,-0.0103124,100464,0.026036,-0.000264323,999843,146.561,261135,2.324,1.04306e+11,20250.8,2.22225e+08,4.89028e+07,1681.63,122416,6.69984,288775
6.7,-0.00930006,100464,0.0259321,-0.00045393,999842,148.059,261135,2.38251,7.29307e+10,16971.5,2.20923e+08,4.92246e+07,1831.01,143661,6.69773,288686
6.8,-0.0117155,100464,0.0258285,-0.000910831,999840,149.546,261135,2.44055,5.09934e+10,14053.2,2.17804e+08,4.91626e+07,1952.43,164531,6.69563,288597
6.9,-0.0116342,100464,0.0257254,-0.000894038,999838,151.023,261135,2.49815,3.56549e+10,11526.8,2.13478e+08,4.88406e+07,2049.4,184880,6.69352,288509
7,-0.0116379,100464,0.0256227,-0.000894835,999836,152.491,261135,2.5553,2.49321e+10,9382.45,2.08371e+08,4.83454e+07,2125.46,204614,6.69142,288420
7.1,-0.0116382,100464,0.0255204,-0.000894911,999834,153.948,261135,2.612,1.74344e+10,7589.44,2.02784e+08,4.77382e+07,2183.95,223676,6.68931,288331
7.2,-0.0116366,100464,0.0254186,-0.000894644,999833,155.395,261135,2.66825,1.21827e+10,6107.65,1.96928e+08,4.70616e+07,2227.87,242032,6.68721,288243
7.3,-0.0116359,100464,0.0253171,-0.000894533,999831,156.833,261135,2.72407,8.51246e+09,4893.74,1.90945e+08,4.63446e+07,2259.84,259669,6.68511,288154
7.4,-0.0116361,100464,0.025216,-0.000894563,999829,158.261,261135,2.77944,5.95131e+09,3906.51,1.84935e+08,4.56073e+07,2282.07,276586,6.68302,288066
7.5,-0.0116363,100464,0.0251154,-0.000894589,999827,159.678,261135,2.83438,4.15954e+09,3108.71,1.78969e+08,4.48639e+07,2296.43,292787,6.68092,287978
7.6,-0.0116363,100464,0.0250151,-0.000894601,999826,161.086,261135,2.88888,2.90466e+09,2467.26,1.73094e+08,4.4124e+07,2304.48,308285,6.67883,287889
7.7,-0.0116363,100464,0.0249152,-0.0008946,999824,162.485,261135,2.94295,2.03047e+09,1953.62,1.67338e+08,4.33934e+07,2307.49,323095,6.67674,287801
7.8,-0.0116363,100464,0.0248158,-0.0008946,999822,163.873,261135,2.99659,1.41966e+09,1543.83,1.61723e+08,4.26763e+07,2306.48,337236,6.67465,287713
7.9,-0.0116363,100464,0.0247167,-0.000894601,999821,165.252,261135,3.04981,9.91875e+08,1217.89,1.56262e+08,4.19753e+07,2302.31,350725,6.67257,287625
8,-0.0116363,100464,0.024618,-0.000894601,999819,166.622,261135,3.1026,6.93307e+08,959.316,1.50959e+08,4.12918e+07,2295.65,363584,6.67048,287538
8.1,-0.0116363,100464,0.0245198,-0.000894601,999817,167.982,261135,3.15497,4.84828e+08,754.655,1.45819e+08,4.06266e+07,2287.03,375834,6.6684,287450
8.2,-0.0116364,100464,0.0244219,-0.000894601,999816,169.332,261135,3.20692,3.38727e+08,592.947,1.40841e+08,3.99799e+07,2276.89,387493,6.66632,287362
8.3,-0.0116364,100464,0.0243244,-0.000894601,999814,170.674,261135,3.25845,2.36762e+08,465.426,1.36024e+08,3.93516e+07,2265.57,398584,6.66425,287275
8.4,-0.0116364,100464,0.0242273,-0.000894601,999812,172.005,261135,3.30957,1.65646e+08,365.018,1.31366e+08,3.87414e+07,2253.35,409124,6.66217,287187
8.5,-0.0116364,100464,0.0241306,-0.000894601,999811,173.328,261135,3.36027,1.15865e+08,286.04,1.26864e+08,3.8149e+07,2240.44,419135,6.6601,287100
8.6,-0.0116364,100464,0.0240342,-0.000894601,999809,174.641,261135,3.41057,8.10548e+07,223.993,1.22512e+08,3.75736e+07,2227.01,428636,6.65803,287013
8.7,-0.0116364,100464,0.0239383,-0.000894601,999807,175.944,261135,3.46045,5.67742e+07,175.306,1.18308e+08,3.70149e+07,2213.2,437643,6.65596,286925
8.8,-0.0116364,100464,0.0238427,-0.000894601,999806,177.239,261135,3.50993,3.97873e+07,137.125,1.14246e+08,3.64722e+07,2199.11,446176,6.6539,286838
8.9,-0.0116364,100464,0.0237476,-0.000894601,999804,178.524,261135,3.55901,2.78897e+07,107.201,1.10323e+08,3.59449e+07,2184.82,454252,6.65183,286751
9,-0.0116364,100464,0.0236528,-0.000894601,999802,179.801,261135,3.60769,1.96029e+07,83.7796,1.06534e+08,3.54324e+07,2170.41,461887,6.64977,286664
9.1,-0.0116364,100464,0.0235583,-0.000894601,999801,181.068,261135,3.65596,1.38126e+07,65.4528,1.02875e+08,3.49342e+07,2155.91,469097,6.64771,286577
9.2,-0.0116364,100464,0.0234643,-0.000894601,999799,182.326,261135,3.70385,9.75632e+06,51.1149,9.93409e+07,3.44497e+07,2141.38,475899,6.64566,286491
9.3,-0.0116364,100464,0.0233706,-0.000894601,999797,183.576,261135,3.75133,6.92635e+06,39.9088,9.59281e+07,3.39783e+07,2126.83,482308,6.6436,286404
9.4,-0.0116364,100464,0.0232773,-0.000894601,999796,184.816,261135,3.79843,4.94999e+06,31.153,9.26325e+07,3.35196e+07,2112.3,488337,6.64155,286317
9.5,-0.0116364,100464,0.0231844,-0.000894601,999794,186.047,261135,3.84514,3.56456e+06,24.3105,8.945e+07,3.3073e+07,2097.81,494002,6.6395,286231
9.6,-0.0116364,100464,0.0230919,-0.000894601,999793,187.27,261135,3.89146,2.59806e+06,18.9688,8.63768e+07,3.26381e+07,2083.36,499316,6.63745,286144
9.7,-0.0116364,100464,0.0229997,-0.000894601,999791,188.484,261135,3.93739,1.92403e+06,14.8001,8.34092e+07,3.22145e+07,2068.97,504291,6.6354,286058
9.8,-0.0116364,100464,0.0229079,-0.000894601,999789,189.689,261135,3.98294,1.45219e+06,11.546,8.05436e+07,3.18016e+07,2054.65,508942,6.63336,285972
9.9,-0.0116364,100464,0.0228164,-0.000894601,999788,190.885,261135,4.02811,1.12209e+06,9.00651,7.77765e+07,3.13992e+07,2040.41,513279,6.63132,285886
10,-0.0116364,100464,0.0227253,-0.000894601,999786,192.072,261135,4.0729,891987,7.02617,7.51045e+07,3.10068e+07,2026.25,517315,6.62928,285800
10.1,-0.0116364,100464,0.0226346,-0.000894601,999785,193.251,261135,4.11732,731120,5.48153,7.25243e+07,3.0624e+07,2012.17,521061,6.62724,285714
10.2,-0.0116364,100464,0.0225442,-0.000894601,999783,194.422,261135,4.16136,618286,4.27624,7.00329e+07,3.02505e+07,1998.17,524529,6.62521,285628
10.3,-0.0116364,100464,0.0224542,-0.000894601,999782,195.584,261135,4.20503,539631,3.33681,6.76271e+07,2.9886e+07,1984.27,527728,6.62318,285542
10.4,-0.0116364,100464,0.0223646,-0.000894601,999780,196.737,261135,4.24833,484826,2.60472,6.5304e+07,2.95301e+07,1970.45,530669,6.62115,285456
10.5,-0.0116364,100464,0.0222753,-0.000894601,999779,197.882,261135,4.29126,446451,2.03377,6.30607e+07,2.91826e+07,1956.73,533363,6.61912,285371
10.6,-0.0116364,100464,0.0221864,-0.000894601,999777,199.018,261135,4.33383,419495,1.58832,6.08946e+07,2.88431e+07,1943.09,535817,6.61709,285285
10.7,-0.0116364,100464,0.0220978,-0.000894601,999776,200.146,261135,4.37603,400621,1.24103,5.88029e+07,2.85114e+07,1929.55,538043,6.61507,285199
10.8,-0.0116364,100464,0.0220096,-0.000894601,999774,201.266,261135,4.41787,387481,0.970527,5.67832e+07,2.81872e+07,1916.1,540048,6.61304,285114
10.9,-0.0116364,100464,0.0219218,-0.000894601,999773,202.377,261135,4.45936,378364,0.759921,5.48329e+07,2.78703e+07,1902.74,541842,6.61102,285029
11,-0.0116364,100464,0.0218342,-0.000894601,999771,203.48,261135,4.50048,372035,0.595936,5.29496e+07,2.75604e+07,1889.47,543432,6.60901,284944
11.1,-0.0116364,100464,0.0217471,-0.000894601,999770,204.575,261135,4.54125,367627,0.468213,5.11311e+07,2.72573e+07,1876.3,544826,6.60699,284858
11.2,-0.0116364,100464,0.0216603,-0.000894601,999768,205.662,261135,4.58167,364549,0.368707,4.93751e+07,2.69607e+07,1863.21,546033,6.60498,284773
11.3,-0.0116364,100464,0.0215738,-0.000894601,999767,206.74,261135,4.62174,362397,0.291181,4.76795e+07,2.66705e+07,1850.22,547059,6.60297,284688
11.4,-0.0116364,100464,0.0214877,-0.000894601,999765,207.811,261135,4.66145,360896,0.23078,4.60421e+07,2.63864e+07,1837.32,547912,6.60096,284604
11.5,-0.0116364,100464,0.0214019,-0.000894601,999764,208.873,261135,4.70082,359853,0.183744,4.44611e+07,2.61084e+07,1824.5,548599,6.59895,284519
11.6,-0.0116364,100464,0.0213165,-0.000894601,999762,209.927,261135,4.73985,359129,0.147111,4.29344e+07,2.5836e+07,1811.78,549126,6.59695,284434
11.7,-0.0116364,100464,0.0212314,-0.000894601,999761,210.974,261135,4.77853,358625,0.118575,4.14602e+07,2.55693e+07,1799.14,549500,6.59494,284349
11.8,-0.0116364,100464,0.0211466,-0.000894602,999759,212.012,261135,4.81688,358273,0.0963409,4.00366e+07,2.5308e+07,1786.59,549728,6.59294,284265
11.9,-0.0116364,100464,0.0210622,-0.000894602,999758,213.043,261135,4.85488,358028,0.0790131,3.8662e+07,2.5052e+07,1774.13,549814,6.59094,284180
12,-0.0116364,100464,0.0209781,-0.000894602,999756,214.066,261135,4.89255,357857,0.0655032,3.73347e+07,2.48011e+07,1761.75,549764,6.58895,284096
12.1,-0.0116364,100464,0.0208944,-0.000894602,999755,215.08,261135,4.92988,357735,0.0549455,3.6053e+07,2.45551e+07,1749.47,549586,6.58695,284012
12.2,-0.0116364,100464,0.020811,-0.000894602,999753,216.087,261135,4.96688,357651,0.0467071,3.48153e+07,2.43139e+07,1737.26,549283,6.58496,283928
12.3,-0.0116364,100464,0.0207279,-0.000894602,999752,217.087,261135,5.00354,357592,0.0402735,3.36202e+07,2.40774e+07,1725.14,548860,6.58297,283843
12.4,-0.0116364,100464,0.0206451,-0.000894602,999751,218.078,261135,5.03988,357551,0.0352603,3.24662e+07,2.38455e+07,1713.11,548324,6.58098,283759
12.5,-0.0116364,100464,0.0205627,-0.000894602,999749,219.062,261135,5.07589,357524,0.0313622,3.13519e+07,2.36179e+07,1701.16,547679,6.579,283675
12.6,-0.0116364,100464,0.0204806,-0.000894602,999748,220.039,261135,5.11158,357506,0.0283325,3.02758e+07,2.33947e+07,1689.29,546929,6.57702,283592
12.7,-0.0116364,100464,0.0203989,-0.000894602,999746,221.007,261135,5.14694,357495,0.025998,2.92368e+07,2.31755e+07,1677.51,546078,6.57503,283508
12.8,-0.0116364,100464,0.0203174,-0.000894602,999745,221.968,261135,5.18198,357494,0.02428,2.82334e+07,2.29605e+07,1665.81,545132,6.57306,283424
12.9,-0.0116364,100464,0.0202363,-0.000894602,999744,222.922,261135,5.2167,357496,0.0229838,2.72646e+07,2.27494e+07,1654.19,544095,6.57108,283341
13,-0.0116364,100464,0.0201556,-0.000894602,999742,223.868,261135,5.25111,357492,0.0218707,2.6329e+07,2.2542e+07,1642.65,542969,6.5691,283257
13.1,-0.0116364,100464,0.0200751,-0.000894602,999741,224.807,261135,5.2852,357492,0.0210589,2.54257e+07,2.23385e+07,1631.19,541760,6.56713,283174
13.2,-0.0116364,100464,0.019995,-0.000894602,999739,225.738,261135,5.31897,357488,0.0203273,2.45533e+07,2.21385e+07,1619.81,540471,6.56516,283090
13.3,-0.0116364,100464,0.0199151,-0.000894602,999738,226.662,261135,5.35243,357480,0.0196607,2.3711e+07,2.19421e+07,1608.52,539105,6.56319,283007
13.4,-0.0116364,100464,0.0198356,-0.000894602,999737,227.579,261135,5.38559,357472,0.0190805,2.28976e+07,2.17491e+07,1597.3,537667,6.56122,282924
13.5,-0.0116364,100464,0.0197564,-0.000894602,999735,228.488,261135,5.41843,357465,0.0185858,2.21121e+07,2.15595e+07,1586.15,536159,6.55926,282841
13.6,-0.0116364,100464,0.0196776,-0.000894602,999734,229.39,261135,5.45097,357458,0.0181505,2.13537e+07,2.13731e+07,1575.09,534584,6.5573,282758
13.7,-0.0116364,100464,0.019599,-0.000894602,999733,230.285,261135,5.4832,357455,0.0178272,2.06213e+07,2.11899e+07,1564.1,532946,6.55534,282675
13.8,-0.0116364,100464,0.0195208,-0.000894602,999731,231.172,261135,5.51513,357454,0.0175744,1.99141e+07,2.10098e+07,1553.19,531248,6.55338,282592
13.9,-0.0116364,100464,0.0194429,-0.000894602,999730,232.053,261135,5.54676,357454,0.0173855,1.92312e+07,2.08327e+07,1542.36,529492,6.55142,282509
14,-0.0116364,100464,0.0193652,-0.000894602,999729,232.926,261135,5.57809,357456,0.0172479,1.85718e+07,2.06585e+07,1531.6,527682,6.54947,282426
14.1,-0.0116364,100464,0.0192879,-0.000894602,999727,233.792,261135,5.60912,357457,0.0171425,1.79351e+07,2.04873e+07,1520.92,525820,6.54751,282344
14.2,-0.0116364,100464,0.0192109,-0.000894602,999726,234.651,261135,5.63985,357457,0.0170284,1.73202e+07,2.03188e+07,1510.31,523909,6.54556,282261
14.3,-0.0116364,100464,0.0191342,-0.000894602,999725,235.504,261135,5.67029,357456,0.0169262,1.67264e+07,2.01531e+07,1499.77,521950,6.54362,282179
14.4,-0.0116364,100464,0.0190579,-0.000894602,999723,236.349,261135,5.70044,357455,0.016815,1.61531e+07,1.999e+07,1489.31,519947,6.54167,282096
14.5,-0.0116364,100464,0.0189818,-0.000894602,999722,237.187,261135,5.7303,357453,0.0166958,1.55995e+07,1.98295e+07,1478.92,517902,6.53973,282014
14.6,-0.0116364,100464,0.018906,-0.000894602,999721,238.018,261135,5.75987,357451,0.0165819,1.50649e+07,1.96716e+07,1468.61,515817,6.53778,281932
14.7,-0.0116364,100464,0.0188305,-0.000894602,999719,238.843,261135,5.78915,357448,0.016457,1.45487e+07,1.95161e+07,1458.36,513695,6.53584,281850
14.8,-0.0116364,100464,0.0187554,-0.000894602,999718,239.661,261135,5.81815,357444,0.0162958,1.40502e+07,1.93631e+07,1448.19,511536,6.53391,281768
14.9,-0.0116364,100464,0.0186805,-0.000894602,999717,240.471,261135,5.84686,357439,0.0161289,1.35688e+07,1.92125e+07,1438.09,509344,6.53197,281686
15,-0.0116364,100464,0.0186059,-0.000894602,999716,241.276,261135,5.8753,357436,0.0159933,1.3104e+07,1.90641e+07,1428.06,507120,6.53004,281604
15.1,-0.0116364,100464,0.0185316,-0.000894602,999714,242.073,261135,5.90345,357435,0.0158988,1.26551e+07,1.8918e+07,1418.09,504865,6.52811,281522
15.2,-0.0116364,100464,0.0184577,-0.000894602,999713,242.864,261135,5.93132,357429,0.0156946,1.22217e+07,1.87742e+07,1408.2,502583,6.52618,281440
15.3,-0.0116364,100464,0.018384,-0.000894602,999712,243.647,261135,5.95892,357422,0.0154957,1.18032e+07,1.86324e+07,1398.38,500274,6.52425,281359
15.4,-0.0116364,100464,0.0183106,-0.000894602,999711,244.425,261135,5.98624,357419,0.0153473,1.13991e+07,1.84928e+07,1388.62,497940,6.52232,281277
15.5,-0.0116364,100464,0.0182375,-0.000894602,999709,245.196,261135,6.01328,357421,0.0153189,1.10088e+07,1.83553e+07,1378.94,495583,6.5204,281196
15.6,-0.0116364,100464,0.0181647,-0.000894602,999708,245.96,261135,6.04006,357418,0.0151937,1.0632e+07,1.82198e+07,1369.32,493204,6.51848,281114
15.7,-0.0116364,100464,0.0180922,-0.000894602,999707,246.717,261135,6.06656,357416,0.0150724,1.02681e+07,1.80862e+07,1359.77,490805,6.51656,281033
15.8,-0.0116364,100464,0.01802,-0.000894602,999706,247.469,261135,6.0928,357415,0.0149927,9.91671e+06,1.79546e+07,1350.28,488387,6.51464,280952
15.9,-0.0116364,100464,0.017948,-0.000894602,999704,248.213,261135,6.11876,357418,0.0149842,9.57739e+06,1.78248e+07,1340.86,485952,6.51273,280871
16,-0.0116364,100464,0.0178764,-0.000894602,999703,248.951,261135,6.14447,357422,0.0150005,9.24973e+06,1.7697e+07,1331.51,483500,6.51081,280790
16.1,-0.0116364,100464,0.017805,-0.000894602,999702,249.683,261135,6.16991,357424,0.0149981,8.93334e+06,1.75709e+07,1322.22,481033,6.5089,280709
16.2,-0.0116364,100464,0.0177339,-0.000894602,999701,250.409,261135,6.19508,357428,0.0150102,8.62781e+06,1.74466e+07,1313,478552,6.50699,280628
16.3,-0.0116364,100464,0.0176631,-0.000894602,999699,251.128,261135,6.22,357431,0.0150297,8.33278e+06,1.7324e+07,1303.84,476059,6.50509,280547
16.4,-0.0116364,100464,0.0175926,-0.000894602,999698,251.841,261135,6.24465,357434,0.0150505,8.04788e+06,1.72032e+07,1294.75,473554,6.50318,280466
16.5,-0.0116364,100464,0.0175224,-0.000894602,999697,252.547,261135,6.26905,357438,0.0150773,7.77277e+06,1.7084e+07,1285.72,471039,6.50128,280386
16.6,-0.0116364,100464,0.0174524,-0.000894602,999696,253.248,261135,6.2932,357440,0.0150952,7.50711e+06,1.69664e+07,1276.75,468515,6.49938,280305
16.7,-0.0116364,100464,0.0173828,-0.000894602,999695,253.942,261135,6.31708,357442,0.0150947,7.25057e+06,1.68504e+07,1267.84,465982,6.49748,280225
16.8,-0.0116364,100464,0.0173134,-0.000894602,999693,254.63,261135,6.34072,357442,0.0150645,7.00285e+06,1.6736e+07,1259,463441,6.49558,280144
16.9,-0.0116364,100464,0.0172443,-0.000894602,999692,255.311,261135,6.3641,357442,0.0150315,6.76363e+06,1.66231e+07,1250.21,460894,6.49368,280064
17,-0.0116364,100464,0.0171754,-0.000894602,999691,255.987,261135,6.38724,357442,0.0149864,6.53264e+06,1.65117e+07,1241.49,458342,6.49179,279984
17.1,-0.0116364,100464,0.0171069,-0.000894602,999690,256.657,261135,6.41012,357441,0.0149294,6.30958e+06,1.64018e+07,1232.83,455784,6.4899,279904
17.2,-0.0116364,100464,0.0170386,-0.000894602,999689,257.32,261135,6.43276,357440,0.0148663,6.09417e+06,1.62934e+07,1224.23,453223,6.48801,279824
17.3,-0.0116364,100464,0.0169706,-0.000894602,999688,257.978,261135,6.45516,357439,0.0147943,5.88617e+06,1.61863e+07,1215.69,450658,6.48612,279744
17.4,-0.0116364,100464,0.0169028,-0.000894602,999686,258.629,261135,6.47731,357437,0.0147122,5.68531e+06,1.60806e+07,1207.21,448091,6.48424,279664
17.5,-0.0116364,100464,0.0168353,-0.000894602,999685,259.275,261135,6.49921,357436,0.0146315,5.49136e+06,1.59763e+07,1198.79,445522,6.48236,279584
17.6,-0.0116364,100464,0.0167681,-0.000894602,999684,259.914,261135,6.52088,357435,0.0145603,5.30406e+06,1.58734e+07,1190.43,442952,6.48047,279504
17.7,-0.0116364,100464,0.0167012,-0.000894602,999683,260.548,261135,6.54231,357435,0.0145027,5.12319e+06,1.57717e+07,1182.13,440382,6.47859,279424
17.8,-0.0116364,100464,0.0166345,-0.000894602,999682,261.176,261135,6.5635,357434,0.014438,4.94854e+06,1.56713e+07,1173.88,437812,6.47672,279345
17.9,-0.0116364,100464,0.0165681,-0.000894603,999681,261.798,261135,6.58445,357434,0.0143796,4.77988e+06,1.55722e+07,1165.69,435242,6.47484,279265
18,-0.0116364,100464,0.016502,-0.000894603,999680,262.414,261135,6.60517,357435,0.0143275,4.61702e+06,1.54744e+07,1157.56,432674,6.47297,279186
18.1,-0.0116364,100464,0.0164361,-0.000894603,999678,263.025,261135,6.62565,357435,0.0142802,4.45974e+06,1.53777e+07,1149.49,430109,6.4711,279106
18.2,-0.0116364,100464,0.0163705,-0.000894603,999677,263.629,261135,6.6459,357435,0.0142395,4.30787e+06,1.52822e+07,1141.47,427545,6.46923,279027
18.3,-0.0116364,100464,0.0163051,-0.000894603,999676,264.228,261135,6.66592,357436,0.0142016,4.16121e+06,1.51879e+07,1133.51,424985,6.46736,278948
18.4,-0.0116364,100464,0.01624,-0.000894603,999675,264.821,261135,6.68571,357436,0.0141621,4.01959e+06,1.50948e+07,1125.6,422428,6.4655,278869
18.5,-0.0116364,100464,0.0161752,-0.000894603,999674,265.409,261135,6.70528,357436,0.0141154,3.88283e+06,1.50027e+07,1117.75,419875,6.46363,278790
18.6,-0.0116364,100464,0.0161106,-0.000894603,999673,265.991,261135,6.72462,357436,0.014066,3.75076e+06,1.49118e+07,1109.95,417326,6.46177,278711
18.7,-0.0116364,100464,0.0160463,-0.000894603,999672,266.567,261135,6.74373,357435,0.0140195,3.62323e+06,1.4822e+07,1102.21,414782,6.45991,278632
18.8,-0.0116364,100464,0.0159823,-0.000894603,999671,267.138,261135,6.76262,357435,0.0139689,3.50007e+06,1.47332e+07,1094.52,412244,6.45805,278553
18.9,-0.0116364,100464,0.0159185,-0.000894603,999670,267.703,261135,6.78128,357434,0.0139131,3.38115e+06,1.46455e+07,1086.89,409711,6.4562,278474
19,-0.0116364,100464,0.0158549,-0.000894603,999668,268.263,261135,6.79973,357434,0.0138523,3.2663e+06,1.45588e+07,1079.31,407184,6.45434,278396
19.1,-0.0116364,100464,0.0157916,-0.000894603,999667,268.817,261135,6.81795,357433,0.0137895,3.1554e+06,1.44731e+07,1071.78,404664,6.45249,278317
19.2,-0.0116364,100464,0.0157286,-0.000894603,999666,269.366,261135,6.83596,357432,0.0137251,3.0483e+06,1.43884e+07,1064.3,402150,6.45064,278239
19.3,-0.0116364,100464,0.0156658,-0.000894603,999665,269.91,261135,6.85375,357431,0.0136616,2.94488e+06,1.43047e+07,1056.88,399644,6.44879,278160
19.4,-0.0116364,100464,0.0156033,-0.000894603,999664,270.448,261135,6.87133,357431,0.0136025,2.84501e+06,1.4222e+07,1049.5,397144,6.44695,278082
19.5,-0.0116364,100464,0.015541,-0.000894603,999663,270.98,261135,6.88869,357430,0.0135316,2.74856e+06,1.41402e+07,1042.18,394653,6.44511,278004
19.6,-0.0116364,100464,0.0154789,-0.000894603,999662,271.507,261135,6.90584,357429,0.0134553,2.65543e+06,1.40593e+07,1034.91,392169,6.44326,277925
19.7,-0.0116364,100464,0.0154171,-0.000894603,999661,272.029,261135,6.92277,357427,0.0133775,2.5655e+06,1.39794e+07,1027.7,389693,6.44142,277847
19.8,-0.0116364,100464,0.0153556,-0.000894603,999660,272.546,261135,6.9395,357426,0.013301,2.47865e+06,1.39003e+07,1020.53,387226,6.43958,277769
19.9,-0.0116364,100464,0.0152943,-0.000894603,999659,273.057,261135,6.95602,357426,0.0132301,2.39479e+06,1.38221e+07,1013.41,384768,6.43775,277691
20,-0.0116364,100464,0.0152332,-0.000894603,999658,273.563,261135,6.97233,357425,0.0131701,2.3138e+06,1.37448e+07,1006.34,382319,6.43591,277614
20.1,-0.0116364,100464,0.0151724,-0.000894603,999657,274.064,261135,6.98843,357426,0.0131285,2.23558e+06,1.36684e+07,999.319,379878,6.43408,277536
20.2,-0.0116364,100464,0.0151119,-0.000894603,999656,274.56,261135,7.00433,357425,0.0130555,2.16006e+06,1.35927e+07,992.349,377447,6.43225,277458
20.3,-0.0116364,100464,0.0150515,-0.000894603,999655,275.051,261135,7.02003,357424,0.0129807,2.08713e+06,1.35179e+07,985.426,375026,6.43042,277380
20.4,-0.0116364,100464,0.0149914,-0.000894603,999654,275.536,261135,7.03552,357423,0.0129082,2.01671e+06,1.3444e+07,978.553,372614,6.4286,277303
20.5,-0.0116364,100464,0.0149316,-0.000894603,999653,276.016,261135,7.05081,357422,0.0128408,1.9487e+06,1.33708e+07,971.727,370213,6.42677,277225
20.6,-0.0116364,100464,0.014872,-0.000894603,999652,276.492,261135,7.0659,357422,0.0127823,1.88302e+06,1.32984e+07,964.949,367821,6.42495,277148
20.7,-0.0116364,100464,0.0148126,-0.000894603,999651,276.962,261135,7.08079,357422,0.0127375,1.81959e+06,1.32267e+07,958.218,365440,6.42313,277071
20.8,-0.0116364,100464,0.0147535,-0.000894603,999650,277.427,261135,7.09549,357423,0.0127106,1.75833e+06,1.31559e+07,951.534,363069,6.42131,276993
20.9,-0.0116364,100464,0.0146946,-0.000894603,999649,277.887,261135,7.10999,357422,0.012657,1.69918e+06,1.30858e+07,944.896,360708,6.41949,276916
21,-0.0116364,100464,0.0146359,-0.000894603,999648,278.342,261135,7.12429,357422,0.0126058,1.64207e+06,1.30164e+07,938.305,358358,6.41768,276839
21.1,-0.0116364,100464,0.0145775,-0.000894603,999647,278.793,261135,7.13841,357422,0.0125574,1.58691e+06,1.29477e+07,931.76,356019,6.41586,276762
21.2,-0.0116364,100464,0.0145193,-0.000894603,999646,279.238,261135,7.15232,357421,0.0125125,1.53364e+06,1.28798e+07,925.261,353691,6.41405,276685
21.3,-0.0116364,100464,0.0144614,-0.000894603,999645,279.679,261135,7.16605,357422,0.012472,1.4822e+06,1.28126e+07,918.807,351374,6.41224,276608
21.4,-0.0116364,100464,0.0144036,-0.000894603,999644,280.114,261135,7.17959,357422,0.0124371,1.43251e+06,1.2746e+07,912.398,349068,6.41044,276532
21.5,-0.0116364,100464,0.0143461,-0.000894603,999643,280.545,261135,7.19294,357422,0.0124075,1.38451e+06,1.26801e+07,906.033,346774,6.40863,276455
21.6,-0.0116364,100464,0.0142889,-0.000894603,999642,280.971,261135,7.2061,357422,0.0123712,1.33817e+06,1.26149e+07,899.713,344490,6.40683,276378
21.7,-0.0116364,100464,0.0142318,-0.000894603,999641,281.392,261135,7.21907,357423,0.0123356,1.29342e+06,1.25504e+07,893.437,342218,6.40503,276302
21.8,-0.0116364,100464,0.014175,-0.000894603,999640,281.808,261135,7.23186,357423,0.0122999,1.25021e+06,1.24865e+07,887.205,339958,6.40323,276225
21.9,-0.0116364,100464,0.0141184,-0.000894603,999639,282.22,261135,7.24447,357423,0.0122637,1.20846e+06,1.24233e+07,881.017,337709,6.40143,276149
22,-0.0116364,100464,0.0140621,-0.000894603,999638,282.627,261135,7.25689,357423,0.012226,1.16815e+06,1.23607e+07,874.871,335472,6.39963,276073
22.1,-0.0116364,100464,0.0140059,-0.000894603,999637,283.029,261135,7.26913,357423,0.0121861,1.12921e+06,1.22987e+07,868.768,333246,6.39784,275996
22.2,-0.0116364,100464,0.01395,-0.000894603,999636,283.427,261135,7.28119,357423,0.0121441,1.0916e+06,1.22373e+07,862.708,331032,6.39604,275920
22.3,-0.0116364,100464,0.0138943,-0.000894603,999635,283.82,261135,7.29307,357423,0.0121038,1.05529e+06,1.21765e+07,856.691,328830,6.39425,275844
22.4,-0.0116364,100464,0.0138388,-0.000894603,999634,284.208,261135,7.30478,357423,0.0120621,1.02021e+06,1.21164e+07,850.715,326639,6.39247,275768
22.5,-0.0116364,100464,0.0137836,-0.000894603,999633,284.592,261135,7.3163,357423,0.012019,986339,1.20568e+07,844.781,324461,6.39068,275692
22.6,-0.0116364,100464,0.0137286,-0.000894603,999632,284.971,261135,7.32765,357423,0.0119743,953623,1.19978e+07,838.888,322294,6.38889,275616
22.7,-0.0116364,100464,0.0136738,-0.000894603,999631,285.346,261135,7.33883,357422,0.0119281,922025,1.19393e+07,833.036,320139,6.38711,275540
22.8,-0.0116364,100464,0.0136192,-0.000894603,999630,285.716,261135,7.34983,357422,0.0118805,891507,1.18814e+07,827.226,317997,6.38533,275465
22.9,-0.0116364,100464,0.0135648,-0.000894603,999629,286.082,261135,7.36066,357422,0.0118317,862032,1.18241e+07,821.455,315866,6.38355,275389
23,-0.0116364,100464,0.0135107,-0.000894603,999628,286.443,261135,7.37131,357422,0.0117819,833568,1.17673e+07,815.725,313747,6.38177,275314
23.1,-0.0116364,100464,0.0134567,-0.000894603,999627,286.8,261135,7.3818,357421,0.0117315,806077,1.17111e+07,810.035,311640,6.38,275238
23.2,-0.0116364,100464,0.013403,-0.000894603,999627,287.152,261135,7.39212,357421,0.0116809,779526,1.16554e+07,804.385,309545,6.37822,275163
23.3,-0.0116364,100464,0.0133495,-0.000894603,999626,287.5,261135,7.40227,357421,0.0116308,753884,1.16002e+07,798.774,307462,6.37645,275087
23.4,-0.0116364,100464,0.0132962,-0.000894603,999625,287.843,261135,7.41225,357420,0.0115818,729117,1.15455e+07,793.202,305391,6.37468,275012
23.5,-0.0116364,100464,0.0132431,-0.000894603,999624,288.183,261135,7.42207,357420,0.0115347,705196,1.14913e+07,787.669,303333,6.37291,274937
23.6,-0.0116364,100464,0.0131903,-0.000894603,999623,288.517,261135,7.43172,357420,0.0114884,682092,1.14377e+07,782.175,301286,6.37115,274862
23.7,-0.0116364,100464,0.0131376,-0.000894603,999622,288.848,261135,7.44121,357420,0.0114401,659782,1.13845e+07,776.719,299251,6.36938,274787
23.8,-0.0116364,100464,0.0130852,-0.000894603,999621,289.174,261135,7.45053,357419,0.0113925,638234,1.13318e+07,771.301,297228,6.36762,274712
23.9,-0.0116364,100464,0.0130329,-0.000894603,999620,289.496,261135,7.4597,357419,0.0113458,617422,1.12796e+07,765.921,295217,6.36586,274637
24,-0.0116364,100464,0.0129809,-0.000894603,999619,289.814,261135,7.4687,357419,0.0113001,597321,1.12278e+07,760.578,293219,6.3641,274562
24.1,-0.0116364,100464,0.0129291,-0.000894603,999618,290.128,261135,7.47754,357419,0.0112556,577906,1.11766e+07,755.273,291232,6.36234,274487
24.2,-0.0116364,100464,0.0128775,-0.000894604,999618,290.437,261135,7.48623,357419,0.0112124,559151,1.11258e+07,750.005,289257,6.36059,274413
24.3,-0.0116364,100464,0.0128261,-0.000894604,999617,290.742,261135,7.49476,357419,0.0111701,541038,1.10754e+07,744.773,287294,6.35884,274338
24.4,-0.0116364,100464,0.0127749,-0.000894604,999616,291.043,261135,7.50313,357419,0.011128,523545,1.10255e+07,739.578,285343,6.35708,274264
24.5,-0.0116364,100464,0.0127239,-0.000894604,999615,291.34,261135,7.51134,357418,0.0110865,506650,1.09761e+07,734.419,283404,6.35533,274189
24.6,-0.0116364,100464,0.0126731,-0.000894604,999614,291.633,261135,7.5194,357418,0.0110452,490331,1.0927e+07,729.296,281477,6.35359,274115
24.7,-0.0116364,100464,0.0126225,-0.000894604,999613,291.922,261135,7.52731,357418,0.0110039,474568,1.08785e+07,724.209,279561,6.35184,274041
24.8,-0.0116364,100464,0.0125721,-0.000894604,999612,292.206,261135,7.53507,357418,0.0109621,459341,1.08303e+07,719.157,277658,6.3501,273966
24.9,-0.0116364,100464,0.0125219,-0.000894604,999611,292.487,261135,7.54267,357418,0.0109192,444632,1.07826e+07,714.141,275766,6.34835,273892
25,-0.0116364,100464,0.0124719,-0.000894604,999611,292.764,261135,7.55013,357418,0.0108768,430424,1.07352e+07,709.159,273886,6.34661,273818
25.1,-0.0116364,100464,0.0124221,-0.000894604,999610,293.037,261135,7.55743,357418,0.0108355,416703,1.06883e+07,704.213,272017,6.34488,273744
25.2,-0.0116364,100464,0.0123725,-0.000894604,999609,293.305,261135,7.56459,357417,0.0107941,403448,1.06418e+07,699.301,270161,6.34314,273670
25.3,-0.0116364,100464,0.0123232,-0.000894604,999608,293.57,261135,7.5716,357417,0.0107523,390645,1.05957e+07,694.423,268316,6.3414,273596
25.4,-0.0116364,100464,0.012274,-0.000894604,999607,293.831,261135,7.57846,357417,0.01071,378277,1.05499e+07,689.579,266482,6.33967,273523
25.5,-0.0116364,100464,0.012225,-0.000894604,999606,294.088,261135,7.58517,357417,0.0106671,366329,1.05046e+07,684.769,264661,6.33794,273449
25.6,-0.0116364,100464,0.0121762,-0.000894604,999606,294.341,261135,7.59175,357417,0.0106234,354787,1.04597e+07,679.992,262850,6.33621,273375
25.7,-0.0116364,100464,0.0121276,-0.000894604,999605,294.59,261135,7.59818,357417,0.0105797,343638,1.04151e+07,675.249,261052,6.33448,273302
25.8,-0.0116364,100464,0.0120791,-0.000894604,999604,294.835,261135,7.60446,357416,0.0105362,332868,1.03709e+07,670.539,259264,6.33275,273228
25.9,-0.0116364,100464,0.0120309,-0.000894604,999603,295.077,261135,7.61061,357416,0.0104926,322465,1.03271e+07,665.861,257489,6.33103,273155
26,-0.0116364,100464,0.0119829,-0.000894604,999602,295.315,261135,7.61661,357416,0.010449,312415,1.02836e+07,661.217,255724,6.32931,273082
26.1,-0.0116364,100464,0.0119351,-0.000894604,999601,295.549,261135,7.62247,357416,0.0104058,302707,1.02405e+07,656.605,253971,6.32759,273008
26.2,-0.0116364,100464,0.0118874,-0.000894604,999601,295.779,261135,7.6282,357416,0.010363,293327,1.01977e+07,652.024,252229,6.32587,272935
26.3,-0.0116364,100464,0.01184,-0.000894604,999600,296.005,261135,7.63379,357415,0.010321,284266,1.01554e+07,647.476,250498,6.32415,272862
26.4,-0.0116364,100464,0.0117927,-0.000894604,999599,296.228,261135,7.63924,357415,0.0102786,275513,1.01133e+07,642.96,248779,6.32244,272789
26.5,-0.0116364,100464,0.0117456,-0.000894604,999598,296.447,261135,7.64455,357415,0.0102361,267058,1.00716e+07,638.475,247070,6.32072,272716
26.6,-0.0116364,100464,0.0116987,-0.000894604,999597,296.662,261135,7.64973,357415,0.0101939,258889,1.00302e+07,634.021,245373,6.31901,272643
26.7,-0.0116364,100464,0.011652,-0.000894604,999597,296.874,261135,7.65478,357415,0.0101523,250997,9.9892e+06,629.599,243687,6.3173,272571
26.8,-0.0116364,100464,0.0116055,-0.000894604,999596,297.082,261135,7.65969,357415,0.0101112,243373,9.94849e+06,625.207,242012,6.31559,272498
26.9,-0.0116364,100464,0.0115592,-0.000894604,999595,297.287,261135,7.66447,357415,0.0100708,236007,9.90812e+06,620.846,240347,6.31389,272425
27,-0.0116364,100464,0.011513,-0.000894604,999594,297.488,261135,7.66912,357415,0.0100312,228890,9.86807e+06,616.515,238694,6.31218,272353
27.1,-0.0116364,100464,0.0114671,-0.000894604,999593,297.685,261135,7.67364,357414,0.00999173,222014,9.82833e+06,612.215,237051,6.31048,272280
27.2,-0.0116364,100464,0.0114213,-0.000894604,999593,297.879,261135,7.67803,357414,0.00995244,215372,9.78891e+06,607.944,235420,6.30878,272208
27.3,-0.0116364,100464,0.0113757,-0.000894604,999592,298.069,261135,7.68229,357414,0.00991349,208955,9.7498e+06,603.704,233799,6.30708,272135
27.4,-0.0116364,100464,0.0113303,-0.000894604,999591,298.256,261135,7.68642,357414,0.00987479,202754,9.711e+06,599.493,232188,6.30538,272063
27.5,-0.0116364,100464,0.0112851,-0.000894604,999590,298.439,261135,7.69042,357414,0.00983623,196763,9.67251e+06,595.311,230589,6.30369,271991
27.6,-0.0116364,100464,0.01124,-0.000894604,999590,298.619,261135,7.6943,357414,0.00979767,190974,9.63431e+06,591.158,228999,6.30199,271919
27.7,-0.0116364,100464,0.0111951,-0.000894604,999589,298.795,261135,7.69806,357414,0.00975893,185380,9.59641e+06,587.035,227421,6.3003,271846
27.8,-0.0116364,100464,0.0111504,-0.000894604,999588,298.968,261135,7.70168,357414,0.00972087,179976,9.55881e+06,582.94,225853,6.29861,271774
27.9,-0.0116364,100464,0.0111059,-0.000894604,999587,299.137,261135,7.70519,357414,0.00968303,174754,9.52149e+06,578.874,224295,6.29692,271703
28,-0.0116364,100464,0.0110616,-0.000894604,999587,299.303,261135,7.70857,357414,0.00964523,169708,9.48446e+06,574.836,222747,6.29523,271631
28.1,-0.0116364,100464,0.0110174,-0.000894604,999586,299.466,261135,7.71183,357413,0.00960739,164833,9.44772e+06,570.826,221210,6.29355,271559
28.2,-0.0116364,100464,0.0109735,-0.000894604,999585,299.625,261135,7.71497,357413,0.00956943,160121,9.41125e+06,566.844,219683,6.29186,271487
28.3,-0.0116364,100464,0.0109297,-0.000894604,999584,299.781,261135,7.71799,357413,0.00953126,155567,9.37506e+06,562.89,218167,6.29018,271416
28.4,-0.0116364,100464,0.010886,-0.000894604,999584,299.934,261135,7.72089,357413,0.00949278,151166,9.33915e+06,558.964,216660,6.2885,271344
28.5,-0.0116364,100464,0.0108426,-0.000894604,999583,300.083,261135,7.72367,357413,0.00945474,146914,9.30351e+06,555.065,215164,6.28682,271272
28.6,-0.0116364,100464,0.0107993,-0.000894604,999582,300.229,261135,7.72634,357413,0.00941672,142804,9.26813e+06,551.193,213677,6.28515,271201
28.7,-0.0116364,100464,0.0107562,-0.000894604,999581,300.372,261135,7.72889,357413,0.00937874,138833,9.23302e+06,547.348,212201,6.28347,271130
28.8,-0.0116364,100464,0.0107132,-0.000894604,999581,300.511,261135,7.73132,357413,0.00934084,134995,9.19817e+06,543.53,210734,6.2818,271058
28.9,-0.0116364,100464,0.0106705,-0.000894604,999580,300.647,261135,7.73363,357413,0.00930308,131285,9.16358e+06,539.739,209277,6.28013,270987
29,-0.0116364,100464,0.0106279,-0.000894604,999579,300.781,261135,7.73583,357413,0.00926553,127699,9.12924e+06,535.974,207830,6.27846,270916
29.1,-0.0116364,100464,0.0105854,-0.000894604,999578,300.91,261135,7.73792,357412,0.00922827,124233,9.09516e+06,532.236,206393,6.27679,270845
29.2,-0.0116364,100464,0.0105432,-0.000894604,999578,301.037,261135,7.7399,357412,0.0091908,120884,9.06133e+06,528.523,204966,6.27513,270774
29.3,-0.0116364,100464,0.0105011,-0.000894604,999577,301.161,261135,7.74176,357412,0.00915348,117646,9.02775e+06,524.836,203548,6.27346,270703
29.4,-0.0116364,100464,0.0104592,-0.000894604,999576,301.281,261135,7.74351,357412,0.00911638,114517,8.99441e+06,521.175,202140,6.2718,270632
29.5,-0.0116364,100464,0.0104174,-0.000894604,999576,301.398,261135,7.74515,357412,0.00907954,111492,8.96131e+06,517.54,200741,6.27014,270561
29.6,-0.0116364,100464,0.0103758,-0.000894604,999575,301.512,261135,7.74668,357412,0.00904302,108567,8.92846e+06,513.93,199351,6.26848,270491
29.7,-0.0116364,100464,0.0103344,-0.000894604,999574,301.624,261135,7.74811,357412,0.00900689,105740,8.89584e+06,510.345,197972,6.26682,270420
29.8,-0.0116364,100464,0.0102932,-0.000894604,999573,301.732,261135,7.74942,357412,0.00897116,103008,8.86345e+06,506.785,196601,6.26517,270349
29.9,-0.0116364,100464,0.0102521,-0.000894604,999573,301.837,261135,7.75063,357412,0.00893536,100366,8.8313e+06,503.25,195240,6.26351,270279
30,-0.0116364,100464,0.0102111,-0.000894604,999572,301.938,261135,7.75173,357412,0.00889978,97812,8.79938e+06,499.74,193888,6.26186,270208
30.1,-0.0116364,100464,0.0101704,-0.000894604,999571,302.037,261135,7.75272,357412,0.00886443,95342.9,8.76768e+06,496.254,192545,6.26021,270138
30.2,-0.0116364,100464,0.0101298,-0.000894604,999571,302.133,261135,7.75361,357412,0.00882927,92955.8,8.73621e+06,492.792,191211,6.25856,270068
30.3,-0.0116364,100464,0.0100893,-0.000894604,999570,302.226,261135,7.75439,357412,0.00879428,90647.6,8.70496e+06,489.355,189886,6.25691,269998
30.4,-0.0116364,100464,0.0100491,-0.000894604,999569,302.316,261135,7.75508,357412,0.00875941,88415.8,8.67393e+06,485.941,188571,6.25527,269927
30.5,-0.0116364,100464,0.010009,-0.000894604,999569,302.403,261135,7.75565,357412,0.00872466,86257.7,8.64311e+06,482.552,187264,6.25363,269857
30.6,-0.0116364,100464,0.00996899,-0.000894605,999568,302.487,261135,7.75613,357411,0.00869023,84171.2,8.61252e+06,479.186,185966,6.25198,269787
30.7,-0.0116364,100464,0.0099292,-0.000894605,999567,302.568,261135,7.7565,357411,0.00865593,82153.6,8.58213e+06,475.843,184677,6.25034,269717
30.8,-0.0116364,100464,0.00988956,-0.000894605,999567,302.647,261135,7.75678,357411,0.00862173,80202.5,8.55196e+06,472.524,183397,6.24871,269648
30.9,-0.0116364,100464,0.00985008,-0.000894605,999566,302.722,261135,7.75695,357411,0.0085876,78315.6,8.52199e+06,469.228,182126,6.24707,269578
31,-0.0116364,100464,0.00981076,-0.000894605,999565,302.795,261135,7.75703,357411,0.0085535,76490.7,8.49223e+06,465.955,180863,6.24543,269508
31.1,-0.0116364,100464,0.0097716,-0.000894605,999565,302.864,261135,7.757,357411,0.00851937,74725.5,8.46268e+06,462.705,179609,6.2438,269438
31.2,-0.0116364,100464,0.00973259,-0.000894605,999564,302.931,261135,7.75688,357411,0.00848527,73018.2,8.43333e+06,459.477,178364,6.24217,269369
31.3,-0.0116364,100464,0.00969373,-0.000894605,999563,302.995,261135,7.75666,357411,0.00845143,71367.1,8.40418e+06,456.272,177127,6.24054,269299
31.4,-0.0116364,100464,0.00965504,-0.000894605,999563,303.056,261135,7.75635,357411,0.00841767,69770.1,8.37522e+06,453.09,175898,6.23891,269230
31.5,-0.0116364,100464,0.00961649,-0.000894605,999562,303.115,261135,7.75594,357411,0.008384,68225.2,8.34647e+06,449.929,174678,6.23728,269160
31.6,-0.0116364,100464,0.00957811,-0.000894605,999561,303.17,261135,7.75543,357411,0.00835042,66730.6,8.3179e+06,446.791,173466,6.23566,269091
31.7,-0.0116364,100464,0.00953987,-0.000894605,999561,303.223,261135,7.75483,357411,0.00831695,65284.6,8.28953e+06,443.674,172263,6.23404,269022
31.8,-0.0116364,100464,0.00950179,-0.000894605,999560,303.273,261135,7.75414,357411,0.0082836,63885.6,8.26135e+06,440.579,171068,6.23241,268953
31.9,-0.0116364,100464,0.00946385,-0.000894605,999559,303.321,261135,7.75335,357411,0.00825037,62531.9,8.23336e+06,437.506,169881,6.23079,268884
32,-0.0116364,100464,0.00942607,-0.000894605,999559,303.366,261135,7.75247,357411,0.00821719,61222.3,8.20555e+06,434.454,168702,6.22918,268815
32.1,-0.0116364,100464,0.00938845,-0.000894605,999558,303.408,261135,7.7515,357411,0.00818414,59955.1,8.17793e+06,431.424,167531,6.22756,268746
32.2,-0.0116364,100464,0.00935097,-0.000894605,999557,303.447,261135,7.75044,357411,0.00815125,58728.8,8.15049e+06,428.414,166368,6.22594,268677
32.3,-0.0116364,100464,0.00931364,-0.000894605,999557,303.484,261135,7.74929,357411,0.00811852,57542,8.12323e+06,425.426,165213,6.22433,268608
32.4,-0.0116364,100464,0.00927646,-0.000894605,999556,303.518,261135,7.74805,357411,0.008086,56393.4,8.09616e+06,422.459,164067,6.22272,268539
32.5,-0.0116364,100464,0.00923943,-0.000894605,999556,303.55,261135,7.74672,357411,0.00805371,55281.7,8.06925e+06,419.512,162928,6.22111,268470
32.6,-0.0116364,100464,0.00920254,-0.000894605,999555,303.578,261135,7.7453,357411,0.00802158,54205.6,8.04253e+06,416.586,161797,6.2195,268402
32.7,-0.0116364,100464,0.00916581,-0.000894605,999554,303.605,261135,7.7438,357411,0.00798951,53164,8.01598e+06,413.68,160673,6.21789,268333
32.8,-0.0116364,100464,0.00912922,-0.000894605,999554,303.628,261135,7.7422,357411,0.0079576,52155.8,7.9896e+06,410.794,159558,6.21629,268265
32.9,-0.0116364,100464,0.00909277,-0.000894605,999553,303.65,261135,7.74053,357411,0.00792585,51179.7,7.96339e+06,407.929,158450,6.21469,268196
33,-0.0116364,100464,0.00905647,-0.000894605,999552,303.668,261135,7.73876,357411,0.00789425,50234.6,7.93735e+06,405.083,157350,6.21309,268128
33.1,-0.0116364,100464,0.00902032,-0.000894605,999552,303.684,261135,7.73691,357411,0.00786281,49319.6,7.91148e+06,402.258,156257,6.21149,268060
33.2,-0.0116364,100464,0.00898431,-0.000894605,999551,303.698,261135,7.73498,357411,0.00783151,48433.4,7.88577e+06,399.452,155172,6.20989,267991
33.3,-0.0116364,100464,0.00894844,-0.000894605,999551,303.709,261135,7.73296,357411,0.00780036,47575.4,7.86023e+06,396.665,154094,6.20829,267923
33.4,-0.0116364,100464,0.00891272,-0.000894605,999550,303.717,261135,7.73086,357411,0.00776936,46744.4,7.83485e+06,393.898,153024,6.2067,267855
33.5,-0.0116364,100464,0.00887714,-0.000894605,999549,303.723,261135,7.72868,357411,0.00773849,45939.7,7.80963e+06,391.151,151961,6.2051,267787
33.6,-0.0116364,100464,0.00884171,-0.000894605,999549,303.727,261135,7.72641,357411,0.00770774,45160.2,7.78457e+06,388.422,150906,6.20351,267719
33.7,-0.0116364,100464,0.00880641,-0.000894605,999548,303.728,261135,7.72407,357411,0.00767708,44405.1,7.75967e+06,385.713,149858,6.20192,267651
33.8,-0.0116364,100464,0.00877125,-0.000894605,999548,303.727,261135,7.72164,357411,0.0076465,43673.5,7.73492e+06,383.023,148817,6.20033,267584
33.9,-0.0116364,100464,0.00873624,-0.000894605,999547,303.723,261135,7.71914,357411,0.00761598,42964.7,7.71033e+06,380.351,147783,6.19875,267516
34,-0.0116364,100464,0.00870136,-0.000894605,999546,303.717,261135,7.71655,357411,0.0075856,42278,7.6859e+06,377.698,146756,6.19716,267448
34.1,-0.0116364,100464,0.00866663,-0.000894605,999546,303.709,261135,7.71389,357411,0.00755536,41612.6,7.66161e+06,375.063,145737,6.19558,267381
34.2,-0.0116364,100464,0.00863203,-0.000894605,999545,303.698,261135,7.71114,357411,0.00752522,40967.8,7.63748e+06,372.447,144724,6.194,267313
34.3,-0.0116364,100464,0.00859757,-0.000894605,999545,303.685,261135,7.70832,357411,0.00749518,40342.8,7.6135e+06,369.849,143719,6.19242,267246
34.4,-0.0116364,100464,0.00856325,-0.000894605,999544,303.669,261135,7.70543,357411,0.00746525,39737.1,7.58966e+06,367.269,142720,6.19084,267178
34.5,-0.0116364,100464,0.00852907,-0.000894605,999544,303.651,261135,7.70245,357411,0.00743541,39149.8,7.56597e+06,364.707,141729,6.18926,267111
34.6,-0.0116364,100464,0.00849502,-0.000894605,999543,303.631,261135,7.6994,357411,0.00740567,38580.5,7.54243e+06,362.163,140744,6.18769,267044
34.7,-0.0116364,100464,0.0084611,-0.000894605,999542,303.609,261135,7.69628,357411,0.00737604,38028.5,7.51903e+06,359.637,139766,6.18611,266976
34.8,-0.0116364,100464,0.00842733,-0.000894605,999542,303.584,261135,7.69308,357411,0.00734651,37493.3,7.49577e+06,357.128,138795,6.18454,266909
34.9,-0.0116364,100464,0.00839369,-0.000894605,999541,303.557,261135,7.68981,357411,0.00731709,36974.2,7.47265e+06,354.637,137830,6.18297,266842
35,-0.0116364,100464,0.00836018,-0.000894605,999541,303.528,261135,7.68646,357411,0.0072878,36470.8,7.44967e+06,352.164,136873,6.1814,266775
35.1,-0.0116364,100464,0.0083268,-0.000894605,999540,303.496,261135,7.68304,357411,0.00725864,35982.5,7.42684e+06,349.707,135922,6.17983,266708
35.2,-0.0116364,100464,0.00829356,-0.000894605,999540,303.462,261135,7.67955,357411,0.00722962,35508.8,7.40414e+06,347.268,134977,6.17827,266641
35.3,-0.0116364,100464,0.00826046,-0.000894605,999539,303.426,261135,7.67599,357411,0.00720076,35049.2,7.38157e+06,344.846,134039,6.1767,266575
35.4,-0.0116364,100464,0.00822748,-0.000894605,999538,303.388,261135,7.67235,357411,0.00717199,34603.2,7.35914e+06,342.44,133107,6.17514,266508
35.5,-0.0116364,100464,0.00819464,-0.000894605,999538,303.348,261135,7.66865,357411,0.00714332,34170.4,7.33685e+06,340.051,132182,6.17358,266441
35.6,-0.0116364,100464,0.00816192,-0.000894605,999537,303.305,261135,7.66487,357411,0.00711478,33750.4,7.31468e+06,337.679,131264,6.17202,266375
35.7,-0.0116364,100464,0.00812934,-0.000894605,999537,303.261,261135,7.66103,357411,0.00708637,33342.7,7.29265e+06,335.324,130351,6.17047,266308
35.8,-0.0116364,100464,0.00809689,-0.000894605,999536,303.214,261135,7.65712,357411,0.00705808,32946.9,7.27075e+06,332.985,129445,6.16891,266242
35.9,-0.0116364,100464,0.00806456,-0.000894605,999536,303.165,261135,7.65313,357411,0.00702993,32562.6,7.24898e+06,330.662,128546,6.16736,266175
36,-0.0116364,100464,0.00803237,-0.000894605,999535,303.114,261135,7.64908,357411,0.0070019,32189.4,7.22734e+06,328.356,127652,6.1658,266109
36.1,-0.0116364,100464,0.00800031,-0.000894605,999535,303.06,261135,7.64497,357411,0.00697399,31827,7.20582e+06,326.065,126765,6.16425,266043
36.2,-0.0116364,100464,0.00796837,-0.000894605,999534,303.005,261135,7.64078,357411,0.0069462,31475,7.18443e+06,323.791,125884,6.1627,265977
36.3,-0.0116364,100464,0.00793656,-0.000894605,999533,302.948,261135,7.63653,357411,0.00691852,31133,7.16316e+06,321.532,125009,6.16116,265910
36.4,-0.0116364,100464,0.00790488,-0.000894605,999533,302.888,261135,7.63222,357411,0.00689095,30800.8,7.14202e+06,319.29,124140,6.15961,265844
36.5,-0.0116364,100464,0.00787332,-0.000894605,999532,302.827,261135,7.62784,357411,0.00686348,30477.9,7.121e+06,317.062,123277,6.15806,265778
36.6,-0.0116364,100464,0.00784189,-0.000894605,999532,302.763,261135,7.62339,357411,0.00683611,30164.2,7.1001e+06,314.851,122420,6.15652,265713
36.7,-0.0116364,100464,0.00781058,-0.000894605,999531,302.697,261135,7.61888,357411,0.00680882,29859.1,7.07932e+06,312.655,121569,6.15498,265647
36.8,-0.0116364,100464,0.0077794,-0.000894605,999531,302.63,261135,7.61431,357411,0.00678171,29562.7,7.05866e+06,310.474,120724,6.15344,265581
36.9,-0.0116364,100464,0.00774835,-0.000894605,999530,302.56,261135,7.60967,357411,0.00675472,29274.5,7.03812e+06,308.308,119885,6.1519,265515
37,-0.0116364,100464,0.00771742,-0.000894605,999530,302.488,261135,7.60498,357411,0.00672784,28994.3,7.01769e+06,306.158,119052,6.15037,265449
37.1,-0.0116364,100464,0.00768661,-0.000894606,999529,302.415,261135,7.60022,357411,0.00670107,28721.8,6.99739e+06,304.022,118224,6.14883,265384
37.2,-0.0116364,100464,0.00765592,-0.000894606,999529,302.339,261135,7.59539,357411,0.0066744,28456.7,6.97719e+06,301.901,117402,6.1473,265318
37.3,-0.0116364,100464,0.00762536,-0.000894606,999528,302.261,261135,7.59051,357411,0.00664783,28198.8,6.95712e+06,299.795,116586,6.14577,265253
37.4,-0.0116364,100464,0.00759492,-0.000894606,999528,302.182,261135,7.58557,357411,0.00662134,27947.8,6.93715e+06,297.704,115776,6.14424,265187
37.5,-0.0116364,100464,0.0075646,-0.000894606,999527,302.1,261135,7.58056,357411,0.00659494,27703.5,6.9173e+06,295.628,114971,6.14271,265122
37.6,-0.0116364,100464,0.0075344,-0.000894606,999527,302.017,261135,7.5755,357411,0.0065686,27465.7,6.89756e+06,293.566,114172,6.14118,265057
37.7,-0.0116364,100464,0.00750433,-0.000894606,999526,301.932,261135,7.57038,357411,0.00654232,27234.1,6.87793e+06,291.518,113378,6.13965,264992
37.8,-0.0116364,100464,0.00747437,-0.000894606,999526,301.845,261135,7.5652,357412,0.00651619,27008.7,6.85841e+06,289.484,112590,6.13813,264927
37.9,-0.0116364,100464,0.00744453,-0.000894606,999525,301.756,261135,7.55996,357412,0.00649023,26789.3,6.839e+06,287.465,111807,6.13661,264861
38,-0.0116364,100464,0.00741481,-0.000894606,999525,301.665,261135,7.55466,357412,0.00646438,26575.7,6.81969e+06,285.46,111030,6.13509,264796
38.1,-0.0116364,100464,0.00738521,-0.000894606,999524,301.572,261135,7.54931,357412,0.00643862,26367.5,6.8005e+06,283.469,110258,6.13357,264732
38.2,-0.0116364,100464,0.00735573,-0.000894606,999524,301.477,261135,7.5439,357412,0.00641297,26164.7,6.7814e+06,281.491,109491,6.13205,264667
38.3,-0.0116364,100464,0.00732637,-0.000894606,999523,301.381,261135,7.53843,357412,0.0063874,25967.1,6.76242e+06,279.528,108730,6.13053,264602
38.4,-0.0116364,100464,0.00729712,-0.000894606,999523,301.282,261135,7.53291,357412,0.00636192,25774.4,6.74354e+06,277.578,107974,6.12902,264537
38.5,-0.0116364,100464,0.00726799,-0.000894606,999522,301.182,261135,7.52733,357412,0.00633652,25586.4,6.72476e+06,275.642,107224,6.12751,264472
38.6,-0.0116364,100464,0.00723898,-0.000894606,999522,301.08,261135,7.5217,357412,0.00631119,25403,6.70608e+06,273.719,106478,6.126,264408
38.7,-0.0116364,100464,0.00721008,-0.000894606,999521,300.977,261135,7.51602,357412,0.00628593,25224,6.68751e+06,271.81,105738,6.12449,264343
38.8,-0.0116364,100464,0.0071813,-0.000894606,999521,300.871,261135,7.51028,357412,0.00626074,25049.3,6.66903e+06,269.914,105003,6.12298,264279
38.9,-0.0116364,100464,0.00715263,-0.000894606,999520,300.764,261135,7.50448,357412,0.00623573,24879.2,6.65066e+06,268.031,104273,6.12147,264214
39,-0.0116364,100464,0.00712407,-0.000894606,999520,300.655,261135,7.49864,357412,0.00621083,24713.2,6.63239e+06,266.162,103548,6.11997,264150
39.1,-0.0116364,100464,0.00709563,-0.000894606,999519,300.544,261135,7.49274,357412,0.00618602,24551.1,6.61421e+06,264.305,102828,6.11846,264086
39.2,-0.0116364,100464,0.00706731,-0.000894606,999519,300.431,261135,7.48679,357412,0.00616131,24392.9,6.59613e+06,262.461,102113,6.11696,264021
39.3,-0.0116364,100464,0.0070391,-0.000894606,999518,300.317,261135,7.48079,357412,0.0061367,24238.3,6.57815e+06,260.631,101404,6.11546,263957
39.4,-0.0116364,100464,0.007011,-0.000894606,999518,300.201,261135,7.47473,357412,0.00611217,24087.3,6.56027e+06,258.813,100699,6.11396,263893
39.5,-0.0116364,100464,0.00698301,-0.000894606,999517,300.084,261135,7.46863,357413,0.00608775,23939.7,6.54248e+06,257.007,99998.6,6.11246,263829
39.6,-0.0116364,100464,0.00695513,-0.000894606,999517,299.964,261135,7.46248,357413,0.00606341,23795.3,6.52478e+06,255.215,99303.5,6.11097,263765
39.7,-0.0116364,100464,0.00692737,-0.000894606,999516,299.843,261135,7.45627,357413,0.00603916,23654.2,6.50718e+06,253.434,98613.1,6.10947,263701
39.8,-0.0116364,100464,0.00689971,-0.000894606,999516,299.721,261135,7.45002,357413,0.006015,23516,6.48967e+06,251.667,97927.6,6.10798,263637
39.9,-0.0116364,100464,0.00687217,-0.000894606,999516,299.596,261135,7.44372,357413,0.00599095,23381,6.47226e+06,249.911,97246.8,6.10649,263574
40,-0.0116364,100464,0.00684474,-0.000894606,999515,299.47,261135,7.43737,357413,0.005967,23249.1,6.45493e+06,248.168,96570.8,6.105,263510
40.1,-0.0116364,100464,0.00681741,-0.000894606,999515,299.343,261135,7.43097,357413,0.00594315,23120,6.4377e+06,246.437,95899.5,6.10351,263446
40.2,-0.0116364,100464,0.0067902,-0.000894606,999514,299.213,261135,7.42453,357413,0.0059194,22993.7,6.42056e+06,244.718,95232.8,6.10202,263383
40.3,-0.0116364,100464,0.00676309,-0.000894606,999514,299.083,261135,7.41804,357413,0.00589574,22870,6.4035e+06,243.011,94570.8,6.10054,263319
40.4,-0.0116364,100464,0.00673609,-0.000894606,999513,298.95,261135,7.4115,357413,0.00587218,22749,6.38654e+06,241.316,93913.4,6.09905,263256
40.5,-0.0116364,100464,0.0067092,-0.000894606,999513,298.816,261135,7.40491,357413,0.00584872,22630.3,6.36966e+06,239.633,93260.5,6.09757,263192
40.6,-0.0116364,100464,0.00668242,-0.000894606,999512,298.68,261135,7.39828,357413,0.00582536,22514.1,6.35287e+06,237.961,92612.3,6.09609,263129
40.7,-0.0116364,100464,0.00665574,-0.000894606,999512,298.543,261135,7.3916,357413,0.00580209,22400.2,6.33617e+06,236.301,91968.5,6.09461,263066
40.8,-0.0116364,100464,0.00662917,-0.000894606,999511,298.405,261135,7.38488,357414,0.00577892,22288.6,6.31955e+06,234.653,91329.2,6.09314,263003
40.9,-0.0116364,100464,0.00660271,-0.000894606,999511,298.264,261135,7.37812,357414,0.00575585,22179.1,6.30302e+06,233.016,90694.3,6.09166,262939
41,-0.0116364,100464,0.00657635,-0.000894606,999511,298.122,261135,7.37131,357414,0.00573287,22071.9,6.28658e+06,231.391,90063.9,6.09019,262876
41.1,-0.0116364,100464,0.0065501,-0.000894606,999510,297.979,261135,7.36445,357414,0.00570998,21966.8,6.27021e+06,229.777,89437.8,6.08871,262813
41.2,-0.0116364,100464,0.00652395,-0.000894606,999510,297.834,261135,7.35755,357414,0.00568718,21863.6,6.25393e+06,228.174,88816.1,6.08724,262750
41.3,-0.0116364,100464,0.0064979,-0.000894606,999509,297.688,261135,7.35061,357414,0.00566448,21762.4,6.23774e+06,226.582,88198.8,6.08577,262687
41.4,-0.0116364,100464,0.00647197,-0.000894606,999509,297.54,261135,7.34363,357414,0.00564187,21663.1,6.22162e+06,225.002,87585.7,6.0843,262625
41.5,-0.0116364,100464,0.00644613,-0.000894606,999508,297.39,261135,7.3366,357414,0.00561935,21565.7,6.20559e+06,223.432,86976.9,6.08284,262562
41.6,-0.0116364,100464,0.0064204,-0.000894606,999508,297.24,261135,7.32954,357414,0.00559692,21470,6.18964e+06,221.874,86372.3,6.08137,262499
41.7,-0.0116364,100464,0.00639477,-0.000894606,999507,297.087,261135,7.32243,357414,0.00557459,21376.1,6.17377e+06,220.326,85771.9,6.07991,262437
41.8,-0.0116365,100464,0.00636924,-0.000894606,999507,296.933,261135,7.31528,357414,0.00555234,21283.8,6.15798e+06,218.789,85175.8,6.07844,262374
41.9,-0.0116365,100464,0.00634381,-0.000894606,999507,296.778,261135,7.30809,357414,0.00553017,21193.2,6.14227e+06,217.263,84583.7,6.07698,262311
42,-0.0116365,100464,0.00631849,-0.000894606,999506,296.622,261135,7.30086,357415,0.0055081,21104.1,6.12663e+06,215.748,83995.8,6.07552,262249
42.1,-0.0116365,100464,0.00629326,-0.000894606,999506,296.463,261135,7.29359,357415,0.00548613,21016.6,6.11108e+06,214.243,83412,6.07407,262187
42.2,-0.0116365,100464,0.00626814,-0.000894606,999505,296.304,261135,7.28628,357415,0.00546424,20930.6,6.0956e+06,212.748,82832.2,6.07261,262124
42.3,-0.0116365,100464,0.00624312,-0.000894606,999505,296.143,261135,7.27893,357415,0.00544243,20846.1,6.08019e+06,211.264,82256.5,6.07115,262062
42.4,-0.0116365,100464,0.0062182,-0.000894606,999504,295.981,261135,7.27154,357415,0.00542072,20762.9,6.06487e+06,209.791,81684.8,6.0697,262000
42.5,-0.0116365,100464,0.00619337,-0.000894606,999504,295.817,261135,7.26411,357415,0.00539908,20681.2,6.04962e+06,208.327,81117.1,6.06825,261938
42.6,-0.0116365,100464,0.00616865,-0.000894606,999504,295.652,261135,7.25665,357415,0.00537754,20600.7,6.03444e+06,206.874,80553.3,6.0668,261876
42.7,-0.0116365,100464,0.00614402,-0.000894606,999503,295.485,261135,7.24915,357415,0.00535607,20521.6,6.01934e+06,205.431,79993.5,6.06535,261814
42.8,-0.0116365,100464,0.0061195,-0.000894606,999503,295.318,261135,7.24161,357415,0.00533469,20443.6,6.00432e+06,203.998,79437.5,6.0639,261752
42.9,-0.0116365,100464,0.00609507,-0.000894606,999502,295.148,261135,7.23403,357415,0.00531339,20366.9,5.98936e+06,202.575,78885.4,6.06246,261690
43,-0.0116365,100464,0.00607074,-0.000894606,999502,294.978,261135,7.22642,357416,0.00529218,20291.4,5.97448e+06,201.162,78337.2,6.06101,261628
43.1,-0.0116365,100464,0.0060465,-0.000894606,999502,294.806,261135,7.21877,357416,0.00527105,20217.2,5.95968e+06,199.759,77792.7,6.05957,261566
43.2,-0.0116365,100464,0.00602236,-0.000894606,999501,294.633,261135,7.21109,357416,0.00525002,20144,5.94494e+06,198.366,77252.1,6.05813,261504
43.3,-0.0116365,100464,0.00599832,-0.000894606,999501,294.458,261135,7.20337,357416,0.00522907,20072,5.93028e+06,196.982,76715.2,6.05669,261443
43.4,-0.0116365,100464,0.00597438,-0.000894606,999500,294.283,261135,7.19561,357416,0.0052082,20001.1,5.91568e+06,195.608,76182.1,6.05525,261381
43.5,-0.0116365,100464,0.00595053,-0.000894606,999500,294.105,261135,7.18782,357416,0.00518741,19931.2,5.90116e+06,194.244,75652.7,6.05381,261320
43.6,-0.0116365,100464,0.00592677,-0.000894606,999500,293.927,261135,7.18,357416,0.00516671,19862.3,5.88671e+06,192.889,75126.9,6.05238,261258
43.7,-0.0116365,100464,0.00590311,-0.000894606,999499,293.747,261135,7.17214,357416,0.00514609,19794.4,5.87232e+06,191.543,74604.9,6.05094,261197
43.8,-0.0116365,100464,0.00587955,-0.000894607,999499,293.567,261135,7.16425,357416,0.00512555,19727.4,5.85801e+06,190.207,74086.4,6.04951,261136
43.9,-0.0116365,100464,0.00585608,-0.000894607,999498,293.384,261135,7.15632,357416,0.00510509,19661.3,5.84376e+06,188.881,73571.6,6.04808,261074
44,-0.0116365,100464,0.0058327,-0.000894607,999498,293.201,261135,7.14836,357417,0.00508471,19596.1,5.82958e+06,187.563,73060.3,6.04665,261013
44.1,-0.0116365,100464,0.00580941,-0.000894607,999498,293.016,261135,7.14037,357417,0.00506442,19531.8,5.81547e+06,186.255,72552.6,6.04522,260952
44.2,-0.0116365,100464,0.00578622,-0.000894607,999497,292.83,261135,7.13235,357417,0.0050442,19468.2,5.80142e+06,184.956,72048.5,6.04379,260891
44.3,-0.0116365,100464,0.00576312,-0.000894607,999497,292.643,261135,7.12429,357417,0.00502406,19405.4,5.78744e+06,183.665,71547.9,6.04237,260830
44.4,-0.0116365,100464,0.00574012,-0.000894607,999496,292.455,261135,7.11621,357417,0.005004,19343.4,5.77353e+06,182.384,71050.7,6.04094,260769
44.5,-0.0116365,100464,0.0057172,-0.000894607,999496,292.265,261135,7.10809,357417,0.00498401,19282,5.75968e+06,181.112,70557,6.03952,260708
44.6,-0.0116365,100464,0.00569438,-0.000894607,999496,292.075,261135,7.09994,357417,0.00496412,19221.6,5.7459e+06,179.849,70066.7,6.0381,260647
44.7,-0.0116365,100464,0.00567165,-0.000894607,999495,291.883,261135,7.09176,357417,0.0049443,19162.2,5.73218e+06,178.594,69579.9,6.03668,260586
44.8,-0.0116365,100464,0.00564901,-0.000894607,999495,291.69,261135,7.08355,357417,0.00492457,19103.5,5.71853e+06,177.349,69096.5,6.03526,260526
44.9,-0.0116365,100464,0.00562646,-0.000894607,999495,291.495,261135,7.07531,357418,0.00490491,19045.5,5.70494e+06,176.111,68616.4,6.03385,260465
45,-0.0116365,100464,0.005604,-0.000894607,999494,291.3,261135,7.06704,357418,0.00488533,18988.2,5.69141e+06,174.883,68139.6,6.03243,260404
45.1,-0.0116365,100464,0.00558162,-0.000894607,999494,291.103,261135,7.05874,357418,0.00486583,18931.6,5.67795e+06,173.663,67666.2,6.03102,260344
45.2,-0.0116365,100464,0.00555934,-0.000894607,999493,290.906,261135,7.05041,357418,0.00484641,18875.6,5.66455e+06,172.452,67196.1,6.02961,260283
45.3,-0.0116365,100464,0.00553715,-0.000894607,999493,290.707,261135,7.04205,357418,0.00482707,18820.2,5.65121e+06,171.249,66729.2,6.0282,260223
45.4,-0.0116365,100464,0.00551504,-0.000894607,999493,290.507,261135,7.03367,357418,0.0048078,18765.4,5.63793e+06,170.054,66265.6,6.02679,260163
45.5,-0.0116365,100464,0.00549303,-0.000894607,999492,290.306,261135,7.02525,357418,0.00478861,18711.1,5.62471e+06,168.868,65805.3,6.02538,260102
45.6,-0.0116365,100464,0.0054711,-0.000894607,999492,290.103,261135,7.01681,357418,0.00476949,18657.4,5.61155e+06,167.69,65348.1,6.02397,260042
45.7,-0.0116365,100464,0.00544926,-0.000894607,999492,289.9,261135,7.00834,357418,0.00475046,18604.2,5.59846e+06,166.521,64894.1,6.02257,259982
45.8,-0.0116365,100464,0.00542751,-0.000894607,999491,289.696,261135,6.99984,357419,0.00473149,18551.4,5.58542e+06,165.359,64443.3,6.02116,259922
45.9,-0.0116365,100464,0.00540584,-0.000894607,999491,289.49,261135,6.99132,357419,0.0047126,18499.1,5.57244e+06,164.206,63995.6,6.01976,259862
46,-0.0116365,100464,0.00538426,-0.000894607,999491,289.283,261135,6.98277,357419,0.00469378,18447.2,5.55952e+06,163.06,63551,6.01836,259802
46.1,-0.0116365,100464,0.00536277,-0.000894607,999490,289.076,261135,6.97419,357419,0.00467504,18395.7,5.54666e+06,161.923,63109.6,6.01696,259742
46.2,-0.0116365,100464,0.00534136,-0.000894607,999490,288.867,261135,6.96559,357419,0.00465638,18345.1,5.53386e+06,160.793,62671.2,6.01556,259682
46.3,-0.0116365,100464,0.00532003,-0.000894607,999489,288.657,261135,6.95696,357419,0.00463779,18295.1,5.52112e+06,159.672,62235.8,6.01417,259622
46.4,-0.0116365,100464,0.0052988,-0.000894607,999489,288.446,261135,6.94831,357419,0.00461928,18245.6,5.50843e+06,158.558,61803.5,6.01277,259562
46.5,-0.0116365,100464,0.00527764,-0.000894607,999489,288.234,261135,6.93963,357419,0.00460085,18196.5,5.4958e+06,157.452,61374.2,6.01138,259503
46.6,-0.0116365,100464,0.00525658,-0.000894607,999488,288.022,261135,6.93092,357420,0.00458248,18147.8,5.48323e+06,156.354,60947.9,6.00999,259443
46.7,-0.0116365,100464,0.00523559,-0.000894607,999488,287.808,261135,6.9222,357420,0.00456419,18099.6,5.47071e+06,155.263,60524.6,6.0086,259383
46.8,-0.0116365,100464,0.00521469,-0.000894607,999488,287.593,261135,6.91344,357420,0.00454598,18051.7,5.45825e+06,154.18,60104.2,6.00721,259324
46.9,-0.0116365,100464,0.00519387,-0.000894607,999487,287.377,261135,6.90467,357420,0.00452783,18004.3,5.44585e+06,153.105,59686.7,6.00582,259264
47,-0.0116365,100464,0.00517314,-0.000894607,999487,287.16,261135,6.89587,357420,0.00450976,17957.2,5.4335e+06,152.037,59272.2,6.00443,259205
47.1,-0.0116365,100464,0.00515249,-0.000894607,999487,286.942,261135,6.88704,357420,0.00449176,17910.5,5.4212e+06,150.976,58860.5,6.00305,259146
47.2,-0.0116365,100464,0.00513192,-0.000894607,999486,286.723,261135,6.87819,357420,0.00447383,17864.2,5.40896e+06,149.923,58451.7,6.00167,259086
47.3,-0.0116365,100464,0.00511143,-0.000894607,999486,286.503,261135,6.86933,357420,0.00445597,17818.1,5.39677e+06,148.878,58045.7,6.00028,259027
47.4,-0.0116365,100464,0.00509103,-0.000894607,999486,286.282,261135,6.86043,357421,0.00443818,17772.4,5.38464e+06,147.839,57642.6,5.9989,258968
47.5,-0.0116365,100464,0.0050707,-0.000894607,999485,286.06,261135,6.85152,357421,0.00442046,17727,5.37256e+06,146.808,57242.3,5.99752,258909
47.6,-0.0116365,100464,0.00505046,-0.000894607,999485,285.838,261135,6.84258,357421,0.00440281,17681.8,5.36053e+06,145.784,56844.8,5.99615,258850
47.7,-0.0116365,100464,0.0050303,-0.000894607,999485,285.614,261135,6.83362,357421,0.00438523,17637,5.34856e+06,144.767,56450,5.99477,258791
47.8,-0.0116365,100464,0.00501022,-0.000894607,999484,285.389,261135,6.82464,357421,0.00436773,17592.7,5.33663e+06,143.757,56058,5.99339,258732
47.9,-0.0116365,100464,0.00499022,-0.000894607,999484,285.164,261135,6.81564,357421,0.00435029,17548.8,5.32476e+06,142.754,55668.7,5.99202,258673
48,-0.0116365,100464,0.0049703,-0.000894607,999484,284.937,261135,6.80662,357421,0.00433293,17505.2,5.31294e+06,141.759,55282.1,5.99065,258614
48.1,-0.0116365,100464,0.00495046,-0.000894607,999483,284.71,261135,6.79758,357422,0.00431563,17461.9,5.30118e+06,140.77,54898.3,5.98928,258556
48.2,-0.0116365,100464,0.00493069,-0.000894607,999483,284.481,261135,6.78851,357422,0.00429841,17418.9,5.28946e+06,139.788,54517,5.98791,258497
48.3,-0.0116365,100464,0.00491101,-0.000894607,999483,284.252,261135,6.77943,357422,0.00428125,17376.2,5.27779e+06,138.813,54138.5,5.98654,258438
48.4,-0.0116365,100464,0.00489141,-0.000894607,999482,284.022,261135,6.77033,357422,0.00426416,17333.8,5.26618e+06,137.845,53762.6,5.98517,258380
48.5,-0.0116365,100464,0.00487188,-0.000894607,999482,283.791,261135,6.7612,357422,0.00424714,17291.7,5.25461e+06,136.883,53389.3,5.98381,258321
48.6,-0.0116365,100464,0.00485243,-0.000894607,999482,283.559,261135,6.75206,357422,0.00423018,17249.8,5.24309e+06,135.928,53018.6,5.98245,258263
48.7,-0.0116365,100464,0.00483306,-0.000894607,999481,283.326,261135,6.7429,357422,0.0042133,17208.2,5.23163e+06,134.98,52650.5,5.98108,258204
48.8,-0.0116365,100464,0.00481377,-0.000894607,999481,283.092,261135,6.73372,357423,0.00419648,17166.9,5.22021e+06,134.039,52284.9,5.97972,258146
48.9,-0.0116365,100464,0.00479455,-0.000894607,999481,282.858,261135,6.72452,357423,0.00417972,17125.9,5.20884e+06,133.104,51921.9,5.97836,258088
49,-0.0116365,100464,0.00477541,-0.000894607,999480,282.622,261135,6.7153,357423,0.00416304,17085.1,5.19752e+06,132.175,51561.4,5.977,258029
49.1,-0.0116365,100464,0.00475635,-0.000894607,999480,282.386,261135,6.70607,357423,0.00414642,17044.6,5.18624e+06,131.253,51203.5,5.97565,257971
49.2,-0.0116365,100464,0.00473736,-0.000894607,999480,282.149,261135,6.69682,357423,0.00412986,17004.3,5.17502e+06,130.338,50848,5.97429,257913
49.3,-0.0116365,100464,0.00471845,-0.000894607,999479,281.911,261135,6.68754,357423,0.00411338,16964.3,5.16384e+06,129.429,50495,5.97294,257855
49.4,-0.0116365,100464,0.00469961,-0.000894607,999479,281.673,261135,6.67826,357423,0.00409696,16924.6,5.15271e+06,128.526,50144.4,5.97159,257797
49.5,-0.0116365,100464,0.00468085,-0.000894607,999479,281.433,261135,6.66895,357423,0.0040806,16885.1,5.14163e+06,127.629,49796.3,5.97023,257739
49.6,-0.0116365,100464,0.00466216,-0.000894607,999478,281.193,261135,6.65963,357424,0.00406431,16845.8,5.13059e+06,126.739,49450.7,5.96888,257681
49.7,-0.0116365,100464,0.00464355,-0.000894607,999478,280.952,261135,6.65029,357424,0.00404809,16806.8,5.1196e+06,125.855,49107.4,5.96754,257624
49.8,-0.0116365,100464,0.00462502,-0.000894607,999478,280.71,261135,6.64093,357424,0.00403193,16768,5.10865e+06,124.977,48766.5,5.96619,257566
49.9,-0.0116365,100464,0.00460655,-0.000894607,999478,280.467,261135,6.63156,357424,0.00401583,16729.5,5.09775e+06,124.105,48428,5.96484,257508
50,-0.0116365,100464,0.00458816,-0.000894607,999477,280.223,261135,6.62217,357424,0.0039998,16691.2,5.0869e+06,123.24,48091.9,5.9635,257451
50.1,-0.0116365,100464,0.00456985,-0.000894607,999477,279.979,261135,6.61277,357424,0.00398383,16653.1,5.07609e+06,122.38,47758.1,5.96216,257393
50.2,-0.0116365,100464,0.0045516,-0.000894607,999477,279.734,261135,6.60335,357424,0.00396793,16615.3,5.06533e+06,121.527,47426.6,5.96081,257335
50.3,-0.0116365,100464,0.00453343,-0.000894607,999476,279.488,261135,6.59392,357425,0.00395209,16577.7,5.05461e+06,120.679,47097.4,5.95947,257278
50.4,-0.0116365,100464,0.00451534,-0.000894607,999476,279.241,261135,6.58447,357425,0.00393632,16540.3,5.04393e+06,119.837,46770.5,5.95813,257221
50.5,-0.0116365,100464,0.00449731,-0.000894608,999476,278.994,261135,6.57501,357425,0.0039206,16503.2,5.0333e+06,119.001,46445.9,5.9568,257163
50.6,-0.0116365,100464,0.00447936,-0.000894608,999475,278.746,261135,6.56553,357425,0.00390495,16466.3,5.02271e+06,118.171,46123.6,5.95546,257106
50.7,-0.0116365,100464,0.00446148,-0.000894608,999475,278.497,261135,6.55603,357425,0.00388937,16429.6,5.01217e+06,117.347,45803.5,5.95413,257049
50.8,-0.0116365,100464,0.00444367,-0.000894608,999475,278.248,261135,6.54653,357425,0.00387384,16393.1,5.00167e+06,116.528,45485.6,5.95279,256992
50.9,-0.0116365,100464,0.00442593,-0.000894608,999475,277.997,261135,6.53701,357426,0.00385838,16356.8,4.99121e+06,115.716,45170,5.95146,256934
51,-0.0116365,100464,0.00440826,-0.000894608,999474,277.746,261135,6.52747,357426,0.00384298,16320.7,4.98079e+06,114.908,44856.5,5.95013,256877
51.1,-0.0116365,100464,0.00439066,-0.000894608,999474,277.495,261135,6.51792,357426,0.00382764,16284.8,4.97042e+06,114.107,44545.2,5.9488,256820
51.2,-0.0116365,100464,0.00437313,-0.000894608,999474,277.242,261135,6.50836,357426,0.00381236,16249.1,4.96009e+06,113.311,44236.1,5.94747,256763
51.3,-0.0116365,100464,0.00435568,-0.000894608,999473,276.989,261135,6.49879,357426,0.00379714,16213.6,4.9498e+06,112.521,43929.2,5.94615,256706
51.4,-0.0116365,100464,0.00433829,-0.000894608,999473,276.735,261135,6.4892,357426,0.00378198,16178.4,4.93956e+06,111.736,43624.4,5.94482,256650
51.5,-0.0116365,100464,0.00432097,-0.000894608,999473,276.481,261135,6.4796,357426,0.00376689,16143.3,4.92935e+06,110.956,43321.7,5.9435,256593
51.6,-0.0116365,100464,0.00430372,-0.000894608,999473,276.226,261135,6.46999,357427,0.00375185,16108.4,4.91918e+06,110.182,43021.1,5.94217,256536
51.7,-0.0116365,100464,0.00428654,-0.000894608,999472,275.97,261135,6.46037,357427,0.00373688,16073.6,4.90906e+06,109.414,42722.6,5.94085,256479
51.8,-0.0116365,100464,0.00426943,-0.000894608,999472,275.713,261135,6.45073,357427,0.00372196,16039.1,4.89898e+06,108.651,42426.2,5.93953,256423
51.9,-0.0116365,100464,0.00425238,-0.000894608,999472,275.456,261135,6.44108,357427,0.0037071,16004.8,4.88894e+06,107.893,42131.8,5.93822,256366
52,-0.0116365,100464,0.00423541,-0.000894608,999471,275.198,261135,6.43142,357427,0.00369231,15970.6,4.87893e+06,107.14,41839.5,5.9369,256310
52.1,-0.0116365,100464,0.0042185,-0.000894608,999471,274.94,261135,6.42175,357427,0.00367757,15936.6,4.86897e+06,106.393,41549.3,5.93558,256253
52.2,-0.0116365,100464,0.00420166,-0.000894608,999471,274.68,261135,6.41207,357427,0.00366289,15902.8,4.85905e+06,105.651,41261,5.93427,256197
52.3,-0.0116365,100464,0.00418489,-0.000894608,999471,274.421,261135,6.40238,357428,0.00364827,15869.1,4.84916e+06,104.914,40974.8,5.93295,256141
52.4,-0.0116365,100464,0.00416818,-0.000894608,999470,274.16,261135,6.39267,357428,0.00363371,15835.6,4.83932e+06,104.182,40690.6,5.93164,256084
52.5,-0.0116365,100464,0.00415154,-0.000894608,999470,273.899,261135,6.38296,357428,0.0036192,15802.4,4.82951e+06,103.455,40408.3,5.93033,256028
52.6,-0.0116365,100464,0.00413497,-0.000894608,999470,273.637,261135,6.37323,357428,0.00360476,15769.2,4.81975e+06,102.734,40128,5.92902,255972
52.7,-0.0116365,100464,0.00411846,-0.000894608,999469,273.375,261135,6.3635,357428,0.00359037,15736.3,4.81002e+06,102.017,39849.6,5.92772,255916
52.8,-0.0116365,100464,0.00410202,-0.000894608,999469,273.112,261135,6.35376,357428,0.00357604,15703.5,4.80033e+06,101.306,39573.2,5.92641,255860
52.9,-0.0116365,100464,0.00408565,-0.000894608,999469,272.849,261135,6.344,357429,0.00356177,15670.9,4.79068e+06,100.599,39298.8,5.9251,255804
53,-0.0116365,100464,0.00406934,-0.000894608,999469,272.585,261135,6.33424,357429,0.00354755,15638.4,4.78106e+06,99.8972,39026.2,5.9238,255748
53.1,-0.0116365,100464,0.00405309,-0.000894608,999468,272.32,261135,6.32446,357429,0.00353339,15606.1,4.77149e+06,99.2004,38755.5,5.9225,255692
53.2,-0.0116365,100464,0.00403691,-0.000894608,999468,272.055,261135,6.31468,357429,0.00351929,15574,4.76195e+06,98.5085,38486.7,5.9212,255636
53.3,-0.0116365,100464,0.0040208,-0.000894608,999468,271.789,261135,6.30489,357429,0.00350524,15541.9,4.75245e+06,97.8213,38219.8,5.9199,255581
53.4,-0.0116365,100464,0.00400474,-0.000894608,999468,271.522,261135,6.29509,357429,0.00349125,15510.1,4.74298e+06,97.139,37954.8,5.9186,255525
53.5,-0.0116365,100464,0.00398876,-0.000894608,999467,271.255,261135,6.28528,357430,0.00347731,15478.3,4.73355e+06,96.4614,37691.6,5.9173,255469
53.6,-0.0116365,100464,0.00397283,-0.000894608,999467,270.988,261135,6.27546,357430,0.00346343,15446.7,4.72416e+06,95.7886,37430.2,5.91601,255414
53.7,-0.0116365,100464,0.00395698,-0.000894608,999467,270.719,261135,6.26564,357430,0.00344961,15415.3,4.71481e+06,95.1205,37170.6,5.91471,255358
53.8,-0.0116365,100464,0.00394118,-0.000894608,999467,270.451,261135,6.2558,357430,0.00343584,15383.9,4.70549e+06,94.457,36912.9,5.91342,255303
53.9,-0.0116365,100464,0.00392545,-0.000894608,999466,270.181,261135,6.24596,357430,0.00342213,15352.7,4.69621e+06,93.7981,36656.9,5.91213,255247
54,-0.0116365,100464,0.00390978,-0.000894608,999466,269.912,261135,6.23611,357430,0.00340847,15321.6,4.68696e+06,93.1438,36402.7,5.91084,255192
54.1,-0.0116365,100464,0.00389417,-0.000894608,999466,269.641,261135,6.22626,357430,0.00339486,15290.7,4.67775e+06,92.4941,36150.3,5.90955,255137
54.2,-0.0116365,100464,0.00387862,-0.000894608,999465,269.37,261135,6.21639,357431,0.00338131,15260,4.66857e+06,91.849,35899.7,5.90826,255081
54.3,-0.0116365,100464,0.00386314,-0.000894608,999465,269.099,261135,6.20652,357431,0.00336781,15229.3,4.65943e+06,91.2083,35650.8,5.90697,255026
54.4,-0.0116365,100464,0.00384772,-0.000894608,999465,268.827,261135,6.19664,357431,0.00335437,15198.8,4.65032e+06,90.5721,35403.6,5.90569,254971
54.5,-0.0116365,100464,0.00383236,-0.000894608,999465,268.555,261135,6.18676,357431,0.00334098,15168.5,4.64125e+06,89.9404,35158.2,5.9044,254916
54.6,-0.0116365,100464,0.00381706,-0.000894608,999464,268.282,261135,6.17687,357431,0.00332764,15138.2,4.63221e+06,89.313,34914.4,5.90312,254861
54.7,-0.0116365,100464,0.00380182,-0.000894608,999464,268.008,261135,6.16697,357431,0.00331436,15108.1,4.62321e+06,88.69,34672.4,5.90184,254806
54.8,-0.0116365,100464,0.00378664,-0.000894608,999464,267.734,261135,6.15706,357432,0.00330113,15078.1,4.61424e+06,88.0714,34432,5.90056,254751
54.9,-0.0116365,100464,0.00377153,-0.000894608,999464,267.46,261135,6.14715,357432,0.00328796,15048.2,4.6053e+06,87.4571,34193.4,5.89928,254696
55,-0.0116365,100464,0.00375647,-0.000894608,999463,267.185,261135,6.13724,357432,0.00327483,15018.5,4.5964e+06,86.8471,33956.3,5.898,254641
55.1,-0.0116365,100464,0.00374147,-0.000894608,999463,266.909,261135,6.12732,357432,0.00326176,14988.8,4.58754e+06,86.2413,33721,5.89673,254586
55.2,-0.0116365,100464,0.00372654,-0.000894608,999463,266.634,261135,6.11739,357432,0.00324874,14959.3,4.5787e+06,85.6397,33487.2,5.89545,254532
55.3,-0.0116365,100464,0.00371166,-0.000894608,999463,266.357,261135,6.10745,357432,0.00323577,14929.9,4.5699e+06,85.0424,33255.1,5.89418,254477
55.4,-0.0116365,100464,0.00369685,-0.000894608,999463,266.08,261135,6.09752,357433,0.00322286,14900.6,4.56113e+06,84.4492,33024.7,5.89291,254422
55.5,-0.0116365,100464,0.00368209,-0.000894608,999462,265.803,261135,6.08757,357433,0.00320999,14871.4,4.55239e+06,83.8601,32795.8,5.89164,254368
55.6,-0.0116365,100464,0.00366739,-0.000894608,999462,265.525,261135,6.07762,357433,0.00319718,14842.4,4.54369e+06,83.2752,32568.5,5.89037,254313
55.7,-0.0116365,100464,0.00365275,-0.000894608,999462,265.247,261135,6.06767,357433,0.00318442,14813.5,4.53502e+06,82.6943,32342.8,5.8891,254259
55.8,-0.0116365,100464,0.00363817,-0.000894608,999462,264.968,261135,6.05771,357433,0.0031717,14784.7,4.52638e+06,82.1175,32118.6,5.88783,254205
55.9,-0.0116365,100464,0.00362364,-0.000894608,999461,264.689,261135,6.04775,357433,0.00315904,14756,4.51777e+06,81.5446,31896,5.88657,254150
56,-0.0116365,100464,0.00360918,-0.000894608,999461,264.41,261135,6.03778,357434,0.00314643,14727.4,4.5092e+06,80.9758,31675,5.8853,254096
56.1,-0.0116365,100464,0.00359477,-0.000894608,999461,264.13,261135,6.02781,357434,0.00313387,14699,4.50066e+06,80.4109,31455.5,5.88404,254042
56.2,-0.0116365,100464,0.00358042,-0.000894608,999461,263.849,261135,6.01784,357434,0.00312136,14670.6,4.49214e+06,79.85,31237.5,5.88278,253988
56.3,-0.0116365,100464,0.00356613,-0.000894608,999460,263.568,261135,6.00786,357434,0.0031089,14642.4,4.48366e+06,79.293,31021.1,5.88152,253934
56.4,-0.0116365,100464,0.00355189,-0.000894608,999460,263.287,261135,5.99788,357434,0.00309649,14614.2,4.47521e+06,78.7399,30806.1,5.88026,253879
56.5,-0.0116365,100464,0.00353771,-0.000894608,999460,263.005,261135,5.98789,357434,0.00308413,14586.2,4.4668e+06,78.1906,30592.7,5.879,253825
56.6,-0.0116365,100464,0.00352359,-0.000894608,999460,262.723,261135,5.9779,357435,0.00307182,14558.3,4.45841e+06,77.6451,30380.7,5.87774,253772
56.7,-0.0116365,100464,0.00350952,-0.000894608,999459,262.441,261135,5.96791,357435,0.00305956,14530.5,4.45005e+06,77.1035,30170.2,5.87649,253718
56.8,-0.0116365,100464,0.00349551,-0.000894608,999459,262.158,261135,5.95791,357435,0.00304735,14502.8,4.44173e+06,76.5656,29961.2,5.87523,253664
56.9,-0.0116365,100464,0.00348156,-0.000894608,999459,261.874,261135,5.94791,357435,0.00303518,14475.2,4.43343e+06,76.0315,29753.6,5.87398,253610
57,-0.0116365,100464,0.00346766,-0.000894608,999459,261.591,261135,5.93791,357435,0.00302307,14447.7,4.42516e+06,75.5011,29547.5,5.87273,253556
57.1,-0.0116365,100464,0.00345381,-0.000894608,999459,261.306,261135,5.92791,357435,0.003011,14420.3,4.41693e+06,74.9744,29342.8,5.87148,253503
57.2,-0.0116365,100464,0.00344003,-0.000894608,999458,261.022,261135,5.9179,357436,0.00299898,14393,4.40872e+06,74.4514,29139.5,5.87023,253449
57.3,-0.0116365,100464,0.00342629,-0.000894609,999458,260.737,261135,5.90789,357436,0.00298701,14365.9,4.40054e+06,73.932,28937.6,5.86898,253395
57.4,-0.0116365,100464,0.00341262,-0.000894609,999458,260.452,261135,5.89788,357436,0.00297509,14338.8,4.3924e+06,73.4162,28737.2,5.86773,253342
57.5,-0.0116365,100464,0.00339899,-0.000894609,999458,260.166,261135,5.88787,357436,0.00296321,14311.8,4.38428e+06,72.9041,28538.1,5.86649,253288
57.6,-0.0116365,100464,0.00338542,-0.000894609,999457,259.88,261135,5.87785,357436,0.00295138,14284.9,4.37619e+06,72.3955,28340.5,5.86525,253235
57.7,-0.0116365,100464,0.00337191,-0.000894609,999457,259.594,261135,5.86784,357436,0.0029396,14258.1,4.36813e+06,71.8905,28144.2,5.864,253182
57.8,-0.0116365,100464,0.00335845,-0.000894609,999457,259.307,261135,5.85782,357437,0.00292787,14231.4,4.3601e+06,71.3889,27949.2,5.86276,253128
57.9,-0.0116365,100464,0.00334504,-0.000894609,999457,259.02,261135,5.8478,357437,0.00291618,14204.9,4.3521e+06,70.8909,27755.7,5.86152,253075
58,-0.0116365,100464,0.00333169,-0.000894609,999457,258.733,261135,5.83778,357437,0.00290454,14178.4,4.34413e+06,70.3964,27563.5,5.86028,253022
58.1,-0.0116365,100464,0.00331839,-0.000894609,999456,258.445,261135,5.82775,357437,0.00289295,14152,4.33618e+06,69.9053,27372.6,5.85904,252969
58.2,-0.0116365,100464,0.00330514,-0.000894609,999456,258.157,261135,5.81773,357437,0.0028814,14125.7,4.32826e+06,69.4177,27183,5.85781,252916
58.3,-0.0116365,100464,0.00329195,-0.000894609,999456,257.869,261135,5.8077,357437,0.0028699,14099.5,4.32038e+06,68.9335,26994.8,5.85657,252863
58.4,-0.0116365,100464,0.0032788,-0.000894609,999456,257.58,261135,5.79768,357438,0.00285845,14073.4,4.31252e+06,68.4527,26807.9,5.85534,252810
58.5,-0.0116365,100464,0.00326572,-0.000894609,999455,257.291,261135,5.78765,357438,0.00284704,14047.3,4.30468e+06,67.9751,26622.3,5.85411,252757
58.6,-0.0116365,100464,0.00325268,-0.000894609,999455,257.001,261135,5.77762,357438,0.00283567,14021.4,4.29688e+06,67.5008,26437.9,5.85288,252704
58.7,-0.0116365,100464,0.00323969,-0.000894609,999455,256.712,261135,5.7676,357438,0.00282435,13995.6,4.2891e+06,67.0299,26254.9,5.85165,252651
58.8,-0.0116365,100464,0.00322676,-0.000894609,999455,256.422,261135,5.75757,357438,0.00281308,13969.8,4.28135e+06,66.5621,26073,5.85042,252598
58.9,-0.0116365,100464,0.00321388,-0.000894609,999455,256.131,261135,5.74754,357439,0.00280185,13944.2,4.27363e+06,66.0977,25892.5,5.84919,252546
59,-0.0116365,100464,0.00320105,-0.000894609,999454,255.841,261135,5.73751,357439,0.00279066,13918.6,4.26593e+06,65.6365,25713.2,5.84796,252493
59.1,-0.0116365,100464,0.00318827,-0.000894609,999454,255.55,261135,5.72749,357439,0.00277952,13893.1,4.25826e+06,65.1785,25535.2,5.84674,252440
59.2,-0.0116365,100464,0.00317554,-0.000894609,999454,255.258,261135,5.71746,357439,0.00276843,13867.8,4.25062e+06,64.7237,25358.3,5.84551,252388
59.3,-0.0116365,100464,0.00316286,-0.000894609,999454,254.967,261135,5.70743,357439,0.00275738,13842.5,4.243e+06,64.272,25182.8,5.84429,252335
59.4,-0.0116365,100464,0.00315024,-0.000894609,999454,254.675,261135,5.69741,357439,0.00274637,13817.3,4.23541e+06,63.8235,25008.4,5.84307,252283
59.5,-0.0116365,100464,0.00313766,-0.000894609,999453,254.383,261135,5.68738,357440,0.00273541,13792.2,4.22785e+06,63.3782,24835.3,5.84185,252230
59.6,-0.0116365,100464,0.00312513,-0.000894609,999453,254.091,261135,5.67735,357440,0.00272449,13767.1,4.22031e+06,62.9359,24663.3,5.84063,252178
59.7,-0.0116365,100464,0.00311266,-0.000894609,999453,253.798,261135,5.66733,357440,0.00271361,13742.2,4.2128e+06,62.4967,24492.6,5.83941,252126
59.8,-0.0116365,100464,0.00310023,-0.000894609,999453,253.505,261135,5.65731,357440,0.00270278,13717.3,4.20531e+06,62.0606,24323,5.8382,252074
59.9,-0.0116365,100464,0.00308785,-0.000894609,999453,253.212,261135,5.64728,357440,0.00269199,13692.6,4.19785e+06,61.6275,24154.7,5.83698,252021
60,-0.0116365,100464,0.00307553,-0.000894609,999452,252.918,261135,5.63726,357440,0.00268125,13667.9,4.19042e+06,61.1975,23987.5,5.83577,251969
60.1,-0.0116365,100464,0.00306325,-0.000894609,999452,252.625,261135,5.62724,357441,0.00267054,13643.3,4.18301e+06,60.7704,23821.4,5.83456,251917
60.2,-0.0116365,100464,0.00305102,-0.000894609,999452,252.331,261135,5.61722,357441,0.00265988,13618.8,4.17563e+06,60.3464,23656.5,5.83334,251865
60.3,-0.0116365,100464,0.00303884,-0.000894609,999452,252.036,261135,5.60721,357441,0.00264927,13594.3,4.16827e+06,59.9253,23492.8,5.83213,251813
60.4,-0.0116365,100464,0.00302671,-0.000894609,999452,251.742,261135,5.59719,357441,0.00263869,13570,4.16094e+06,59.5071,23330.2,5.83092,251761
60.5,-0.0116365,100464,0.00301463,-0.000894609,999451,251.447,261135,5.58718,357441,0.00262816,13545.8,4.15364e+06,59.0919,23168.8,5.82972,251709
60.6,-0.0116365,100464,0.00300259,-0.000894609,999451,251.152,261135,5.57716,357441,0.00261767,13521.6,4.14635e+06,58.6795,23008.4,5.82851,251657
60.7,-0.0116365,100464,0.0029906,-0.000894609,999451,250.857,261135,5.56715,357442,0.00260722,13497.5,4.1391e+06,58.2701,22849.2,5.8273,251606
60.8,-0.0116365,100464,0.00297867,-0.000894609,999451,250.561,261135,5.55715,357442,0.00259681,13473.5,4.13187e+06,57.8635,22691.1,5.8261,251554
60.9,-0.0116365,100464,0.00296677,-0.000894609,999451,250.266,261135,5.54714,357442,0.00258645,13449.6,4.12466e+06,57.4598,22534.2,5.8249,251502
61,-0.0116365,100464,0.00295493,-0.000894609,999450,249.97,261135,5.53714,357442,0.00257612,13425.8,4.11748e+06,57.0589,22378.3,5.8237,251451
61.1,-0.0116365,100464,0.00294313,-0.000894609,999450,249.674,261135,5.52713,357442,0.00256584,13402,4.11032e+06,56.6609,22223.5,5.8225,251399
61.2,-0.0116365,100464,0.00293138,-0.000894609,999450,249.377,261135,5.51714,357443,0.0025556,13378.3,4.10319e+06,56.2656,22069.8,5.8213,251348
61.3,-0.0116365,100464,0.00291968,-0.000894609,999450,249.081,261135,5.50714,357443,0.0025454,13354.8,4.09608e+06,55.8731,21917.1,5.8201,251296
61.4,-0.0116365,100464,0.00290803,-0.000894609,999450,248.784,261135,5.49715,357443,0.00253524,13331.3,4.08899e+06,55.4833,21765.6,5.8189,251245
61.5,-0.0116365,100464,0.00289642,-0.000894609,999449,248.487,261135,5.48716,357443,0.00252512,13307.8,4.08193e+06,55.0961,21615,5.81771,251193
61.6,-0.0116365,100464,0.00288485,-0.000894609,999449,248.19,261135,5.47717,357443,0.00251504,13284.4,4.07489e+06,54.7115,21465.4,5.81651,251142
61.7,-0.0116365,100464,0.00287334,-0.000894609,999449,247.892,261135,5.46718,357443,0.002505,13261.1,4.06787e+06,54.3297,21316.9,5.81532,251091
61.8,-0.0116365,100464,0.00286187,-0.000894609,999449,247.595,261135,5.4572,357444,0.00249501,13237.9,4.06088e+06,53.9505,21169.5,5.81413,251040
61.9,-0.0116365,100464,0.00285044,-0.000894609,999449,247.297,261135,5.44723,357444,0.00248505,13214.7,4.05391e+06,53.5739,21023,5.81294,250988
62,-0.0116365,100464,0.00283906,-0.000894609,999448,246.999,261135,5.43725,357444,0.00247513,13191.7,4.04696e+06,53.2,20877.6,5.81175,250937
62.1,-0.0116365,100464,0.00282773,-0.000894609,999448,246.701,261135,5.42728,357444,0.00246525,13168.7,4.04004e+06,52.8286,20733.2,5.81056,250886
62.2,-0.0116365,100464,0.00281644,-0.000894609,999448,246.403,261135,5.41731,357444,0.00245541,13145.8,4.03314e+06,52.4599,20589.8,5.80937,250835
62.3,-0.0116365,100464,0.00280519,-0.000894609,999448,246.104,261135,5.40735,357445,0.0024456,13122.9,4.02626e+06,52.0937,20447.3,5.80819,250784
62.4,-0.0116365,100464,0.00279399,-0.000894609,999448,245.805,261135,5.39739,357445,0.00243584,13100.1,4.01941e+06,51.7301,20305.9,5.807,250733
62.5,-0.0116365,100464,0.00278284,-0.000894609,999448,245.506,261135,5.38743,357445,0.00242612,13077.4,4.01258e+06,51.369,20165.5,5.80582,250683
62.6,-0.0116365,100464,0.00277173,-0.000894609,999447,245.207,261135,5.37748,357445,0.00241643,13054.8,4.00577e+06,51.0105,20026,5.80464,250632
62.7,-0.0116365,100464,0.00276067,-0.000894609,999447,244.908,261135,5.36753,357445,0.00240679,13032.3,3.99898e+06,50.6544,19887.5,5.80346,250581
62.8,-0.0116365,100464,0.00274964,-0.000894609,999447,244.609,261135,5.35759,357445,0.00239718,13009.8,3.99222e+06,50.3008,19750,5.80228,250530
62.9,-0.0116365,100464,0.00273867,-0.000894609,999447,244.309,261135,5.34765,357446,0.00238761,12987.4,3.98548e+06,49.9498,19613.4,5.8011,250480
63,-0.0116365,100464,0.00272773,-0.000894609,999447,244.01,261135,5.33771,357446,0.00237808,12965.1,3.97876e+06,49.6011,19477.8,5.79992,250429
63.1,-0.0116365,100464,0.00271684,-0.000894609,999447,243.71,261135,5.32778,357446,0.00236859,12942.8,3.97206e+06,49.2549,19343.2,5.79874,250379
63.2,-0.0116365,100464,0.002706,-0.000894609,999446,243.41,261135,5.31786,357446,0.00235914,12920.7,3.96538e+06,48.9111,19209.4,5.79757,250328
63.3,-0.0116365,100464,0.00269519,-0.000894609,999446,243.11,261135,5.30794,357446,0.00234972,12898.6,3.95873e+06,48.5698,19076.7,5.79639,250278
63.4,-0.0116365,100464,0.00268443,-0.000894609,999446,242.809,261135,5.29802,357446,0.00234034,12876.5,3.9521e+06,48.2308,18944.8,5.79522,250227
63.5,-0.0116365,100464,0.00267372,-0.000894609,999446,242.509,261135,5.28811,357447,0.002331,12854.6,3.94549e+06,47.8942,18813.9,5.79405,250177
63.6,-0.0116365,100464,0.00266304,-0.000894609,999446,242.208,261135,5.2782,357447,0.00232169,12832.7,3.9389e+06,47.56,18683.8,5.79288,250127
63.7,-0.0116365,100464,0.00265241,-0.000894609,999445,241.908,261135,5.2683,357447,0.00231243,12810.9,3.93233e+06,47.2281,18554.7,5.79171,250076
63.8,-0.0116365,100464,0.00264182,-0.000894609,999445,241.607,261135,5.2584,357447,0.0023032,12789.1,3.92578e+06,46.8985,18426.5,5.79054,250026
63.9,-0.0116365,100464,0.00263128,-0.000894609,999445,241.306,261135,5.2485,357447,0.002294,12767.5,3.91926e+06,46.5713,18299.2,5.78938,249976
64,-0.0116365,100464,0.00262077,-0.000894609,999445,241.005,261135,5.23862,357448,0.00228485,12745.9,3.91276e+06,46.2464,18172.8,5.78821,249926
64.1,-0.0116365,100464,0.00261031,-0.000894609,999445,240.704,261135,5.22874,357448,0.00227573,12724.4,3.90627e+06,45.9237,18047.3,5.78705,249876
64.2,-0.0116365,100464,0.00259989,-0.00089461,999445,240.402,261135,5.21886,357448,0.00226664,12702.9,3.89981e+06,45.6034,17922.6,5.78588,249826
64.3,-0.0116365,100464,0.00258951,-0.00089461,999444,240.101,261135,5.20899,357448,0.00225759,12681.5,3.89337e+06,45.2852,17798.9,5.78472,249776
64.4,-0.0116365,100464,0.00257917,-0.00089461,999444,239.799,261135,5.19912,357448,0.00224858,12660.2,3.88695e+06,44.9692,17675.9,5.78356,249726
64.5,-0.0116365,100464,0.00256888,-0.00089461,999444,239.498,261135,5.18926,357448,0.00223961,12638.9,3.88055e+06,44.6553,17553.8,5.7824,249676
64.6,-0.0116365,100464,0.00255862,-0.00089461,999444,239.196,261135,5.17941,357449,0.00223067,12617.7,3.87417e+06,44.3436,17432.5,5.78124,249627
64.7,-0.0116365,100464,0.00254841,-0.00089461,999444,238.894,261135,5.16956,357449,0.00222176,12596.6,3.86781e+06,44.034,17312.1,5.78009,249577
64.8,-0.0116365,100464,0.00253823,-0.00089461,999444,238.592,261135,5.15972,357449,0.00221289,12575.5,3.86147e+06,43.7267,17192.5,5.77893,249527
64.9,-0.0116365,100464,0.0025281,-0.00089461,999443,238.29,261135,5.14988,357449,0.00220406,12554.5,3.85515e+06,43.4214,17073.7,5.77778,249477
65,-0.0116365,100464,0.00251801,-0.00089461,999443,237.988,261135,5.14005,357449,0.00219526,12533.5,3.84885e+06,43.1183,16955.8,5.77662,249428
65.1,-0.0116365,100464,0.00250795,-0.00089461,999443,237.686,261135,5.13023,357450,0.0021865,12512.7,3.84257e+06,42.8174,16838.7,5.77547,249378
65.2,-0.0116365,100464,0.00249794,-0.00089461,999443,237.383,261135,5.12041,357450,0.00217777,12491.9,3.83631e+06,42.5185,16722.4,5.77432,249329
65.3,-0.0116365,100464,0.00248797,-0.00089461,999443,237.081,261135,5.1106,357450,0.00216908,12471.1,3.83007e+06,42.2217,16606.9,5.77317,249279
65.4,-0.0116365,100464,0.00247804,-0.00089461,999443,236.778,261135,5.1008,357450,0.00216042,12450.4,3.82385e+06,41.927,16492.2,5.77202,249230
65.5,-0.0116365,100464,0.00246814,-0.00089461,999443,236.476,261135,5.091,357450,0.0021518,12429.8,3.81765e+06,41.6343,16378.3,5.77087,249181
65.6,-0.0116365,100464,0.00245829,-0.00089461,999442,236.173,261135,5.08121,357450,0.00214321,12409.2,3.81147e+06,41.3437,16265.2,5.76972,249131
65.7,-0.0116365,100464,0.00244847,-0.00089461,999442,235.871,261135,5.07142,357451,0.00213465,12388.7,3.80531e+06,41.0551,16152.9,5.76858,249082
65.8,-0.0116365,100464,0.0024387,-0.00089461,999442,235.568,261135,5.06164,357451,0.00212613,12368.3,3.79917e+06,40.7685,16041.4,5.76743,249033
65.9,-0.0116365,100464,0.00242896,-0.00089461,999442,235.265,261135,5.05187,357451,0.00211764,12347.9,3.79304e+06,40.484,15930.6,5.76629,248984
66,-0.0116365,100464,0.00241927,-0.00089461,999442,234.962,261135,5.04211,357451,0.00210919,12327.6,3.78694e+06,40.2014,15820.7,5.76515,248935
66.1,-0.0116365,100464,0.00240961,-0.00089461,999442,234.659,261135,5.03235,357451,0.00210077,12307.4,3.78086e+06,39.9208,15711.5,5.76401,248886
66.2,-0.0116365,100464,0.00239999,-0.00089461,999441,234.356,261135,5.0226,357452,0.00209239,12287.2,3.77479e+06,39.6422,15603,5.76287,248837
66.3,-0.0116365,100464,0.00239041,-0.00089461,999441,234.053,261135,5.01285,357452,0.00208403,12267.1,3.76874e+06,39.3655,15495.4,5.76173,248788
66.4,-0.0116365,100464,0.00238086,-0.00089461,999441,233.75,261135,5.00311,357452,0.00207572,12247,3.76272e+06,39.0908,15388.4,5.76059,248739
66.5,-0.0116365,100464,0.00237136,-0.00089461,999441,233.447,261135,4.99339,357452,0.00206743,12227.1,3.75671e+06,38.818,15282.3,5.75946,248690
66.6,-0.0116365,100464,0.00236189,-0.00089461,999441,233.143,261135,4.98366,357452,0.00205918,12207.1,3.75072e+06,38.5471,15176.8,5.75832,248641
66.7,-0.0116365,100464,0.00235246,-0.00089461,999441,232.84,261135,4.97395,357452,0.00205096,12187.2,3.74475e+06,38.2781,15072.1,5.75719,248592
66.8,-0.0116365,100464,0.00234307,-0.00089461,999441,232.537,261135,4.96424,357453,0.00204277,12167.4,3.73879e+06,38.0111,14968.2,5.75605,248544
66.9,-0.0116365,100464,0.00233372,-0.00089461,999440,232.233,261135,4.95454,357453,0.00203462,12147.7,3.73286e+06,37.7458,14864.9,5.75492,248495
67,-0.0116365,100464,0.0023244,-0.00089461,999440,231.93,261135,4.94485,357453,0.0020265,12128,3.72694e+06,37.4825,14762.4,5.75379,248447
67.1,-0.0116365,100464,0.00231512,-0.00089461,999440,231.626,261135,4.93516,357453,0.00201841,12108.4,3.72104e+06,37.221,14660.6,5.75266,248398
67.2,-0.0116365,100464,0.00230588,-0.00089461,999440,231.323,261135,4.92548,357453,0.00201035,12088.8,3.71516e+06,36.9614,14559.6,5.75153,248349
67.3,-0.0116365,100464,0.00229668,-0.00089461,999440,231.019,261135,4.91581,357454,0.00200233,12069.3,3.7093e+06,36.7035,14459.2,5.75041,248301
67.4,-0.0116365,100464,0.00228751,-0.00089461,999440,230.716,261135,4.90615,357454,0.00199433,12049.8,3.70346e+06,36.4473,14359.5,5.74928,248253
67.5,-0.0116365,100464,0.00227837,-0.00089461,999439,230.412,261135,4.8965,357454,0.00198637,12030.4,3.69763e+06,36.1929,14260.4,5.74816,248204
67.6,-0.0116365,100464,0.00226928,-0.00089461,999439,230.109,261135,4.88685,357454,0.00197844,12011.1,3.69182e+06,35.9403,14162.1,5.74703,248156
67.7,-0.0116365,100464,0.00226022,-0.00089461,999439,229.805,261135,4.87721,357454,0.00197054,11991.8,3.68603e+06,35.6894,14064.4,5.74591,248108
67.8,-0.0116365,100464,0.0022512,-0.00089461,999439,229.502,261135,4.86758,357454,0.00196268,11972.5,3.68026e+06,35.4403,13967.4,5.74479,248059
67.9,-0.0116365,100464,0.00224221,-0.00089461,999439,229.198,261135,4.85796,357455,0.00195484,11953.4,3.6745e+06,35.193,13871.1,5.74367,248011
68,-0.0116365,100464,0.00223326,-0.00089461,999439,228.894,261135,4.84835,357455,0.00194704,11934.2,3.66876e+06,34.9473,13775.5,5.74255,247963
68.1,-0.0116365,100464,0.00222434,-0.00089461,999439,228.591,261135,4.83874,357455,0.00193927,11915.2,3.66304e+06,34.7034,13680.5,5.74143,247915
68.2,-0.0116365,100464,0.00221546,-0.00089461,999438,228.287,261135,4.82915,357455,0.00193153,11896.2,3.65733e+06,34.4612,13586.2,5.74032,247867
68.3,-0.0116365,100464,0.00220662,-0.00089461,999438,227.983,261135,4.81956,357455,0.00192382,11877.2,3.65165e+06,34.2206,13492.6,5.7392,247819
68.4,-0.0116365,100464,0.00219781,-0.00089461,999438,227.68,261135,4.80998,357456,0.00191614,11858.3,3.64598e+06,33.9818,13399.6,5.73809,247771
68.5,-0.0116365,100464,0.00218903,-0.00089461,999438,227.376,261135,4.80041,357456,0.00190849,11839.5,3.64032e+06,33.7446,13307.2,5.73697,247723
68.6,-0.0116365,100464,0.00218029,-0.00089461,999438,227.072,261135,4.79084,357456,0.00190087,11820.7,3.63469e+06,33.5091,13215.5,5.73586,247675
68.7,-0.0116365,100464,0.00217159,-0.00089461,999438,226.769,261135,4.78129,357456,0.00189328,11801.9,3.62907e+06,33.2752,13124.5,5.73475,247628
68.8,-0.0116365,100464,0.00216292,-0.00089461,999438,226.465,261135,4.77174,357456,0.00188573,11783.2,3.62347e+06,33.043,13034.1,5.73364,247580
68.9,-0.0116365,100464,0.00215428,-0.00089461,999438,226.161,261135,4.76221,357456,0.0018782,11764.6,3.61788e+06,32.8124,12944.3,5.73253,247532
69,-0.0116365,100464,0.00214568,-0.00089461,999437,225.858,261135,4.75268,357457,0.0018707,11746,3.61231e+06,32.5834,12855.1,5.73142,247485
69.1,-0.0116365,100464,0.00213712,-0.00089461,999437,225.554,261135,4.74316,357457,0.00186323,11727.5,3.60676e+06,32.356,12766.5,5.73032,247437
69.2,-0.0116365,100464,0.00212859,-0.00089461,999437,225.251,261135,4.73365,357457,0.0018558,11709.1,3.60123e+06,32.1302,12678.6,5.72921,247389
69.3,-0.0116365,100464,0.00212009,-0.00089461,999437,224.947,261135,4.72415,357457,0.00184839,11690.6,3.59571e+06,31.906,12591.3,5.72811,247342
69.4,-0.0116365,100464,0.00211163,-0.00089461,999437,224.644,261135,4.71466,357457,0.00184101,11672.3,3.59021e+06,31.6833,12504.6,5.727,247295
69.5,-0.0116365,100464,0.0021032,-0.00089461,999437,224.34,261135,4.70517,357458,0.00183366,11654,3.58472e+06,31.4622,12418.5,5.7259,247247
69.6,-0.0116365,100464,0.0020948,-0.00089461,999437,224.037,261135,4.6957,357458,0.00182634,11635.7,3.57925e+06,31.2427,12333,5.7248,247200
69.7,-0.0116365,100464,0.00208644,-0.00089461,999436,223.733,261135,4.68623,357458,0.00181905,11617.5,3.5738e+06,31.0247,12248.1,5.7237,247152
69.8,-0.0116365,100464,0.00207811,-0.00089461,999436,223.43,261135,4.67678,357458,0.00181179,11599.3,3.56836e+06,30.8083,12163.8,5.7226,247105
69.9,-0.0116365,100464,0.00206981,-0.00089461,999436,223.126,261135,4.66733,357458,0.00180456,11581.2,3.56294e+06,30.5933,12080.1,5.7215,247058
70,-0.0116365,100464,0.00206155,-0.00089461,999436,222.823,261135,4.65789,357458,0.00179736,11563.2,3.55753e+06,30.3799,11996.9,5.72041,247011
