Time,V,Ap,ApM,I,ThN,ThE,TkN,TkE,B,Ps,Pl,Bm,IgM,IgG,C,NK
0,61,1e+06,0,0,1e+06,0,500000,0,250000,0,0,0,0,0,0,130000
0.1,42.2786,4.73361e+06,106.576,0.405045,999954,45.3768,482766,2564.34,212835,5.41307,1.41769,0.285798,0.0140032,3.23524e-05,97.2418,156361
0.2,9.61866,4.78941e+06,177.049,0.13185,999797,200.876,481742,22124.4,186767,20.1187,12.7132,2.5862,0.123056,0.000622851,164.286,193971
0.3,1.33467,4.78953e+06,189.096,0.0167693,999604,390.48,481616,51490.9,168496,33.0434,37.8346,7.77908,0.355629,0.00302821,177.036,195889
0.4,0.146797,4.78953e+06,189.962,0.00165076,999406,582.559,481606,82518.5,155704,42.0039,75.1406,15.6279,0.681124,0.00854574,179.171,190695
0.5,0.0129438,4.78953e+06,189.372,-0.00226037,999208,772.06,481611,113645,146748,47.8959,122.779,25.8403,1.06794,0.0182705,179.931,185186
0.6,0.000925302,4.78953e+06,188.629,-0.00593074,999010,958.41,481618,144680,140475,51.6783,179.536,38.241,1.49338,0.0331372,180.562,180121
0.7,5.51066e-05,4.78953e+06,187.877,-0.00506093,998814,1141.59,481625,175607,136080,54.0435,244.653,52.7391,1.94209,0.0539782,181.195,175473
0.8,2.71396e-06,4.78953e+06,187.127,-0.00462875,998618,1321.64,481632,206426,132997,55.4647,317.63,69.2909,2.40379,0.0815582,181.841,171260
0.9,7.73959e-08,4.78953e+06,186.38,-0.00449649,998423,1498.61,481639,237140,130831,56.2626,398.097,87.876,2.87171,0.116595,182.501,167440
1,-7.62067e-08,4.78953e+06,185.636,-0.00399567,998229,1672.53,481645,267750,129306,56.6529,485.747,108.484,3.34138,0.159766,183.172,163969
1.1,-4.91168e-08,4.78953e+06,184.895,-0.0041657,998036,1843.45,481652,298259,128231,56.78,580.291,131.106,3.80993,0.211716,183.854,160828
1.2,-4.67288e-07,4.78953e+06,184.157,-0.00488137,997844,2011.42,481659,328669,127468,56.7405,681.443,155.732,4.27552,0.273058,184.546,157984
1.3,-1.63265e-06,4.78953e+06,183.422,-0.00489051,997652,2176.46,481666,358980,126925,56.5964,788.912,182.349,4.73705,0.344369,185.246,155394
1.4,-4.51276e-07,4.78953e+06,182.69,-0.00482344,997461,2338.62,481672,389193,126536,56.3902,902.401,210.94,5.19381,0.426196,185.954,153044
1.5,-9.8243e-07,4.78953e+06,181.961,-0.00504683,997271,2497.94,481679,419311,126254,56.1487,1021.6,241.485,5.64543,0.519048,186.668,150914
1.6,-1.14231e-05,4.78953e+06,181.234,-0.00538909,997082,2654.46,481686,449333,126047,55.8886,1146.21,273.96,6.09171,0.623403,187.388,148983
1.7,-3.63474e-05,4.78953e+06,180.511,-0.0056287,996894,2808.22,481692,479260,125893,55.6203,1275.9,308.341,6.53259,0.739703,188.113,147229
1.8,-6.88965e-05,4.78953e+06,179.79,-0.00563896,996706,2959.26,481699,509093,125776,55.3501,1410.39,344.598,6.96806,0.868358,188.842,145635
1.9,-7.64741e-05,4.78953e+06,179.072,-0.00559954,996520,3107.61,481705,538833,125685,55.0819,1549.35,382.705,7.39815,1.00974,189.576,144188
2,-3.37898e-05,4.78953e+06,178.358,-0.00561513,996333,3253.31,481712,568480,125612,54.8176,1692.49,422.63,7.82293,1.1642,190.313,142875
2.1,1.78903e-05,4.78953e+06,177.645,-0.00569465,996148,3396.41,481718,598034,125552,54.5579,1839.51,464.344,8.24248,1.33204,191.052,141685
2.2,-4.50762e-05,4.78953e+06,176.936,-0.00579526,995964,3536.92,481725,627495,125502,54.3031,1990.14,507.815,8.65687,1.51354,191.795,140605
2.3,-0.000428896,4.78953e+06,176.23,-0.00588177,995780,3674.9,481731,656865,125458,54.053,2144.1,553.013,9.06619,1.70896,192.539,139625
2.4,-0.00130201,4.78953e+06,175.528,-0.00592147,995597,3810.38,481738,686142,125418,53.8075,2301.12,599.906,9.4705,1.91851,193.286,138736
2.5,-0.00270661,4.78953e+06,174.828,-0.00584807,995415,3943.39,481744,715327,125383,53.5662,2460.94,648.464,9.86988,2.14238,194.035,137928
2.6,-0.0042766,4.78953e+06,174.132,-0.00572805,995234,4073.96,481751,744421,125349,53.3286,2623.33,698.656,10.2644,2.38075,194.785,137194
2.7,-0.00519696,4.78953e+06,173.438,-0.00564327,995053,4202.14,481757,773422,125318,53.0944,2788.03,750.452,10.6541,2.63376,195.535,136528
2.8,-0.00450493,4.78953e+06,172.745,-0.0056854,994873,4327.95,481763,802332,125288,52.8631,2954.84,803.821,11.0391,2.90152,196.284,135924
2.9,-0.00210975,4.78953e+06,172.053,-0.00586842,994694,4451.42,481770,831149,125259,52.6342,3123.52,858.734,11.4194,3.18414,197.031,135376
3,-0.0014029,4.78953e+06,171.365,-0.00592488,994516,4572.59,481776,859872,125232,52.4075,3293.87,915.161,11.7951,3.48167,197.781,134878
3.1,-0.00362043,4.78953e+06,170.683,-0.00575639,994338,4691.5,481782,888503,125205,52.1829,3465.7,973.074,12.1662,3.79418,198.532,134427
3.2,-0.00563558,4.78953e+06,170.004,-0.00560182,994161,4808.16,481788,917042,125179,51.9604,3638.8,1032.44,12.5328,4.1217,199.283,134017
3.3,-0.00329499,4.78953e+06,169.323,-0.00577886,993985,4922.63,481795,945488,125154,51.7396,3813,1093.24,12.8949,4.46424,200.03,133645
3.4,-0.00425633,4.78953e+06,168.648,-0.00570644,993810,5034.91,481801,973840,125129,51.5203,3988.13,1155.44,13.2525,4.8218,200.779,133308
3.5,-0.00396244,4.78953e+06,167.974,-0.00572855,993635,5145.06,481807,1.0021e+06,125105,51.3027,4164.02,1219.01,13.6058,5.19435,201.526,133002
3.6,-0.00431021,4.78953e+06,167.304,-0.00570227,993461,5253.09,481813,1.03026e+06,125081,51.0863,4340.51,1283.93,13.9547,5.58186,202.272,132724
3.7,-0.00473204,4.78953e+06,166.637,-0.00567034,993288,5359.04,481819,1.05833e+06,125058,50.8713,4517.45,1350.16,14.2993,5.98429,203.018,132472
3.8,-0.00675223,4.78953e+06,165.973,-0.00551744,993115,5462.93,481825,1.08631e+06,125035,50.6578,4694.69,1417.69,14.6397,6.40155,203.764,132243
3.9,-0.00653415,4.78953e+06,165.311,-0.00553394,992944,5564.8,481831,1.11419e+06,125013,50.4454,4872.11,1486.49,14.9758,6.83357,204.506,132036
4,-0.00767196,4.78953e+06,164.652,-0.00544783,992773,5664.67,481837,1.14198e+06,124991,50.2342,5049.56,1556.53,15.3078,7.28027,205.248,131847
4.1,-0.0063294,4.78953e+06,163.993,-0.00554944,992602,5762.58,481843,1.16967e+06,124970,50.0242,5226.94,1627.79,15.6356,7.74153,205.986,131676
4.2,-0.00525263,4.78953e+06,163.338,-0.00563094,992433,5858.54,481849,1.19726e+06,124949,49.8152,5404.11,1700.24,15.9593,8.21723,206.723,131521
4.3,-0.00600257,4.78953e+06,162.686,-0.00557418,992264,5952.59,481855,1.22476e+06,124928,49.6072,5580.96,1773.85,16.279,8.70726,207.46,131380
4.4,-0.00581527,4.78953e+06,162.037,-0.00558835,992096,6044.75,481861,1.25216e+06,124908,49.4004,5757.4,1848.61,16.5946,9.21148,208.194,131253
4.5,-0.00534125,4.78953e+06,161.389,-0.00562423,991928,6135.06,481867,1.27946e+06,124889,49.1947,5933.31,1924.49,16.9062,9.72973,208.926,131137
4.6,-0.0053018,4.78953e+06,160.745,-0.00562721,991761,6223.53,481873,1.30667e+06,124869,48.9899,6108.61,2001.47,17.2139,10.2619,209.656,131032
4.7,-0.00520419,4.78953e+06,160.103,-0.0056346,991595,6310.19,481879,1.33378e+06,124850,48.7862,6283.2,2079.52,17.5177,10.8077,210.384,130936
4.8,-0.00503122,4.78953e+06,159.464,-0.00564769,991430,6395.08,481885,1.36079e+06,124832,48.5836,6456.99,2158.62,17.8176,11.3671,211.11,130850
4.9,-0.00502883,4.78953e+06,158.827,-0.00564788,991265,6478.2,481891,1.3877e+06,124814,48.3819,6629.91,2238.76,18.1136,11.9399,211.834,130771
5,-0.00514609,4.78953e+06,158.193,-0.005639,991101,6559.6,481896,1.41451e+06,124796,48.1812,6801.88,2319.9,18.4058,12.5259,212.556,130700
5.1,-0.00528377,4.78953e+06,157.562,-0.00562858,990938,6639.3,481902,1.44123e+06,124779,47.9816,6972.82,2402.02,18.6943,13.1249,213.276,130635
5.2,-0.00535012,4.78953e+06,156.933,-0.00562356,990775,6717.31,481908,1.46784e+06,124762,47.7829,7142.67,2485.11,18.979,13.7367,213.994,130576
5.3,-0.00535394,4.78953e+06,156.307,-0.00562327,990613,6793.67,481914,1.49435e+06,124745,47.5852,7311.36,2569.14,19.26,14.361,214.709,130523
5.4,-0.00533519,4.78953e+06,155.683,-0.00562469,990452,6868.39,481919,1.52077e+06,124729,47.3885,7478.83,2654.1,19.5374,14.9978,215.421,130474
5.5,-0.00529712,4.78953e+06,155.061,-0.00562757,990292,6941.5,481925,1.54708e+06,124713,47.1927,7645.03,2739.95,19.8111,15.6468,216.131,130431
5.6,-0.00527245,4.78953e+06,154.442,-0.00562944,990132,7013.03,481931,1.57329e+06,124697,46.9979,7809.9,2826.69,20.0812,16.3077,216.839,130391
5.7,-0.00525047,4.78953e+06,153.826,-0.0056311,989972,7082.99,481936,1.5994e+06,124682,46.804,7973.39,2914.3,20.3477,16.9803,217.544,130355
5.8,-0.00523898,4.78953e+06,153.211,-0.00563197,989814,7151.41,481942,1.62541e+06,124667,46.6111,8135.45,3002.74,20.6107,17.6645,218.247,130322
5.9,-0.00523359,4.78953e+06,152.6,-0.00563238,989656,7218.32,481948,1.65132e+06,124653,46.4191,8296.03,3092.02,20.8702,18.36,218.947,130292
6,-0.00522874,4.78953e+06,151.991,-0.00563275,989499,7283.72,481953,1.67712e+06,124639,46.228,8455.11,3182.09,21.1262,19.0666,219.644,130265
6.1,-0.00522638,4.78953e+06,151.384,-0.00563293,989342,7347.65,481959,1.70282e+06,124625,46.0378,8612.64,3272.96,21.3788,19.784,220.338,130241
6.2,-0.00522585,4.78953e+06,150.78,-0.00563297,989186,7410.13,481964,1.72842e+06,124611,45.8485,8768.58,3364.59,21.628,20.5121,221.03,130219
6.3,-0.00522616,4.78953e+06,150.178,-0.00563294,989031,7471.17,481970,1.75391e+06,124598,45.6601,8922.93,3456.97,21.8738,21.2505,221.72,130199
6.4,-0.00522707,4.78953e+06,149.578,-0.00563287,988876,7530.8,481975,1.7793e+06,124585,45.4726,9075.63,3550.09,22.1162,21.999,222.406,130181
6.5,-0.00522807,4.78953e+06,148.981,-0.0056328,988722,7589.04,481981,1.80459e+06,124572,45.286,9226.64,3643.93,22.3554,22.7574,223.089,130164
6.6,-0.00522865,4.78953e+06,148.386,-0.00563275,988569,7645.91,481986,1.82977e+06,124560,45.1003,9375.92,3738.46,22.5912,23.5256,223.77,130149
6.7,-0.00523146,4.78953e+06,147.794,-0.00563254,988416,7701.42,481992,1.85484e+06,124548,44.9154,9523.56,3833.68,22.8238,24.3031,224.448,130136
6.8,-0.00523535,4.78953e+06,147.204,-0.00563225,988264,7755.6,481997,1.87981e+06,124536,44.7314,9669.48,3929.57,23.0532,25.0898,225.123,130125
6.9,-0.00523934,4.78953e+06,146.616,-0.00563195,988112,7808.46,482002,1.90468e+06,124524,44.5483,9813.64,4026.11,23.2794,25.8855,225.795,130115
7,-0.00524311,4.78953e+06,146.031,-0.00563166,987962,7860.03,482008,1.92944e+06,124513,44.366,9956,4123.28,23.5024,26.6899,226.464,130106
7.1,-0.00524632,4.78953e+06,145.448,-0.00563142,987811,7910.33,482013,1.95409e+06,124502,44.1846,10096.5,4221.07,23.7223,27.5027,227.13,130097
7.2,-0.00524864,4.78953e+06,144.867,-0.00563124,987662,7959.37,482018,1.97864e+06,124491,44.004,10235.2,4319.45,23.9391,28.3239,227.793,130089
7.3,-0.00524975,4.78953e+06,144.289,-0.00563116,987513,8007.19,482024,2.00308e+06,124481,43.8243,10372,4418.41,24.1528,29.1531,228.453,130081
7.4,-0.00525243,4.78953e+06,143.713,-0.00563096,987364,8053.78,482029,2.02741e+06,124471,43.6454,10507,4517.95,24.3635,29.99,229.11,130075
7.5,-0.00525576,4.78953e+06,143.139,-0.0056307,987217,8099.16,482034,2.05163e+06,124461,43.4673,10640.2,4618.06,24.5711,30.8344,229.764,130069
7.6,-0.00525879,4.78953e+06,142.568,-0.00563048,987070,8143.36,482039,2.07575e+06,124451,43.2901,10771.6,4718.7,24.7758,31.6861,230.415,130064
7.7,-0.0052614,4.78953e+06,141.999,-0.00563028,986923,8186.4,482045,2.09976e+06,124442,43.1136,10901,4819.87,24.9774,32.5449,231.062,130060
7.8,-0.00526347,4.78953e+06,141.432,-0.00563012,986777,8228.29,482050,2.12366e+06,124433,42.938,11028.6,4921.55,25.1762,33.4105,231.707,130055
7.9,-0.0052649,4.78953e+06,140.867,-0.00563001,986632,8269.06,482055,2.14745e+06,124424,42.7631,11154.2,5023.71,25.3721,34.2827,232.348,130051
8,-0.00526558,4.78953e+06,140.305,-0.00562996,986487,8308.73,482060,2.17114e+06,124415,42.5891,11277.8,5126.35,25.5651,35.1613,232.986,130047
8.1,-0.00526675,4.78953e+06,139.745,-0.00562987,986343,8347.28,482065,2.19471e+06,124407,42.4159,11399.7,5229.47,25.7552,36.046,233.621,130043
8.2,-0.00526817,4.78953e+06,139.187,-0.00562977,986200,8384.75,482070,2.21818e+06,124398,42.2434,11519.7,5333.06,25.9425,36.9366,234.252,130040
8.3,-0.00526938,4.78953e+06,138.632,-0.00562968,986057,8421.15,482076,2.24153e+06,124390,42.0718,11637.8,5437.08,26.127,37.8328,234.88,130038
8.4,-0.00527036,4.78953e+06,138.078,-0.0056296,985915,8456.51,482081,2.26478e+06,124383,41.9009,11753.9,5541.53,26.3087,38.7345,235.505,130035
8.5,-0.0052711,4.78953e+06,137.527,-0.00562955,985773,8490.85,482086,2.28791e+06,124375,41.7308,11868.2,5646.4,26.4877,39.6413,236.127,130032
8.6,-0.00527159,4.78953e+06,136.978,-0.00562951,985632,8524.17,482091,2.31094e+06,124368,41.5614,11980.6,5751.66,26.6639,40.5532,236.745,130030
8.7,-0.00527182,4.78953e+06,136.431,-0.00562949,985492,8556.49,482096,2.33385e+06,124361,41.3928,12091,5857.31,26.8375,41.4697,237.36,130027
8.8,-0.00527209,4.78953e+06,135.886,-0.00562947,985352,8587.83,482101,2.35665e+06,124354,41.225,12199.6,5963.35,27.0084,42.3908,237.972,130025
8.9,-0.00527239,4.78953e+06,135.344,-0.00562945,985212,8618.18,482106,2.37935e+06,124347,41.0579,12306.4,6069.76,27.1767,43.3163,238.58,130023
9,-0.00527261,4.78953e+06,134.804,-0.00562943,985074,8647.57,482111,2.40193e+06,124341,40.8916,12411.3,6176.52,27.3423,44.2459,239.185,130022
9.1,-0.00527276,4.78953e+06,134.266,-0.00562942,984935,8676.03,482116,2.4244e+06,124334,40.726,12514.3,6283.63,27.5054,45.1794,239.786,130020
9.2,-0.00527285,4.78953e+06,133.73,-0.00562942,984798,8703.56,482120,2.44675e+06,124328,40.5612,12615.4,6391.06,27.6658,46.1165,240.384,130018
9.3,-0.0052729,4.78953e+06,133.196,-0.00562941,984661,8730.19,482125,2.469e+06,124322,40.3971,12714.7,6498.81,27.8238,47.057,240.978,130017
9.4,-0.00527292,4.78953e+06,132.664,-0.00562941,984524,8755.92,482130,2.49113e+06,124317,40.2337,12812.1,6606.86,27.9792,48.0007,241.569,130015
9.5,-0.00527289,4.78953e+06,132.134,-0.00562941,984389,8780.76,482135,2.51315e+06,124311,40.0711,12907.8,6715.22,28.1321,48.9476,242.157,130014
9.6,-0.00527282,4.78953e+06,131.607,-0.00562942,984253,8804.71,482140,2.53506e+06,124306,39.9091,13001.6,6823.87,28.2826,49.8974,242.74,130013
9.7,-0.00527274,4.78953e+06,131.082,-0.00562942,984119,8827.81,482145,2.55686e+06,124301,39.7479,13093.6,6932.8,28.4305,50.8498,243.321,130012
9.8,-0.00527265,4.78953e+06,130.558,-0.00562943,983984,8850.07,482149,2.57854e+06,124296,39.5874,13183.9,7041.99,28.5761,51.8046,243.898,130011
9.9,-0.00527257,4.78953e+06,130.037,-0.00562944,983851,8871.5,482154,2.60011e+06,124291,39.4277,13272.3,7151.44,28.7193,52.7616,244.471,130010
10,-0.00527251,4.78953e+06,129.518,-0.00562944,983718,8892.11,482159,2.62157e+06,124286,39.2686,13359,7261.13,28.86,53.7207,245.04,130009
10.1,-0.00527248,4.78953e+06,129.001,-0.00562945,983585,8911.92,482164,2.64291e+06,124282,39.1102,13443.8,7371.05,28.9985,54.6815,245.606,130008
10.2,-0.00527242,4.78953e+06,128.486,-0.00562945,983453,8930.93,482168,2.66414e+06,124278,38.9525,13527,7481.2,29.1346,55.6441,246.169,130008
10.3,-0.00527232,4.78953e+06,127.973,-0.00562946,983322,8949.14,482173,2.68525e+06,124274,38.7955,13608.4,7591.57,29.2683,56.6083,246.728,130007
10.4,-0.00527222,4.78953e+06,127.462,-0.00562947,983191,8966.59,482178,2.70626e+06,124270,38.6392,13688.1,7702.15,29.3998,57.5738,247.283,130006
10.5,-0.00527214,4.78953e+06,126.953,-0.00562947,983061,8983.29,482183,2.72714e+06,124266,38.4836,13766.1,7812.93,29.529,58.5404,247.834,130006
10.6,-0.00527207,4.78953e+06,126.447,-0.00562948,982931,8999.24,482187,2.74792e+06,124262,38.3286,13842.4,7923.89,29.656,59.5079,248.382,130005
10.7,-0.00527203,4.78953e+06,125.942,-0.00562948,982802,9014.46,482192,2.76858e+06,124259,38.1743,13917.1,8035.02,29.7807,60.4761,248.926,130005
10.8,-0.005272,4.78953e+06,125.439,-0.00562948,982673,9028.96,482196,2.78912e+06,124256,38.0207,13990,8146.32,29.9033,61.4448,249.467,130004
10.9,-0.00527197,4.78953e+06,124.938,-0.00562949,982545,9042.74,482201,2.80955e+06,124253,37.8678,14061.3,8257.79,30.0236,62.4141,250.003,130004
11,-0.00527192,4.78953e+06,124.44,-0.00562949,982417,9055.82,482206,2.82987e+06,124250,37.7155,14131,8369.42,30.1418,63.3837,250.536,130004
11.1,-0.00527187,4.78953e+06,123.943,-0.00562949,982290,9068.21,482210,2.85007e+06,124247,37.5639,14199,8481.19,30.2579,64.3535,251.065,130003
11.2,-0.00527183,4.78953e+06,123.448,-0.0056295,982163,9079.92,482215,2.87015e+06,124244,37.413,14265.4,8593.09,30.3718,65.3231,251.591,130003
11.3,-0.00527181,4.78953e+06,122.955,-0.0056295,982037,9090.96,482219,2.89012e+06,124241,37.2627,14330.3,8705.12,30.4836,66.2925,252.113,130003
11.4,-0.00527179,4.78953e+06,122.464,-0.0056295,981912,9101.35,482224,2.90998e+06,124239,37.113,14393.5,8817.27,30.5934,67.2614,252.631,130003
11.5,-0.00527178,4.78953e+06,121.976,-0.0056295,981787,9111.11,482228,2.92972e+06,124237,36.964,14455.2,8929.52,30.7011,68.2298,253.145,130002
11.6,-0.00527177,4.78953e+06,121.489,-0.0056295,981662,9120.21,482233,2.94935e+06,124235,36.8156,14515.4,9041.88,30.8067,69.1975,253.655,130002
11.7,-0.00527175,4.78953e+06,121.004,-0.00562951,981538,9128.69,482237,2.96886e+06,124233,36.6679,14574,9154.35,30.9103,70.1647,254.162,130002
11.8,-0.00527174,4.78953e+06,120.521,-0.00562951,981415,9136.54,482241,2.98825e+06,124231,36.5208,14631.1,9266.91,31.0119,71.1309,254.664,130002
11.9,-0.00527173,4.78953e+06,120.039,-0.00562951,981292,9143.79,482246,3.00753e+06,124229,36.3744,14686.7,9379.55,31.1116,72.0959,255.163,130002
12,-0.00527172,4.78953e+06,119.56,-0.00562951,981169,9150.44,482250,3.02669e+06,124227,36.2285,14740.8,9492.26,31.2092,73.0598,255.658,130002
12.1,-0.00527172,4.78953e+06,119.083,-0.00562951,981047,9156.5,482255,3.04574e+06,124226,36.0833,14793.5,9605.04,31.3049,74.0222,256.15,130001
12.2,-0.00527171,4.78953e+06,118.608,-0.00562951,980926,9161.99,482259,3.06467e+06,124225,35.9387,14844.7,9717.87,31.3987,74.9831,256.637,130001
12.3,-0.00527171,4.78953e+06,118.134,-0.00562951,980805,9166.91,482263,3.08349e+06,124223,35.7948,14894.5,9830.76,31.4906,75.9423,257.121,130001
12.4,-0.00527171,4.78953e+06,117.663,-0.00562951,980685,9171.28,482268,3.10219e+06,124222,35.6514,14942.8,9943.68,31.5807,76.8996,257.6,130001
12.5,-0.00527171,4.78953e+06,117.193,-0.00562951,980565,9175.1,482272,3.12078e+06,124221,35.5086,14989.7,10056.6,31.6688,77.8549,258.076,130001
12.6,-0.00527171,4.78953e+06,116.725,-0.00562951,980445,9178.39,482276,3.13925e+06,124220,35.3665,15035.2,10169.6,31.7551,78.808,258.548,130001
12.7,-0.00527171,4.78953e+06,116.259,-0.00562951,980326,9181.15,482281,3.1576e+06,124220,35.225,15079.4,10282.6,31.8396,79.7589,259.016,130001
12.8,-0.00527172,4.78953e+06,115.795,-0.00562951,980208,9183.37,482285,3.17584e+06,124219,35.084,15122.2,10395.7,31.9222,80.7079,259.48,130001
12.9,-0.00527172,4.78953e+06,115.333,-0.00562951,980090,9185.07,482289,3.19396e+06,124218,34.9437,15163.6,10508.7,32.0031,81.6544,259.94,130001
13,-0.00527172,4.78953e+06,114.872,-0.00562951,979973,9186.27,482293,3.21196e+06,124218,34.8039,15203.7,10621.8,32.0822,82.5985,260.396,130001
13.1,-0.00527173,4.78953e+06,114.414,-0.00562951,979856,9186.97,482297,3.22985e+06,124218,34.6648,15242.5,10734.9,32.1595,83.5398,260.848,130001
13.2,-0.00527173,4.78953e+06,113.957,-0.00562951,979739,9187.19,482302,3.24763e+06,124217,34.5262,15280.1,10847.9,32.235,84.4784,261.297,130001
13.3,-0.00527174,4.78953e+06,113.502,-0.00562951,979623,9186.93,482306,3.26528e+06,124217,34.3882,15316.3,10961,32.3089,85.4141,261.741,130001
13.4,-0.00527174,4.78953e+06,113.049,-0.00562951,979508,9186.2,482310,3.28283e+06,124217,34.2508,15351.2,11074,32.381,86.3467,262.181,130001
13.5,-0.00527175,4.78953e+06,112.598,-0.00562951,979393,9185,482314,3.30025e+06,124217,34.114,15384.9,11187,32.4515,87.2762,262.618,130001
13.6,-0.00527175,4.78953e+06,112.148,-0.00562951,979278,9183.36,482318,3.31756e+06,124217,33.9777,15417.4,11299.9,32.5202,88.2024,263.05,130000
13.7,-0.00527175,4.78953e+06,111.701,-0.00562951,979164,9181.27,482322,3.33475e+06,124218,33.842,15448.7,11412.9,32.5874,89.1253,263.479,130000
13.8,-0.00527175,4.78953e+06,111.255,-0.00562951,979050,9178.74,482326,3.35183e+06,124218,33.7069,15478.7,11525.7,32.6528,90.0447,263.903,130000
13.9,-0.00527176,4.78953e+06,110.81,-0.00562951,978937,9175.77,482330,3.36879e+06,124218,33.5724,15507.6,11638.6,32.7167,90.9607,264.324,130000
14,-0.00527176,4.78953e+06,110.368,-0.00562951,978825,9172.38,482335,3.38564e+06,124219,33.4384,15535.2,11751.4,32.7789,91.8732,264.74,130000
14.1,-0.00527176,4.78953e+06,109.928,-0.00562951,978712,9168.57,482339,3.40237e+06,124220,33.305,15561.7,11864.1,32.8396,92.7821,265.153,130000
14.2,-0.00527176,4.78953e+06,109.489,-0.00562951,978601,9164.34,482343,3.41898e+06,124220,33.1721,15587.1,11976.8,32.8987,93.6871,265.561,130000
14.3,-0.00527176,4.78953e+06,109.052,-0.00562951,978489,9159.72,482347,3.43548e+06,124221,33.0398,15611.3,12089.4,32.9562,94.5883,265.966,130000
14.4,-0.00527177,4.78953e+06,108.616,-0.00562951,978378,9154.7,482351,3.45186e+06,124222,32.9081,15634.5,12201.9,33.0122,95.4855,266.367,130000
14.5,-0.00527177,4.78953e+06,108.183,-0.00562951,978268,9149.29,482355,3.46812e+06,124223,32.7768,15656.5,12314.3,33.0666,96.3787,266.763,130000
14.6,-0.00527177,4.78953e+06,107.751,-0.00562951,978158,9143.49,482359,3.48427e+06,124224,32.6462,15677.4,12426.7,33.1195,97.2678,267.156,130000
14.7,-0.00527177,4.78953e+06,107.321,-0.00562951,978049,9137.33,482362,3.50031e+06,124225,32.5161,15697.3,12539,33.171,98.1527,267.544,130000
14.8,-0.00527177,4.78953e+06,106.892,-0.00562951,977940,9130.79,482366,3.51623e+06,124226,32.3865,15716.1,12651.2,33.2209,99.0332,267.929,130000
14.9,-0.00527177,4.78953e+06,106.466,-0.00562951,977831,9123.89,482370,3.53203e+06,124228,32.2574,15733.9,12763.3,33.2694,99.9095,268.309,130000
15,-0.00527177,4.78953e+06,106.041,-0.00562951,977723,9116.63,482374,3.54772e+06,124229,32.1289,15750.7,12875.3,33.3164,100.781,268.686,130000
15.1,-0.00527177,4.78953e+06,105.617,-0.00562952,977616,9109.03,482378,3.56329e+06,124230,32.001,15766.4,12987.2,33.362,101.649,269.058,130000
15.2,-0.00527176,4.78953e+06,105.196,-0.00562952,977508,9101.08,482382,3.57875e+06,124232,31.8735,15781.1,13099,33.4062,102.511,269.426,130000
15.3,-0.00527176,4.78953e+06,104.776,-0.00562952,977402,9092.79,482386,3.59409e+06,124234,31.7466,15794.9,13210.6,33.4489,103.37,269.791,130000
15.4,-0.00527176,4.78953e+06,104.357,-0.00562952,977295,9084.17,482390,3.60932e+06,124235,31.6202,15807.6,13322.2,33.4903,104.223,270.151,130000
15.5,-0.00527176,4.78953e+06,103.941,-0.00562952,977189,9075.23,482393,3.62443e+06,124237,31.4943,15819.5,13433.6,33.5303,105.072,270.507,130000
15.6,-0.00527176,4.78953e+06,103.526,-0.00562952,977084,9065.96,482397,3.63943e+06,124239,31.369,15830.3,13544.9,33.5689,105.916,270.86,130000
15.7,-0.00527176,4.78953e+06,103.113,-0.00562952,976979,9056.38,482401,3.65431e+06,124241,31.2441,15840.3,13656.1,33.6061,106.755,271.208,130000
15.8,-0.00527175,4.78953e+06,102.701,-0.00562952,976874,9046.5,482405,3.66908e+06,124242,31.1198,15849.3,13767.2,33.6421,107.589,271.552,130000
15.9,-0.00527175,4.78953e+06,102.291,-0.00562952,976770,9036.3,482409,3.68374e+06,124244,30.996,15857.4,13878.1,33.6766,108.418,271.892,130000
16,-0.00527175,4.78953e+06,101.883,-0.00562952,976667,9025.81,482412,3.69828e+06,124247,30.8727,15864.7,13988.9,33.7099,109.243,272.228,130000
16.1,-0.00527175,4.78953e+06,101.476,-0.00562952,976563,9015.03,482416,3.7127e+06,124249,30.7499,15871.1,14099.5,33.7419,110.062,272.56,130000
16.2,-0.00527175,4.78953e+06,101.071,-0.00562952,976460,9003.97,482420,3.72701e+06,124251,30.6276,15876.5,14210,33.7726,110.876,272.888,130000
16.3,-0.00527174,4.78953e+06,100.667,-0.00562952,976358,8992.64,482423,3.74121e+06,124253,30.5059,15881.2,14320.3,33.802,111.684,273.212,130000
16.4,-0.00527174,4.78953e+06,100.265,-0.00562952,976256,8981.03,482427,3.75529e+06,124255,30.3846,15884.9,14430.5,33.8302,112.488,273.532,130000
16.5,-0.00527173,4.78953e+06,99.8652,-0.00562952,976155,8969.15,482431,3.76926e+06,124258,30.2638,15887.9,14540.5,33.8572,113.286,273.848,130000
16.6,-0.00527173,4.78953e+06,99.4666,-0.00562952,976053,8957.01,482435,3.78312e+06,124260,30.1435,15890,14650.4,33.8829,114.078,274.16,130000
16.7,-0.00527172,4.78953e+06,99.0695,-0.00562952,975953,8944.61,482438,3.79686e+06,124263,30.0237,15891.4,14760.1,33.9073,114.866,274.468,130000
16.8,-0.00527172,4.78953e+06,98.674,-0.00562953,975852,8931.95,482442,3.81049e+06,124265,29.9044,15891.9,14869.6,33.9306,115.648,274.772,130000
16.9,-0.00527171,4.78953e+06,98.2801,-0.00562953,975752,8919.05,482445,3.824e+06,124268,29.7856,15891.7,14979,33.9527,116.424,275.072,130000
17,-0.0052717,4.78953e+06,97.8878,-0.00562953,975653,8905.9,482449,3.8374e+06,124270,29.6672,15890.7,15088.2,33.9736,117.195,275.367,130000
17.1,-0.0052717,4.78953e+06,97.497,-0.00562953,975554,8892.51,482453,3.85069e+06,124273,29.5494,15888.9,15197.2,33.9933,117.96,275.659,130000
17.2,-0.00527169,4.78953e+06,97.1078,-0.00562953,975455,8878.88,482456,3.86387e+06,124276,29.432,15886.4,15306,34.0119,118.72,275.947,130000
17.3,-0.00527169,4.78953e+06,96.7201,-0.00562953,975357,8865.02,482460,3.87693e+06,124279,29.3151,15883.2,15414.7,34.0293,119.475,276.23,130000
17.4,-0.00527168,4.78953e+06,96.334,-0.00562953,975259,8850.93,482463,3.88988e+06,124281,29.1987,15879.3,15523.1,34.0456,120.223,276.51,130000
17.5,-0.00527168,4.78953e+06,95.9494,-0.00562953,975162,8836.62,482467,3.90272e+06,124284,29.0827,15874.6,15631.4,34.0608,120.967,276.786,130000
17.6,-0.00527167,4.78953e+06,95.5664,-0.00562953,975065,8822.08,482470,3.91545e+06,124287,28.9673,15869.3,15739.5,34.0749,121.704,277.057,130000
17.7,-0.00527167,4.78953e+06,95.1849,-0.00562953,974968,8807.33,482474,3.92807e+06,124290,28.8523,15863.2,15847.5,34.0878,122.436,277.325,130000
17.8,-0.00527167,4.78953e+06,94.8049,-0.00562953,974872,8792.37,482477,3.94057e+06,124293,28.7378,15856.6,15955.2,34.0997,123.162,277.589,130000
17.9,-0.00527167,4.78953e+06,94.4264,-0.00562953,974776,8777.19,482481,3.95296e+06,124296,28.6237,15849.2,16062.7,34.1105,123.883,277.848,130000
18,-0.00527166,4.78953e+06,94.0495,-0.00562953,974680,8761.84,482484,3.96524e+06,124299,28.5101,15841.2,16170,34.1202,124.597,278.104,130000
18.1,-0.00527166,4.78953e+06,93.674,-0.00562954,974585,8746.3,482488,3.97741e+06,124302,28.397,15832.5,16277.2,34.129,125.305,278.356,130000
18.2,-0.00527165,4.78953e+06,93.3001,-0.00562954,974491,8730.57,482491,3.98947e+06,124306,28.2843,15823.2,16384.1,34.1366,126.008,278.603,130000
18.3,-0.00527164,4.78953e+06,92.9276,-0.00562954,974396,8714.66,482495,4.00142e+06,124309,28.172,15813.2,16490.8,34.1433,126.704,278.847,130000
18.4,-0.00527164,4.78953e+06,92.5567,-0.00562954,974303,8698.56,482498,4.01326e+06,124312,28.0603,15802.7,16597.2,34.1489,127.395,279.087,130000
18.5,-0.00527163,4.78953e+06,92.1872,-0.00562954,974209,8682.28,482501,4.02499e+06,124315,27.949,15791.5,16703.5,34.1535,128.08,279.322,130000
18.6,-0.00527162,4.78953e+06,91.8191,-0.00562954,974116,8665.82,482505,4.0366e+06,124319,27.8381,15779.8,16809.6,34.1571,128.758,279.554,130000
18.7,-0.00527162,4.78953e+06,91.4526,-0.00562954,974023,8649.19,482508,4.04811e+06,124322,27.7277,15767.4,16915.4,34.1598,129.431,279.782,130000
18.8,-0.00527161,4.78953e+06,91.0875,-0.00562954,973931,8632.39,482511,4.05951e+06,124326,27.6177,15754.5,17021.1,34.1615,130.098,280.006,130000
18.9,-0.00527161,4.78953e+06,90.7239,-0.00562954,973839,8615.43,482515,4.0708e+06,124329,27.5082,15741.1,17126.5,34.1622,130.759,280.226,130000
19,-0.0052716,4.78953e+06,90.3617,-0.00562954,973747,8598.3,482518,4.08198e+06,124333,27.3991,15727.1,17231.7,34.1619,131.414,280.442,130000
19.1,-0.0052716,4.78953e+06,90.001,-0.00562954,973656,8581.01,482521,4.09305e+06,124336,27.2905,15712.5,17336.7,34.1607,132.063,280.654,130000
19.2,-0.00527159,4.78953e+06,89.6417,-0.00562954,973565,8563.56,482525,4.10401e+06,124340,27.1823,15697.4,17441.4,34.1586,132.706,280.862,130000
19.3,-0.00527159,4.78953e+06,89.2838,-0.00562955,973475,8545.96,482528,4.11486e+06,124343,27.0745,15681.8,17546,34.1555,133.344,281.066,130000
19.4,-0.00527158,4.78953e+06,88.9274,-0.00562955,973385,8528.21,482531,4.12561e+06,124347,26.9672,15665.7,17650.3,34.1516,133.975,281.266,130000
19.5,-0.00527158,4.78953e+06,88.5724,-0.00562955,973295,8510.31,482535,4.13624e+06,124351,26.8603,15649,17754.4,34.1467,134.6,281.462,130000
19.6,-0.00527158,4.78953e+06,88.2188,-0.00562955,973206,8492.26,482538,4.14677e+06,124354,26.7538,15631.9,17858.2,34.1409,135.22,281.655,130000
19.7,-0.00527158,4.78953e+06,87.8667,-0.00562955,973117,8474.07,482541,4.1572e+06,124358,26.6478,15614.3,17961.8,34.1342,135.833,281.843,130000
19.8,-0.00527158,4.78953e+06,87.5159,-0.00562955,973028,8455.76,482544,4.16751e+06,124362,26.5422,15596.2,18065.2,34.1267,136.44,282.028,130000
19.9,-0.00527157,4.78953e+06,87.1665,-0.00562955,972940,8437.34,482547,4.17772e+06,124365,26.437,15577.6,18168.4,34.1184,137.041,282.208,130000
20,-0.00527157,4.78953e+06,86.8185,-0.00562955,972852,8418.78,482551,4.18782e+06,124369,26.3323,15558.6,18271.2,34.1092,137.636,282.385,130000
20.1,-0.00527157,4.78953e+06,86.472,-0.00562955,972765,8400.11,482554,4.19781e+06,124373,26.2279,15539.1,18373.9,34.0991,138.224,282.558,130000
20.2,-0.00527156,4.78953e+06,86.1268,-0.00562955,972678,8381.31,482557,4.2077e+06,124377,26.124,15519.1,18476.3,34.0882,138.807,282.727,130000
20.3,-0.00527156,4.78953e+06,85.7829,-0.00562955,972591,8362.39,482560,4.21748e+06,124381,26.0205,15498.8,18578.5,34.0765,139.383,282.892,130000
20.4,-0.00527156,4.78953e+06,85.4405,-0.00562955,972504,8343.36,482563,4.22716e+06,124385,25.9174,15477.9,18680.4,34.064,139.953,283.054,130000
20.5,-0.00527155,4.78953e+06,85.0994,-0.00562955,972418,8324.21,482566,4.23673e+06,124389,25.8148,15456.7,18782.1,34.0506,140.518,283.211,130000
20.6,-0.00527155,4.78953e+06,84.7597,-0.00562955,972333,8304.95,482570,4.2462e+06,124393,25.7125,15435,18883.5,34.0365,141.076,283.365,130000
20.7,-0.00527155,4.78953e+06,84.4213,-0.00562955,972247,8285.58,482573,4.25556e+06,124397,25.6107,15413,18984.7,34.0216,141.628,283.515,130000
20.8,-0.00527154,4.78953e+06,84.0843,-0.00562956,972162,8266.11,482576,4.26481e+06,124401,25.5092,15390.5,19085.6,34.0059,142.174,283.661,130000
20.9,-0.00527154,4.78953e+06,83.7486,-0.00562956,972078,8246.53,482579,4.27397e+06,124405,25.4082,15367.6,19186.3,33.9894,142.714,283.803,130000
21,-0.00527154,4.78953e+06,83.4143,-0.00562956,971993,8226.86,482582,4.28301e+06,124409,25.3075,15344.4,19286.8,33.9722,143.249,283.941,130000
21.1,-0.00527154,4.78953e+06,83.0813,-0.00562956,971909,8207.08,482585,4.29196e+06,124413,25.2073,15320.8,19387,33.9542,143.777,284.076,130000
21.2,-0.00527154,4.78953e+06,82.7496,-0.00562956,971826,8187.21,482588,4.3008e+06,124417,25.1075,15296.8,19486.9,33.9355,144.299,284.207,130000
21.3,-0.00527154,4.78953e+06,82.4193,-0.00562956,971742,8167.24,482591,4.30954e+06,124421,25.0081,15272.4,19586.6,33.916,144.815,284.334,130000
21.4,-0.00527154,4.78953e+06,82.0903,-0.00562956,971660,8147.18,482594,4.31817e+06,124425,24.909,15247.7,19686,33.8958,145.325,284.457,130000
21.5,-0.00527154,4.78953e+06,81.7626,-0.00562956,971577,8127.03,482597,4.3267e+06,124429,24.8104,15222.6,19785.2,33.8749,145.83,284.577,130000
21.6,-0.00527154,4.78953e+06,81.4362,-0.00562956,971495,8106.81,482600,4.33513e+06,124433,24.7122,15197.2,19884.1,33.8533,146.328,284.692,130000
21.7,-0.00527154,4.78953e+06,81.1111,-0.00562956,971413,8086.51,482603,4.34346e+06,124438,24.6143,15171.5,19982.8,33.831,146.82,284.805,130000
21.8,-0.00527153,4.78953e+06,80.7873,-0.00562956,971331,8066.14,482606,4.35169e+06,124442,24.5169,15145.4,20081.2,33.808,147.305,284.913,130000
21.9,-0.00527153,4.78953e+06,80.4648,-0.00562956,971250,8045.69,482609,4.35981e+06,124446,24.4198,15119,20179.3,33.7843,147.785,285.017,130000
22,-0.00527153,4.78953e+06,80.1436,-0.00562956,971169,8025.17,482612,4.36784e+06,124450,24.3231,15092.3,20277.2,33.76,148.259,285.118,130000
22.1,-0.00527153,4.78953e+06,79.8236,-0.00562956,971089,8004.58,482615,4.37576e+06,124455,24.2268,15065.3,20374.8,33.735,148.727,285.216,130000
22.2,-0.00527153,4.78953e+06,79.505,-0.00562956,971008,7983.92,482618,4.38358e+06,124459,24.1309,15038,20472.1,33.7093,149.189,285.309,130000
22.3,-0.00527153,4.78953e+06,79.1876,-0.00562956,970929,7963.19,482621,4.3913e+06,124463,24.0354,15010.3,20569.2,33.683,149.645,285.399,130000
22.4,-0.00527153,4.78953e+06,78.8715,-0.00562956,970849,7942.39,482624,4.39892e+06,124467,23.9403,14982.4,20666,33.656,150.095,285.485,130000
22.5,-0.00527153,4.78953e+06,78.5566,-0.00562956,970770,7921.53,482626,4.40645e+06,124472,23.8455,14954.2,20762.5,33.6284,150.539,285.568,130000
22.6,-0.00527153,4.78953e+06,78.243,-0.00562956,970691,7900.61,482629,4.41387e+06,124476,23.7511,14925.7,20858.8,33.6002,150.977,285.646,130000
22.7,-0.00527153,4.78953e+06,77.9307,-0.00562956,970612,7879.63,482632,4.42119e+06,124480,23.6571,14897,20954.8,33.5713,151.409,285.722,130000
22.8,-0.00527153,4.78953e+06,77.6195,-0.00562956,970534,7858.6,482635,4.42842e+06,124485,23.5635,14867.9,21050.5,33.5418,151.836,285.793,130000
22.9,-0.00527153,4.78953e+06,77.3097,-0.00562957,970456,7837.5,482638,4.43555e+06,124489,23.4703,14838.6,21146,33.5118,152.256,285.861,130000
23,-0.00527153,4.78953e+06,77.0011,-0.00562957,970379,7816.36,482641,4.44258e+06,124493,23.3774,14809.1,21241.2,33.4811,152.671,285.926,130000
23.1,-0.00527153,4.78953e+06,76.6937,-0.00562957,970301,7795.16,482643,4.44951e+06,124498,23.2849,14779.2,21336.1,33.4498,153.08,285.986,130000
23.2,-0.00527153,4.78953e+06,76.3875,-0.00562957,970224,7773.91,482646,4.45634e+06,124502,23.1927,14749.2,21430.8,33.418,153.484,286.044,130000
23.3,-0.00527153,4.78953e+06,76.0826,-0.00562957,970148,7752.62,482649,4.46308e+06,124507,23.101,14718.9,21525.2,33.3855,153.881,286.097,130000
23.4,-0.00527153,4.78953e+06,75.7789,-0.00562957,970071,7731.28,482652,4.46972e+06,124511,23.0095,14688.3,21619.3,33.3525,154.273,286.148,130000
23.5,-0.00527153,4.78953e+06,75.4763,-0.00562957,969995,7709.91,482654,4.47627e+06,124516,22.9185,14657.6,21713.2,33.319,154.658,286.194,130000
23.6,-0.00527154,4.78953e+06,75.175,-0.00562957,969920,7688.49,482657,4.48272e+06,124520,22.8278,14626.6,21806.7,33.2849,155.038,286.237,130000
23.7,-0.00527154,4.78953e+06,74.8749,-0.00562957,969844,7667.04,482660,4.48907e+06,124524,22.7375,14595.4,21900,33.2502,155.412,286.277,130000
23.8,-0.00527154,4.78953e+06,74.576,-0.00562957,969769,7645.55,482663,4.49533e+06,124529,22.6475,14564,21993,33.215,155.781,286.313,130000
23.9,-0.00527154,4.78953e+06,74.2783,-0.00562957,969694,7624.03,482665,4.50149e+06,124533,22.5579,14532.4,22085.8,33.1793,156.143,286.345,130000
24,-0.00527154,4.78953e+06,73.9818,-0.00562957,969620,7602.47,482668,4.50756e+06,124538,22.4687,14500.5,22178.3,33.1431,156.5,286.374,130000
24.1,-0.00527154,4.78953e+06,73.6865,-0.00562957,969546,7580.88,482671,4.51353e+06,124542,22.3798,14468.5,22270.5,33.1063,156.852,286.4,130000
24.2,-0.00527154,4.78953e+06,73.3923,-0.00562957,969472,7559.26,482674,4.51941e+06,124547,22.2912,14436.3,22362.4,33.069,157.198,286.422,130000
24.3,-0.00527154,4.78953e+06,73.0993,-0.00562957,969398,7537.61,482676,4.5252e+06,124551,22.203,14403.9,22454,33.0312,157.538,286.441,130000
24.4,-0.00527154,4.78953e+06,72.8075,-0.00562957,969325,7515.94,482679,4.53089e+06,124556,22.1152,14371.3,22545.4,32.993,157.872,286.456,130000
24.5,-0.00527154,4.78953e+06,72.5168,-0.00562957,969252,7494.24,482682,4.53649e+06,124560,22.0277,14338.5,22636.5,32.9542,158.201,286.468,130000
24.6,-0.00527154,4.78953e+06,72.2274,-0.00562957,969180,7472.51,482685,4.542e+06,124565,21.9406,14305.6,22727.3,32.9149,158.524,286.476,130000
24.7,-0.00527154,4.78953e+06,71.939,-0.00562957,969107,7450.76,482687,4.54742e+06,124569,21.8538,14272.4,22817.8,32.8752,158.842,286.481,130000
24.8,-0.00527154,4.78953e+06,71.6518,-0.00562957,969035,7428.99,482690,4.55274e+06,124574,21.7673,14239.1,22908.1,32.8349,159.155,286.483,130000
24.9,-0.00527154,4.78953e+06,71.3658,-0.00562957,968963,7407.2,482693,4.55797e+06,124578,21.6812,14205.6,22998.1,32.7942,159.462,286.481,130000
25,-0.00527154,4.78953e+06,71.0809,-0.00562957,968892,7385.39,482696,4.56311e+06,124583,21.5954,14172,23087.8,32.7531,159.763,286.476,130000
25.1,-0.00527154,4.78953e+06,70.7972,-0.00562957,968821,7363.56,482699,4.56816e+06,124587,21.51,14138.2,23177.2,32.7115,160.059,286.467,130000
25.2,-0.00527154,4.78953e+06,70.5145,-0.00562958,968750,7341.72,482702,4.57313e+06,124592,21.4249,14104.3,23266.3,32.6694,160.35,286.456,130000
25.3,-0.00527154,4.78953e+06,70.233,-0.00562958,968679,7319.87,482704,4.578e+06,124597,21.3402,14070.2,23355.2,32.6269,160.635,286.441,130000
25.4,-0.00527154,4.78953e+06,69.9527,-0.00562958,968609,7298.01,482707,4.58278e+06,124601,21.2558,14036,23443.8,32.584,160.914,286.422,130000
25.5,-0.00527154,4.78953e+06,69.6734,-0.00562958,968539,7276.14,482709,4.58747e+06,124606,21.1717,14001.7,23532.1,32.5406,161.189,286.4,130000
25.6,-0.00527155,4.78953e+06,69.3953,-0.00562958,968469,7254.25,482712,4.59207e+06,124610,21.0879,13967.2,23620.1,32.4968,161.458,286.375,130000
25.7,-0.00527155,4.78953e+06,69.1182,-0.00562958,968400,7232.37,482714,4.59658e+06,124615,21.0045,13932.6,23707.8,32.4526,161.721,286.347,130000
25.8,-0.00527155,4.78953e+06,68.8423,-0.00562958,968331,7210.47,482717,4.60101e+06,124619,20.9214,13897.8,23795.3,32.408,161.979,286.316,130000
25.9,-0.00527155,4.78953e+06,68.5675,-0.00562958,968262,7188.57,482719,4.60534e+06,124624,20.8387,13863,23882.5,32.363,162.232,286.281,130000
26,-0.00527155,4.78953e+06,68.2938,-0.00562958,968194,7166.66,482721,4.60959e+06,124628,20.7563,13828,23969.4,32.3175,162.48,286.243,130000
26.1,-0.00527155,4.78953e+06,68.0211,-0.00562958,968125,7144.75,482724,4.61375e+06,124633,20.6742,13792.9,24056,32.2717,162.723,286.202,130000
26.2,-0.00527155,4.78953e+06,67.7496,-0.00562958,968057,7122.84,482726,4.61783e+06,124638,20.5924,13757.7,24142.4,32.2255,162.96,286.157,130000
26.3,-0.00527155,4.78953e+06,67.4791,-0.00562958,967990,7100.93,482728,4.62182e+06,124642,20.5109,13722.4,24228.4,32.1789,163.192,286.11,130000
26.4,-0.00527155,4.78953e+06,67.2098,-0.00562958,967922,7079.02,482730,4.62572e+06,124647,20.4298,13687,24314.2,32.1319,163.42,286.059,130000
26.5,-0.00527155,4.78953e+06,66.9415,-0.00562958,967855,7057.1,482732,4.62954e+06,124651,20.349,13651.5,24399.7,32.0845,163.642,286.005,130000
26.6,-0.00527155,4.78953e+06,66.6742,-0.00562958,967788,7035.19,482734,4.63327e+06,124656,20.2685,13615.9,24485,32.0368,163.859,285.948,130000
26.7,-0.00527155,4.78953e+06,66.4081,-0.00562958,967722,7013.29,482736,4.63692e+06,124660,20.1883,13580.1,24569.9,31.9887,164.071,285.888,130000
26.8,-0.00527155,4.78953e+06,66.143,-0.00562958,967655,6991.38,482737,4.64048e+06,124665,20.1085,13544.3,24654.6,31.9402,164.277,285.825,130000
26.9,-0.00527155,4.78953e+06,65.8789,-0.00562958,967589,6969.48,482739,4.64396e+06,124670,20.0289,13508.5,24739,31.8914,164.479,285.758,130000
27,-0.00527155,4.78953e+06,65.6159,-0.00562958,967523,6947.59,482741,4.64735e+06,124674,19.9497,13472.5,24823.1,31.8423,164.676,285.689,130000
27.1,-0.00527155,4.78953e+06,65.354,-0.00562958,967458,6925.71,482743,4.65067e+06,124679,19.8708,13436.4,24906.9,31.7928,164.868,285.616,130000
27.2,-0.00527155,4.78953e+06,65.0931,-0.00562958,967393,6903.85,482745,4.65389e+06,124683,19.7922,13400.3,24990.5,31.743,165.055,285.541,130000
27.3,-0.00527155,4.78953e+06,64.8332,-0.00562958,967328,6881.99,482748,4.65704e+06,124688,19.7139,13364.1,25073.8,31.6928,165.237,285.462,130000
27.4,-0.00527155,4.78953e+06,64.5744,-0.00562959,967263,6860.14,482750,4.6601e+06,124692,19.6359,13327.8,25156.7,31.6423,165.414,285.381,130000
27.5,-0.00527155,4.78953e+06,64.3166,-0.00562959,967199,6838.31,482753,4.66308e+06,124697,19.5583,13291.5,25239.5,31.5915,165.586,285.296,130000
27.6,-0.00527155,4.78953e+06,64.0599,-0.00562959,967134,6816.48,482756,4.66598e+06,124702,19.4809,13255.1,25321.9,31.5404,165.754,285.208,130000
27.7,-0.00527155,4.78953e+06,63.8041,-0.00562959,967070,6794.67,482759,4.6688e+06,124706,19.4038,13218.7,25404,31.4889,165.916,285.118,130000
27.8,-0.00527155,4.78953e+06,63.5494,-0.00562959,967007,6772.88,482762,4.67154e+06,124711,19.3271,13182.1,25485.9,31.4372,166.074,285.024,130000
27.9,-0.00527155,4.78953e+06,63.2957,-0.00562959,966943,6751.1,482765,4.6742e+06,124715,19.2506,13145.6,25567.5,31.3851,166.227,284.928,130000
28,-0.00527155,4.78953e+06,63.0431,-0.00562959,966880,6729.34,482768,4.67678e+06,124720,19.1745,13108.9,25648.8,31.3328,166.376,284.828,130000
28.1,-0.00527155,4.78953e+06,62.7914,-0.00562959,966817,6707.59,482771,4.67928e+06,124724,19.0986,13072.2,25729.9,31.2801,166.52,284.726,130000
28.2,-0.00527155,4.78953e+06,62.5407,-0.00562959,966755,6685.87,482775,4.6817e+06,124729,19.0231,13035.5,25810.7,31.2272,166.659,284.621,130000
28.3,-0.00527155,4.78953e+06,62.2911,-0.00562959,966693,6664.16,482779,4.68404e+06,124733,18.9478,12998.7,25891.1,31.174,166.793,284.512,130000
28.4,-0.00527155,4.78953e+06,62.0424,-0.00562959,966630,6642.46,482783,4.6863e+06,124738,18.8729,12961.9,25971.4,31.1205,166.923,284.401,130000
28.5,-0.00527155,4.78953e+06,61.7947,-0.00562959,966569,6620.79,482787,4.68848e+06,124742,18.7982,12925.1,26051.3,31.0667,167.048,284.288,130000
28.6,-0.00527155,4.78953e+06,61.548,-0.00562959,966507,6599.14,482792,4.69059e+06,124747,18.7239,12888.2,26131,31.0126,167.169,284.171,130000
28.7,-0.00527155,4.78953e+06,61.3023,-0.00562959,966446,6577.51,482797,4.69262e+06,124752,18.6498,12851.2,26210.3,30.9583,167.285,284.051,130000
28.8,-0.00527155,4.78953e+06,61.0576,-0.00562959,966385,6555.9,482802,4.69458e+06,124756,18.576,12814.2,26289.5,30.9037,167.397,283.929,130000
28.9,-0.00527155,4.78953e+06,60.8139,-0.00562959,966324,6534.33,482805,4.69645e+06,124761,18.5025,12777.3,26368.3,30.8489,167.505,283.804,130000
29,-0.00527155,4.78953e+06,60.5711,-0.00562959,966263,6512.77,482807,4.69825e+06,124765,18.4293,12740.2,26446.8,30.7938,167.607,283.676,130000
29.1,-0.00527155,4.78953e+06,60.3293,-0.00562959,966203,6491.24,482809,4.69997e+06,124770,18.3564,12703.2,26525.1,30.7385,167.706,283.545,130000
29.2,-0.00527155,4.78953e+06,60.0885,-0.00562959,966143,6469.74,482811,4.70162e+06,124774,18.2838,12666.1,26603.1,30.6829,167.8,283.411,130000
29.3,-0.00527155,4.78953e+06,59.8486,-0.00562959,966083,6448.27,482812,4.70319e+06,124779,18.2115,12629,26680.9,30.6271,167.889,283.275,130000
29.4,-0.00527155,4.78953e+06,59.6097,-0.00562959,966024,6426.82,482813,4.70468e+06,124783,18.1394,12591.9,26758.3,30.571,167.975,283.135,130000
29.5,-0.00527155,4.78953e+06,59.3717,-0.0056296,965964,6405.4,482814,4.7061e+06,124788,18.0677,12554.8,26835.5,30.5147,168.056,282.994,130000
29.6,-0.00527155,4.78953e+06,59.1347,-0.0056296,965905,6384,482814,4.70745e+06,124792,17.9962,12517.7,26912.4,30.4582,168.133,282.849,130000
29.7,-0.00527155,4.78953e+06,58.8986,-0.0056296,965846,6362.64,482814,4.70872e+06,124797,17.925,12480.5,26989.1,30.4015,168.205,282.702,130000
29.8,-0.00527155,4.78953e+06,58.6635,-0.0056296,965788,6341.31,482813,4.70992e+06,124801,17.8541,12443.4,27065.4,30.3445,168.274,282.552,130000
29.9,-0.00527155,4.78953e+06,58.4293,-0.0056296,965729,6320,482811,4.71105e+06,124806,17.7835,12406.2,27141.5,30.2873,168.338,282.399,130000
30,-0.00527155,4.78953e+06,58.1961,-0.0056296,965671,6298.73,482809,4.7121e+06,124810,17.7131,12369,27217.3,30.2299,168.398,282.244,130000
30.1,-0.00527155,4.78953e+06,57.9637,-0.0056296,965613,6277.48,482806,4.71308e+06,124814,17.643,12331.8,27292.9,30.1723,168.454,282.086,130000
30.2,-0.00527155,4.78953e+06,57.7323,-0.0056296,965556,6256.27,482803,4.71399e+06,124819,17.5732,12294.6,27368.2,30.1145,168.506,281.925,130000
30.3,-0.00527155,4.78953e+06,57.5019,-0.0056296,965498,6235.09,482799,4.71483e+06,124823,17.5037,12257.5,27443.2,30.0565,168.553,281.762,130000
30.4,-0.00527155,4.78953e+06,57.2723,-0.0056296,965441,6213.95,482794,4.71559e+06,124828,17.4344,12220.3,27517.9,29.9983,168.597,281.596,130000
30.5,-0.00527155,4.78953e+06,57.0437,-0.0056296,965384,6192.83,482788,4.71629e+06,124832,17.3655,12183.1,27592.4,29.9399,168.637,281.427,130000
30.6,-0.00527155,4.78953e+06,56.816,-0.0056296,965328,6171.75,482781,4.71691e+06,124837,17.2968,12145.9,27666.6,29.8813,168.673,281.256,130000
30.7,-0.00527155,4.78953e+06,56.5892,-0.0056296,965271,6150.71,482779,4.71747e+06,124841,17.2283,12108.7,27740.5,29.8226,168.705,281.083,130000
30.8,-0.00527155,4.78953e+06,56.3633,-0.0056296,965215,6129.7,482781,4.71796e+06,124845,17.1602,12071.6,27814.2,29.7636,168.732,280.907,130000
30.9,-0.00527155,4.78953e+06,56.1383,-0.0056296,965159,6108.73,482783,4.71838e+06,124850,17.0923,12034.4,27887.6,29.7045,168.756,280.729,130000
31,-0.00527155,4.78953e+06,55.9141,-0.0056296,965103,6087.8,482786,4.71874e+06,124854,17.0246,11997.3,27960.7,29.6452,168.777,280.548,130000
31.1,-0.00527155,4.78953e+06,55.6909,-0.0056296,965048,6066.9,482790,4.71903e+06,124859,16.9573,11960.2,28033.6,29.5857,168.793,280.365,130000
31.2,-0.00527155,4.78953e+06,55.4686,-0.0056296,964992,6046.04,482796,4.71925e+06,124863,16.8902,11923.1,28106.2,29.526,168.805,280.179,130000
31.3,-0.00527155,4.78953e+06,55.2472,-0.0056296,964937,6025.22,482802,4.7194e+06,124867,16.8233,11886,28178.5,29.4662,168.814,279.991,130000
31.4,-0.00527155,4.78953e+06,55.0266,-0.0056296,964883,6004.43,482811,4.71949e+06,124872,16.7568,11849,28250.5,29.4063,168.819,279.801,130000
31.5,-0.00527155,4.78953e+06,54.807,-0.0056296,964828,5983.69,482820,4.71952e+06,124876,16.6905,11811.9,28322.3,29.3461,168.82,279.608,130000
31.6,-0.00527155,4.78953e+06,54.5882,-0.00562961,964774,5962.98,482832,4.71948e+06,124880,16.6244,11774.9,28393.9,29.2859,168.817,279.413,130000
31.7,-0.00527155,4.78953e+06,54.3703,-0.00562961,964719,5942.31,482845,4.71937e+06,124885,16.5586,11737.9,28465.1,29.2254,168.811,279.216,130000
31.8,-0.00527155,4.78953e+06,54.1532,-0.00562961,964665,5921.69,482860,4.7192e+06,124889,16.4931,11700.9,28536.1,29.1648,168.801,279.017,130000
31.9,-0.00527155,4.78953e+06,53.937,-0.00562961,964612,5901.1,482877,4.71897e+06,124893,16.4278,11664,28606.9,29.1041,168.788,278.815,130000
32,-0.00527155,4.78953e+06,53.7217,-0.00562961,964558,5880.55,482896,4.71868e+06,124898,16.3628,11627,28677.4,29.0432,168.771,278.611,130000
32.1,-0.00527155,4.78953e+06,53.5072,-0.00562961,964505,5860.04,482918,4.71832e+06,124902,16.2981,11590.2,28747.6,28.9822,168.75,278.404,130000
32.2,-0.00527155,4.78952e+06,53.2936,-0.00562961,964452,5839.57,482942,4.7179e+06,124906,16.2336,11553.3,28817.5,28.9211,168.726,278.196,130000
32.3,-0.00527155,4.78952e+06,53.0809,-0.00562961,964399,5819.15,482969,4.71743e+06,124911,16.1693,11516.5,28887.2,28.8598,168.699,277.985,130000
32.4,-0.00527155,4.78952e+06,52.869,-0.00562961,964347,5798.76,482999,4.71689e+06,124915,16.1053,11479.7,28956.7,28.7984,168.668,277.772,130000
32.5,-0.00527155,4.78952e+06,52.6579,-0.00562961,964294,5778.42,483021,4.71628e+06,124919,16.0416,11442.9,29025.8,28.7369,168.633,277.557,130000
32.6,-0.00527155,4.78952e+06,52.4477,-0.00562961,964242,5758.13,483036,4.71561e+06,124924,15.9781,11406.2,29094.7,28.6752,168.595,277.34,130000
32.7,-0.00527155,4.78952e+06,52.2384,-0.00562961,964190,5737.88,483050,4.71488e+06,124928,15.9149,11369.5,29163.4,28.6135,168.554,277.12,130000
32.8,-0.00527155,4.78952e+06,52.0298,-0.00562961,964138,5717.67,483063,4.71409e+06,124932,15.8519,11332.8,29231.8,28.5516,168.509,276.898,130000
32.9,-0.00527155,4.78952e+06,51.8221,-0.00562961,964087,5697.5,483075,4.71323e+06,124936,15.7891,11296.2,29299.9,28.4896,168.461,276.674,130000
33,-0.00527155,4.78952e+06,51.6152,-0.00562961,964035,5677.38,483086,4.71232e+06,124940,15.7267,11259.7,29367.8,28.4275,168.41,276.447,130000
33.1,-0.00527155,4.78952e+06,51.4092,-0.00562961,963984,5657.31,483096,4.71135e+06,124945,15.6644,11223.1,29435.4,28.3652,168.355,276.219,130000
33.2,-0.00527155,4.78951e+06,51.204,-0.00562961,963933,5637.28,483104,4.71032e+06,124949,15.6024,11186.7,29502.8,28.3029,168.297,275.988,130000
33.3,-0.00527155,4.78951e+06,50.9995,-0.00562961,963883,5617.29,483110,4.70922e+06,124953,15.5406,11150.2,29569.9,28.2405,168.236,275.756,130000
33.4,-0.00527155,4.78951e+06,50.796,-0.00562961,963832,5597.35,483115,4.70807e+06,124957,15.4791,11113.8,29636.8,28.178,168.172,275.521,130000
33.5,-0.00527155,4.78951e+06,50.5932,-0.00562961,963782,5577.45,483117,4.70687e+06,124962,15.4179,11077.5,29703.4,28.1154,168.105,275.284,130000
33.6,-0.00527155,4.78951e+06,50.3912,-0.00562961,963732,5557.6,483117,4.7056e+06,124966,15.3568,11041.2,29769.7,28.0527,168.034,275.045,130000
33.7,-0.00527155,4.78951e+06,50.19,-0.00562962,963682,5537.8,483114,4.70428e+06,124970,15.296,11004.9,29835.8,27.9899,167.96,274.805,130000
33.8,-0.00527155,4.78952e+06,49.9897,-0.00562962,963632,5518.04,483109,4.7029e+06,124974,15.2355,10968.7,29901.6,27.927,167.883,274.562,130000
33.9,-0.00527155,4.78952e+06,49.7901,-0.00562962,963583,5498.33,483100,4.70146e+06,124978,15.1752,10932.6,29967.2,27.864,167.803,274.317,130000
34,-0.00527155,4.78952e+06,49.5914,-0.00562962,963534,5478.66,483088,4.69996e+06,124982,15.1151,10896.5,30032.6,27.8009,167.721,274.07,130000
34.1,-0.00527155,4.78952e+06,49.3934,-0.00562962,963485,5459.04,483072,4.69841e+06,124986,15.0553,10860.4,30097.7,27.7378,167.635,273.821,130000
34.2,-0.00527155,4.78952e+06,49.1962,-0.00562962,963436,5439.47,483053,4.6968e+06,124991,14.9957,10824.4,30162.5,27.6746,167.546,273.57,130000
34.3,-0.00527155,4.78952e+06,48.9998,-0.00562962,963387,5419.95,483037,4.69514e+06,124995,14.9363,10788.5,30227.1,27.6113,167.454,273.317,130000
34.4,-0.00527155,4.78952e+06,48.8042,-0.00562962,963339,5400.47,483029,4.69341e+06,124999,14.8772,10752.6,30291.4,27.5479,167.359,273.061,130000
34.5,-0.00527155,4.78952e+06,48.6094,-0.00562962,963290,5381.05,483021,4.69163e+06,125003,14.8183,10716.8,30355.5,27.4845,167.261,272.804,130000
34.6,-0.00527155,4.78952e+06,48.4153,-0.00562962,963242,5361.67,483011,4.68979e+06,125007,14.7596,10681,30419.3,27.421,167.161,272.545,130000
34.7,-0.00527155,4.78952e+06,48.2221,-0.00562962,963194,5342.34,483001,4.68789e+06,125011,14.7012,10645.3,30482.9,27.3574,167.057,272.283,130000
34.8,-0.00527155,4.78952e+06,48.0295,-0.00562962,963147,5323.06,482990,4.68594e+06,125015,14.643,10609.7,30546.3,27.2938,166.951,272.02,130000
34.9,-0.00527155,4.78952e+06,47.8378,-0.00562962,963099,5303.83,482979,4.68393e+06,125019,14.585,10574.1,30609.4,27.2301,166.842,271.754,130000
35,-0.00527155,4.78953e+06,47.6468,-0.00562962,963052,5284.64,482966,4.68187e+06,125023,14.5272,10538.6,30672.2,27.1664,166.73,271.487,130000
35.1,-0.00527155,4.78953e+06,47.4566,-0.00562962,963005,5265.51,482954,4.67975e+06,125027,14.4697,10503.1,30734.8,27.1026,166.615,271.218,130000
35.2,-0.00527155,4.78953e+06,47.2672,-0.00562962,962958,5246.42,482940,4.67757e+06,125031,14.4124,10467.7,30797.2,27.0387,166.498,270.946,130000
35.3,-0.00527155,4.78953e+06,47.0785,-0.00562962,962912,5227.39,482926,4.67534e+06,125035,14.3554,10432.3,30859.3,26.9748,166.377,270.673,130000
35.4,-0.00527155,4.78953e+06,46.8906,-0.00562962,962865,5208.4,482912,4.67306e+06,125039,14.2985,10397.1,30921.2,26.9109,166.255,270.398,130000
35.5,-0.00527155,4.78953e+06,46.7034,-0.00562962,962819,5189.46,482898,4.67071e+06,125043,14.2419,10361.8,30982.8,26.8469,166.129,270.12,130000
35.6,-0.00527155,4.78953e+06,46.5169,-0.00562962,962773,5170.58,482883,4.66832e+06,125047,14.1855,10326.7,31044.2,26.7828,166.001,269.841,130000
35.7,-0.00527155,4.78953e+06,46.3312,-0.00562962,962727,5151.74,482868,4.66587e+06,125051,14.1293,10291.6,31105.4,26.7187,165.87,269.56,130000
35.8,-0.00527155,4.78953e+06,46.1463,-0.00562963,962681,5132.95,482853,4.66336e+06,125055,14.0734,10256.6,31166.3,26.6546,165.737,269.277,130000
35.9,-0.00527155,4.78953e+06,45.9621,-0.00562963,962636,5114.22,482838,4.6608e+06,125059,14.0176,10221.6,31227,26.5905,165.601,268.991,130000
36,-0.00527155,4.78954e+06,45.7786,-0.00562963,962590,5095.53,482823,4.65818e+06,125063,13.9621,10186.8,31287.4,26.5263,165.463,268.704,130000
36.1,-0.00527155,4.78954e+06,45.5958,-0.00562963,962545,5076.89,482810,4.65552e+06,125067,13.9068,10151.9,31347.6,26.462,165.322,268.415,130000
36.2,-0.00527155,4.78954e+06,45.4138,-0.00562963,962500,5058.31,482800,4.65282e+06,125071,13.8518,10117.2,31407.6,26.3978,165.179,268.126,130000
36.3,-0.00527155,4.78954e+06,45.2325,-0.00562963,962455,5039.77,482793,4.65008e+06,125075,13.7969,10082.5,31467.3,26.3335,165.033,267.834,130000
36.4,-0.00527155,4.78954e+06,45.0519,-0.00562963,962411,5021.29,482786,4.64728e+06,125079,13.7422,10047.9,31526.8,26.2692,164.885,267.541,130000
36.5,-0.00527155,4.78954e+06,44.8721,-0.00562963,962366,5002.86,482782,4.64444e+06,125083,13.6878,10013.4,31586,26.2049,164.734,267.246,130000
36.6,-0.00527155,4.78954e+06,44.693,-0.00562963,962322,4984.48,482779,4.64155e+06,125087,13.6336,9978.93,31645,26.1405,164.581,266.95,130000
36.7,-0.00527155,4.78954e+06,44.5145,-0.00562963,962278,4966.15,482779,4.63862e+06,125090,13.5796,9944.54,31703.8,26.0761,164.426,266.652,130000
36.8,-0.00527155,4.78954e+06,44.3368,-0.00562963,962234,4947.88,482781,4.63563e+06,125094,13.5258,9910.22,31762.3,26.0117,164.268,266.352,130000
36.9,-0.00527155,4.78954e+06,44.1598,-0.00562963,962191,4929.65,482786,4.6326e+06,125098,13.4722,9875.98,31820.6,25.9473,164.108,266.051,130000
37,-0.00527155,4.78954e+06,43.9836,-0.00562963,962147,4911.48,482794,4.62953e+06,125102,13.4189,9841.82,31878.7,25.8829,163.946,265.748,130000
37.1,-0.00527155,4.78954e+06,43.808,-0.00562963,962104,4893.35,482805,4.62641e+06,125106,13.3657,9807.72,31936.6,25.8185,163.781,265.443,130000
37.2,-0.00527155,4.78954e+06,43.6331,-0.00562963,962061,4875.28,482819,4.62325e+06,125110,13.3128,9773.7,31994.2,25.754,163.614,265.138,130000
37.3,-0.00527155,4.78954e+06,43.4589,-0.00562963,962018,4857.26,482836,4.62004e+06,125113,13.26,9739.76,32051.6,25.6896,163.445,264.83,130000
37.4,-0.00527155,4.78953e+06,43.2854,-0.00562963,961975,4839.29,482858,4.6168e+06,125117,13.2075,9705.89,32108.7,25.6251,163.274,264.522,130000
37.5,-0.00527155,4.78953e+06,43.1126,-0.00562963,961932,4821.38,482884,4.61351e+06,125121,13.1552,9672.09,32165.6,25.5606,163.101,264.212,130000
37.6,-0.00527155,4.78953e+06,42.9405,-0.00562963,961890,4803.51,482914,4.61017e+06,125125,13.1031,9638.38,32222.3,25.4962,162.925,263.9,130000
37.7,-0.00527155,4.78953e+06,42.7691,-0.00562963,961848,4785.7,482949,4.6068e+06,125129,13.0511,9604.74,32278.8,25.4317,162.747,263.587,130000
37.8,-0.00527155,4.78953e+06,42.5984,-0.00562963,961806,4767.94,482989,4.60339e+06,125132,12.9994,9571.17,32335,25.3672,162.567,263.273,130000
37.9,-0.00527155,4.78952e+06,42.4283,-0.00562964,961764,4750.23,483030,4.59993e+06,125136,12.9479,9537.68,32391,25.3027,162.386,262.958,130000
38,-0.00527155,4.78952e+06,42.2589,-0.00562964,961722,4732.57,483052,4.59642e+06,125140,12.8966,9504.28,32446.8,25.2383,162.202,262.64,130000
38.1,-0.00527155,4.78952e+06,42.0902,-0.00562964,961680,4714.96,483072,4.59288e+06,125144,12.8455,9470.95,32502.4,25.1738,162.016,262.321,130000
38.2,-0.00527155,4.78952e+06,41.9222,-0.00562964,961639,4697.41,483090,4.58928e+06,125147,12.7946,9437.7,32557.7,25.1094,161.828,262.001,130000
38.3,-0.00527155,4.78952e+06,41.7549,-0.00562964,961598,4679.91,483104,4.58565e+06,125151,12.7439,9404.53,32612.8,25.0449,161.637,261.679,130000
38.4,-0.00527155,4.78952e+06,41.5882,-0.00562964,961557,4662.46,483114,4.58197e+06,125155,12.6935,9371.44,32667.7,24.9805,161.445,261.356,130000
38.5,-0.00527155,4.78952e+06,41.4221,-0.00562964,961516,4645.07,483120,4.57825e+06,125158,12.6432,9338.44,32722.4,24.9161,161.252,261.031,130000
38.6,-0.00527155,4.78952e+06,41.2568,-0.00562964,961475,4627.72,483120,4.57449e+06,125162,12.5931,9305.51,32776.8,24.8516,161.056,260.705,130000
38.7,-0.00527155,4.78952e+06,41.0921,-0.00562964,961435,4610.43,483113,4.57069e+06,125166,12.5432,9272.66,32831,24.7873,160.858,260.378,130000
38.8,-0.00527155,4.78952e+06,40.928,-0.00562964,961394,4593.19,483099,4.56685e+06,125169,12.4935,9239.89,32885,24.7229,160.658,260.049,130000
38.9,-0.00527155,4.78952e+06,40.7647,-0.00562964,961354,4576,483077,4.56296e+06,125173,12.4439,9207.21,32938.8,24.6585,160.457,259.719,130000
39,-0.00527155,4.78952e+06,40.6019,-0.00562964,961314,4558.87,483046,4.55903e+06,125177,12.3946,9174.6,32992.3,24.5942,160.253,259.387,130000
39.1,-0.00527155,4.78953e+06,40.4398,-0.00562964,961274,4541.79,483004,4.55507e+06,125180,12.3455,9142.08,33045.7,24.5299,160.048,259.054,130000
39.2,-0.00527155,4.78953e+06,40.2784,-0.00562964,961234,4524.76,482968,4.55106e+06,125184,12.2966,9109.64,33098.8,24.4656,159.841,258.719,130000
39.3,-0.00527155,4.78953e+06,40.1176,-0.00562964,961195,4507.78,482947,4.54701e+06,125187,12.2479,9077.29,33151.7,24.4013,159.632,258.384,130000
39.4,-0.00527155,4.78953e+06,39.9575,-0.00562964,961156,4490.85,482929,4.54293e+06,125191,12.1993,9045.02,33204.4,24.3371,159.422,258.047,130000
39.5,-0.00527155,4.78953e+06,39.798,-0.00562964,961116,4473.98,482916,4.5388e+06,125194,12.151,9012.83,33256.9,24.2729,159.209,257.709,130000
39.6,-0.00527155,4.78953e+06,39.6391,-0.00562964,961077,4457.16,482908,4.53464e+06,125198,12.1028,8980.72,33309.1,24.2087,158.995,257.369,130000
39.7,-0.00527155,4.78953e+06,39.4808,-0.00562964,961038,4440.39,482908,4.53044e+06,125202,12.0548,8948.7,33361.1,24.1445,158.779,257.028,130000
39.8,-0.00527155,4.78953e+06,39.3232,-0.00562964,961000,4423.68,482917,4.52621e+06,125205,12.0071,8916.76,33413,24.0804,158.562,256.686,130000
39.9,-0.00527155,4.78953e+06,39.1663,-0.00562964,960961,4407.01,482938,4.52193e+06,125209,11.9595,8884.91,33464.6,24.0163,158.343,256.343,130000
40,-0.00527155,4.78953e+06,39.0099,-0.00562964,960923,4390.4,482973,4.51762e+06,125212,11.9121,8853.14,33516,23.9523,158.122,255.998,130000
40.1,-0.00527155,4.78953e+06,38.8542,-0.00562965,960884,4373.85,482994,4.51327e+06,125216,11.8649,8821.46,33567.2,23.8883,157.9,255.653,130000
40.2,-0.00527155,4.78953e+06,38.6991,-0.00562965,960846,4357.34,483003,4.50888e+06,125219,11.8178,8789.86,33618.1,23.8243,157.676,255.306,130000
40.3,-0.00527155,4.78953e+06,38.5446,-0.00562965,960808,4340.89,483012,4.50446e+06,125223,11.771,8758.34,33668.9,23.7604,157.45,254.958,130000
40.4,-0.00527155,4.78953e+06,38.3907,-0.00562965,960771,4324.48,483020,4.50001e+06,125226,11.7243,8726.92,33719.4,23.6965,157.223,254.608,130000
40.5,-0.00527155,4.78953e+06,38.2375,-0.00562965,960733,4308.14,483026,4.49551e+06,125230,11.6778,8695.57,33769.8,23.6326,156.995,254.258,130000
40.6,-0.00527155,4.78953e+06,38.0848,-0.00562965,960696,4291.84,483028,4.49099e+06,125233,11.6316,8664.32,33819.9,23.5688,156.765,253.906,130000
40.7,-0.00527155,4.78953e+06,37.9328,-0.00562965,960658,4275.59,483027,4.48643e+06,125236,11.5854,8633.15,33869.8,23.505,156.533,253.554,130000
40.8,-0.00527155,4.78953e+06,37.7813,-0.00562965,960621,4259.4,483020,4.48183e+06,125240,11.5395,8602.06,33919.5,23.4413,156.3,253.2,130000
40.9,-0.00527155,4.78953e+06,37.6305,-0.00562965,960584,4243.26,483007,4.47721e+06,125243,11.4938,8571.06,33969.1,23.3776,156.065,252.845,130000
41,-0.00527155,4.78953e+06,37.4803,-0.00562965,960547,4227.17,483004,4.47254e+06,125247,11.4482,8540.15,34018.4,23.314,155.829,252.489,130000
41.1,-0.00527155,4.78953e+06,37.3307,-0.00562965,960511,4211.14,483004,4.46785e+06,125250,11.4028,8509.33,34067.5,23.2505,155.592,252.133,130000
41.2,-0.00527155,4.78953e+06,37.1817,-0.00562965,960474,4195.15,483003,4.46312e+06,125254,11.3576,8478.59,34116.3,23.1869,155.353,251.775,130000
41.3,-0.00527155,4.78953e+06,37.0332,-0.00562965,960438,4179.22,483002,4.45836e+06,125257,11.3126,8447.94,34165,23.1235,155.112,251.416,130000
41.4,-0.00527155,4.78953e+06,36.8854,-0.00562965,960401,4163.34,483000,4.45357e+06,125260,11.2677,8417.37,34213.5,23.06,154.871,251.056,130000
41.5,-0.00527155,4.78953e+06,36.7381,-0.00562965,960365,4147.51,482998,4.44874e+06,125264,11.223,8386.89,34261.8,22.9967,154.628,250.695,130000
41.6,-0.00527155,4.78953e+06,36.5915,-0.00562965,960329,4131.74,482996,4.44389e+06,125267,11.1785,8356.5,34309.9,22.9334,154.383,250.333,130000
41.7,-0.00527155,4.78953e+06,36.4454,-0.00562965,960294,4116.01,482993,4.439e+06,125270,11.1342,8326.2,34357.7,22.8701,154.138,249.97,130000
41.8,-0.00527155,4.78953e+06,36.2999,-0.00562965,960258,4100.34,482990,4.43409e+06,125274,11.0901,8295.98,34405.4,22.8069,153.891,249.606,130000
41.9,-0.00527155,4.78953e+06,36.155,-0.00562965,960222,4084.72,482989,4.42914e+06,125277,11.0461,8265.85,34452.9,22.7438,153.642,249.241,130000
42,-0.00527155,4.78953e+06,36.0107,-0.00562965,960187,4069.15,482989,4.42416e+06,125280,11.0023,8235.81,34500.2,22.6807,153.393,248.875,130000
42.1,-0.00527155,4.78953e+06,35.8669,-0.00562965,960152,4053.63,482989,4.41915e+06,125284,10.9587,8205.86,34547.2,22.6177,153.142,248.508,130000
42.2,-0.00527155,4.78953e+06,35.7237,-0.00562965,960117,4038.16,482991,4.41411e+06,125287,10.9152,8175.99,34594.1,22.5547,152.89,248.14,130000
42.3,-0.00527155,4.78953e+06,35.5811,-0.00562966,960082,4022.75,482993,4.40904e+06,125290,10.8719,8146.21,34640.8,22.4919,152.637,247.772,130000
42.4,-0.00527155,4.78953e+06,35.4391,-0.00562966,960047,4007.38,482998,4.40394e+06,125293,10.8288,8116.52,34687.3,22.429,152.382,247.402,130000
42.5,-0.00527155,4.78953e+06,35.2976,-0.00562966,960013,3992.07,483005,4.39882e+06,125297,10.7859,8086.92,34733.5,22.3663,152.127,247.032,130000
42.6,-0.00527155,4.78953e+06,35.1567,-0.00562966,959978,3976.81,483013,4.39366e+06,125300,10.7431,8057.4,34779.6,22.3036,151.87,246.661,130000
42.7,-0.00527155,4.78953e+06,35.0164,-0.00562966,959944,3961.6,483024,4.38848e+06,125303,10.7005,8027.98,34825.5,22.241,151.612,246.288,130000
42.8,-0.00527155,4.78953e+06,34.8766,-0.00562966,959910,3946.44,483029,4.38326e+06,125306,10.658,7998.64,34871.2,22.1784,151.353,245.915,130000
42.9,-0.00527155,4.78953e+06,34.7374,-0.00562966,959876,3931.33,483035,4.37802e+06,125309,10.6158,7969.39,34916.7,22.1159,151.093,245.541,130000
43,-0.00527155,4.78953e+06,34.5987,-0.00562966,959842,3916.27,483040,4.37275e+06,125313,10.5737,7940.22,34962,22.0535,150.831,245.167,130000
43.1,-0.00527155,4.78953e+06,34.4606,-0.00562966,959808,3901.27,483045,4.36746e+06,125316,10.5317,7911.15,35007.2,21.9911,150.569,244.791,130000
43.2,-0.00527155,4.78953e+06,34.323,-0.00562966,959774,3886.31,483049,4.36214e+06,125319,10.4899,7882.16,35052.1,21.9289,150.306,244.415,130000
43.3,-0.00527155,4.78953e+06,34.186,-0.00562966,959741,3871.41,483052,4.35679e+06,125322,10.4483,7853.26,35096.8,21.8667,150.041,244.038,130000
43.4,-0.00527155,4.78953e+06,34.0495,-0.00562966,959707,3856.55,483054,4.35141e+06,125325,10.4069,7824.45,35141.4,21.8045,149.776,243.66,130000
43.5,-0.00527155,4.78953e+06,33.9136,-0.00562966,959674,3841.75,483054,4.346e+06,125328,10.3656,7795.73,35185.7,21.7425,149.509,243.281,130000
43.6,-0.00527155,4.78953e+06,33.7782,-0.00562966,959641,3826.99,483053,4.34057e+06,125332,10.3245,7767.09,35229.9,21.6805,149.242,242.901,130000
43.7,-0.00527155,4.78953e+06,33.6434,-0.00562966,959608,3812.29,483055,4.33512e+06,125335,10.2835,7738.54,35273.8,21.6186,148.973,242.521,130000
43.8,-0.00527155,4.78953e+06,33.509,-0.00562966,959575,3797.64,483055,4.32964e+06,125338,10.2427,7710.08,35317.6,21.5568,148.704,242.14,130000
43.9,-0.00527155,4.78953e+06,33.3753,-0.00562966,959543,3783.04,483055,4.32413e+06,125341,10.2021,7681.71,35361.2,21.495,148.434,241.758,130000
44,-0.00527155,4.78953e+06,33.242,-0.00562966,959510,3768.48,483054,4.3186e+06,125344,10.1616,7653.43,35404.6,21.4334,148.162,241.376,130000
44.1,-0.00527155,4.78953e+06,33.1093,-0.00562966,959478,3753.98,483052,4.31305e+06,125347,10.1213,7625.23,35447.9,21.3718,147.89,240.992,130000
44.2,-0.00527155,4.78953e+06,32.9772,-0.00562966,959446,3739.53,483049,4.30747e+06,125350,10.0812,7597.13,35490.9,21.3103,147.617,240.608,130000
44.3,-0.00527155,4.78953e+06,32.8455,-0.00562966,959414,3725.13,483045,4.30186e+06,125353,10.0412,7569.11,35533.8,21.2488,147.343,240.224,130000
44.4,-0.00527155,4.78953e+06,32.7144,-0.00562966,959382,3710.77,483041,4.29624e+06,125356,10.0013,7541.17,35576.4,21.1875,147.068,239.839,130000
44.5,-0.00527155,4.78953e+06,32.5838,-0.00562966,959350,3696.47,483037,4.29058e+06,125359,9.96165,7513.33,35618.9,21.1262,146.792,239.453,130000
44.6,-0.00527155,4.78953e+06,32.4537,-0.00562967,959318,3682.22,483034,4.28491e+06,125362,9.92213,7485.57,35661.2,21.0651,146.515,239.066,130000
44.7,-0.00527155,4.78953e+06,32.3242,-0.00562967,959286,3668.01,483032,4.27921e+06,125365,9.88276,7457.91,35703.3,21.004,146.238,238.679,130000
44.8,-0.00527155,4.78953e+06,32.1951,-0.00562967,959255,3653.86,483031,4.27349e+06,125368,9.84355,7430.33,35745.3,20.943,145.96,238.291,130000
44.9,-0.00527155,4.78953e+06,32.0666,-0.00562967,959224,3639.75,483031,4.26775e+06,125371,9.80449,7402.83,35787,20.8821,145.681,237.902,130000
45,-0.00527155,4.78953e+06,31.9386,-0.00562967,959192,3625.7,483032,4.26198e+06,125374,9.76559,7375.43,35828.6,20.8212,145.401,237.513,130000
45.1,-0.00527155,4.78953e+06,31.8111,-0.00562967,959161,3611.69,483035,4.25619e+06,125377,9.72684,7348.11,35870,20.7605,145.12,237.123,130000
45.2,-0.00527155,4.78953e+06,31.6841,-0.00562967,959130,3597.73,483039,4.25038e+06,125380,9.68824,7320.88,35911.2,20.6998,144.839,236.733,130000
45.3,-0.00527155,4.78953e+06,31.5576,-0.00562967,959100,3583.82,483045,4.24455e+06,125383,9.64979,7293.73,35952.3,20.6393,144.557,236.342,130000
45.4,-0.00527155,4.78953e+06,31.4317,-0.00562967,959069,3569.96,483050,4.2387e+06,125386,9.6115,7266.68,35993.1,20.5788,144.274,235.95,130000
45.5,-0.00527155,4.78953e+06,31.3062,-0.00562967,959038,3556.15,483053,4.23282e+06,125389,9.57336,7239.71,36033.8,20.5184,143.99,235.558,130000
45.6,-0.00527155,4.78953e+06,31.1812,-0.00562967,959008,3542.39,483056,4.22693e+06,125392,9.53537,7212.83,36074.3,20.4581,143.706,235.166,130000
45.7,-0.00527155,4.78953e+06,31.0567,-0.00562967,958978,3528.67,483059,4.22101e+06,125395,9.49753,7186.03,36114.6,20.3979,143.421,234.773,130000
45.8,-0.00527155,4.78953e+06,30.9327,-0.00562967,958947,3515.01,483062,4.21508e+06,125398,9.45983,7159.33,36154.8,20.3378,143.135,234.379,130000
45.9,-0.00527155,4.78953e+06,30.8093,-0.00562967,958917,3501.39,483065,4.20912e+06,125401,9.42229,7132.71,36194.8,20.2778,142.849,233.984,130000
46,-0.00527155,4.78953e+06,30.6863,-0.00562967,958888,3487.82,483067,4.20315e+06,125404,9.38489,7106.17,36234.6,20.2178,142.562,233.59,130000
46.1,-0.00527155,4.78953e+06,30.5638,-0.00562967,958858,3474.3,483070,4.19715e+06,125407,9.34765,7079.73,36274.2,20.158,142.274,233.194,130000
46.2,-0.00527155,4.78953e+06,30.4418,-0.00562967,958828,3460.83,483073,4.19113e+06,125409,9.31055,7053.37,36313.6,20.0983,141.986,232.799,130000
46.3,-0.00527155,4.78953e+06,30.3202,-0.00562967,958798,3447.4,483075,4.1851e+06,125412,9.27359,7027.09,36352.9,20.0386,141.697,232.402,130000
46.4,-0.00527155,4.78953e+06,30.1992,-0.00562967,958769,3434.02,483076,4.17905e+06,125415,9.23679,7000.91,36392,19.9791,141.407,232.005,130000
46.5,-0.00527155,4.78953e+06,30.0786,-0.00562967,958740,3420.69,483078,4.17297e+06,125418,9.20012,6974.8,36431,19.9197,141.117,231.608,130000
46.6,-0.00527155,4.78953e+06,29.9586,-0.00562967,958711,3407.41,483079,4.16688e+06,125421,9.16361,6948.79,36469.8,19.8603,140.827,231.21,130000
46.7,-0.00527155,4.78953e+06,29.839,-0.00562967,958682,3394.17,483079,4.16077e+06,125424,9.12723,6922.86,36508.4,19.8011,140.536,230.812,130000
46.8,-0.00527155,4.78953e+06,29.7199,-0.00562967,958653,3380.99,483080,4.15465e+06,125426,9.091,6897.02,36546.8,19.7419,140.244,230.414,130000
46.9,-0.00527155,4.78953e+06,29.6012,-0.00562968,958624,3367.85,483081,4.1485e+06,125429,9.05492,6871.26,36585,19.6829,139.952,230.015,130000
47,-0.00527155,4.78953e+06,29.483,-0.00562968,958595,3354.75,483081,4.14234e+06,125432,9.01897,6845.59,36623.1,19.6239,139.659,229.615,130000
47.1,-0.00527155,4.78953e+06,29.3654,-0.00562968,958566,3341.7,483080,4.13616e+06,125435,8.98317,6820,36661.1,19.5651,139.366,229.215,130000
47.2,-0.00527155,4.78953e+06,29.2481,-0.00562968,958538,3328.71,483080,4.12996e+06,125437,8.94751,6794.51,36698.8,19.5063,139.072,228.815,130000
47.3,-0.00527155,4.78953e+06,29.1314,-0.00562968,958510,3315.75,483080,4.12375e+06,125440,8.91199,6769.09,36736.4,19.4477,138.777,228.414,130000
47.4,-0.00527155,4.78953e+06,29.0151,-0.00562968,958481,3302.85,483079,4.11752e+06,125443,8.87661,6743.76,36773.8,19.3891,138.483,228.013,130000
47.5,-0.00527155,4.78953e+06,28.8992,-0.00562968,958453,3289.99,483079,4.11127e+06,125446,8.84137,6718.52,36811.1,19.3307,138.187,227.612,130000
47.6,-0.00527155,4.78953e+06,28.7839,-0.00562968,958425,3277.17,483078,4.10501e+06,125448,8.80627,6693.36,36848.2,19.2723,137.892,227.21,130000
47.7,-0.00527155,4.78953e+06,28.669,-0.00562968,958398,3264.4,483078,4.09873e+06,125451,8.77131,6668.28,36885.1,19.2141,137.596,226.808,130000
47.8,-0.00527155,4.78953e+06,28.5545,-0.00562968,958370,3251.68,483079,4.09243e+06,125454,8.73648,6643.3,36921.9,19.1559,137.299,226.405,130000
47.9,-0.00527155,4.78953e+06,28.4405,-0.00562968,958342,3239.01,483080,4.08612e+06,125457,8.7018,6618.39,36958.5,19.0979,137.002,226.002,130000
48,-0.00527155,4.78953e+06,28.327,-0.00562968,958315,3226.38,483082,4.0798e+06,125459,8.66725,6593.57,36994.9,19.04,136.705,225.599,130000
48.1,-0.00527155,4.78953e+06,28.2139,-0.00562968,958287,3213.8,483079,4.07346e+06,125462,8.63283,6568.83,37031.2,18.9822,136.407,225.196,130000
48.2,-0.00527155,4.78953e+06,28.1013,-0.00562968,958260,3201.26,483075,4.0671e+06,125465,8.59856,6544.18,37067.3,18.9244,136.109,224.792,130000
48.3,-0.00527155,4.78953e+06,27.9891,-0.00562968,958233,3188.77,483070,4.06073e+06,125467,8.56442,6519.61,37103.3,18.8668,135.81,224.388,130000
48.4,-0.00527155,4.78953e+06,27.8774,-0.00562968,958206,3176.32,483065,4.05434e+06,125470,8.53041,6495.13,37139.1,18.8093,135.511,223.983,130000
48.5,-0.00527155,4.78953e+06,27.7661,-0.00562968,958179,3163.92,483060,4.04794e+06,125473,8.49654,6470.73,37174.7,18.7519,135.212,223.578,130000
48.6,-0.00527155,4.78953e+06,27.6552,-0.00562968,958152,3151.56,483055,4.04153e+06,125475,8.4628,6446.41,37210.2,18.6946,134.913,223.173,130000
48.7,-0.00527155,4.78953e+06,27.5448,-0.00562968,958125,3139.25,483050,4.0351e+06,125478,8.42919,6422.18,37245.5,18.6375,134.613,222.768,130000
48.8,-0.00527155,4.78953e+06,27.4349,-0.00562968,958099,3126.98,483046,4.02866e+06,125480,8.39572,6398.03,37280.7,18.5804,134.312,222.362,130000
48.9,-0.00527155,4.78953e+06,27.3254,-0.00562968,958072,3114.76,483042,4.0222e+06,125483,8.36238,6373.97,37315.7,18.5234,134.012,221.956,130000
49,-0.00527155,4.78953e+06,27.2163,-0.00562968,958046,3102.59,483038,4.01574e+06,125486,8.32917,6349.98,37350.5,18.4666,133.711,221.55,130000
49.1,-0.00527155,4.78953e+06,27.1076,-0.00562968,958019,3090.46,483036,4.00925e+06,125488,8.2961,6326.08,37385.2,18.4098,133.41,221.144,130000
49.2,-0.00527155,4.78953e+06,26.9994,-0.00562968,957993,3078.37,483035,4.00276e+06,125491,8.26315,6302.26,37419.8,18.3532,133.109,220.737,130000
49.3,-0.00527155,4.78953e+06,26.8916,-0.00562969,957967,3066.33,483036,3.99625e+06,125493,8.23033,6278.53,37454.2,18.2967,132.807,220.331,130000
49.4,-0.00527155,4.78953e+06,26.7843,-0.00562969,957941,3054.33,483039,3.98973e+06,125496,8.19765,6254.87,37488.4,18.2402,132.505,219.924,130000
49.5,-0.00527155,4.78953e+06,26.6774,-0.00562969,957915,3042.37,483044,3.9832e+06,125498,8.16509,6231.3,37522.5,18.1839,132.203,219.516,130000
49.6,-0.00527155,4.78953e+06,26.5709,-0.00562969,957890,3030.46,483052,3.97666e+06,125501,8.13266,6207.81,37556.4,18.1277,131.9,219.109,130000
49.7,-0.00527155,4.78953e+06,26.4648,-0.00562969,957864,3018.59,483063,3.9701e+06,125503,8.10036,6184.41,37590.1,18.0717,131.598,218.701,130000
49.8,-0.00527155,4.78953e+06,26.3591,-0.00562969,957838,3006.77,483079,3.96354e+06,125506,8.06819,6161.08,37623.8,18.0157,131.295,218.293,130000
49.9,-0.00527155,4.78953e+06,26.2539,-0.00562969,957813,2994.99,483099,3.95696e+06,125509,8.03614,6137.84,37657.2,17.9598,130.992,217.885,130000
50,-0.00527155,4.78953e+06,26.1491,-0.00562969,957788,2983.26,483123,3.95037e+06,125511,8.00423,6114.67,37690.5,17.9041,130.689,217.477,130000
50.1,-0.00527155,4.78953e+06,26.0447,-0.00562969,957762,2971.56,483133,3.94377e+06,125514,7.97243,6091.59,37723.7,17.8484,130.385,217.069,130000
50.2,-0.00527155,4.78953e+06,25.9408,-0.00562969,957737,2959.91,483142,3.93715e+06,125516,7.94077,6068.59,37756.7,17.7929,130.082,216.661,130000
50.3,-0.00527155,4.78953e+06,25.8372,-0.00562969,957712,2948.31,483150,3.93053e+06,125518,7.90923,6045.67,37789.6,17.7375,129.778,216.252,130000
50.4,-0.00527155,4.78953e+06,25.7341,-0.00562969,957687,2936.75,483158,3.9239e+06,125521,7.87781,6022.83,37822.3,17.6822,129.474,215.843,130000
50.5,-0.00527155,4.78953e+06,25.6313,-0.00562969,957663,2925.23,483166,3.91726e+06,125523,7.84652,6000.07,37854.9,17.627,129.17,215.434,130000
50.6,-0.00527155,4.78952e+06,25.529,-0.00562969,957638,2913.75,483174,3.9106e+06,125526,7.81535,5977.39,37887.3,17.572,128.865,215.025,130000
50.7,-0.00527155,4.78952e+06,25.4271,-0.00562969,957613,2902.31,483180,3.90394e+06,125528,7.7843,5954.79,37919.5,17.517,128.561,214.616,130000
50.8,-0.00527155,4.78952e+06,25.3256,-0.00562969,957589,2890.92,483186,3.89726e+06,125531,7.75338,5932.27,37951.7,17.4622,128.257,214.207,130000
50.9,-0.00527155,4.78952e+06,25.2245,-0.00562969,957565,2879.57,483191,3.89058e+06,125533,7.72258,5909.83,37983.6,17.4075,127.952,213.797,130000
51,-0.00527155,4.78952e+06,25.1238,-0.00562969,957540,2868.26,483193,3.88389e+06,125536,7.6919,5887.47,38015.5,17.3529,127.647,213.388,130000
51.1,-0.00527155,4.78952e+06,25.0235,-0.00562969,957516,2857,483194,3.87719e+06,125538,7.66134,5865.19,38047.2,17.2984,127.342,212.979,130000
51.2,-0.00527155,4.78952e+06,24.9236,-0.00562969,957492,2845.77,483192,3.87048e+06,125540,7.6309,5842.99,38078.7,17.244,127.038,212.569,130000
51.3,-0.00527155,4.78952e+06,24.8241,-0.00562969,957468,2834.59,483188,3.86376e+06,125543,7.60059,5820.87,38110.1,17.1897,126.733,212.159,130000
51.4,-0.00527155,4.78953e+06,24.725,-0.00562969,957444,2823.45,483180,3.85703e+06,125545,7.57039,5798.82,38141.4,17.1356,126.427,211.749,130000
51.5,-0.00527155,4.78953e+06,24.6263,-0.00562969,957420,2812.36,483171,3.85029e+06,125547,7.54032,5776.86,38172.5,17.0816,126.122,211.34,130000
51.6,-0.00527155,4.78953e+06,24.528,-0.00562969,957397,2801.3,483168,3.84355e+06,125550,7.51036,5754.97,38203.5,17.0276,125.817,210.93,130000
51.7,-0.00527155,4.78953e+06,24.4301,-0.00562969,957373,2790.28,483163,3.8368e+06,125552,7.48052,5733.16,38234.3,16.9738,125.512,210.52,130000
51.8,-0.00527155,4.78953e+06,24.3326,-0.0056297,957350,2779.31,483157,3.83004e+06,125554,7.4508,5711.43,38265,16.9202,125.207,210.11,130000
51.9,-0.00527155,4.78953e+06,24.2354,-0.0056297,957326,2768.38,483150,3.82327e+06,125557,7.42119,5689.78,38295.5,16.8666,124.901,209.7,130000
52,-0.00527155,4.78953e+06,24.1387,-0.0056297,957303,2757.48,483140,3.81649e+06,125559,7.39171,5668.2,38325.9,16.8132,124.596,209.29,130000
52.1,-0.00527155,4.78953e+06,24.0423,-0.0056297,957280,2746.63,483129,3.80971e+06,125561,7.36234,5646.71,38356.2,16.7598,124.291,208.88,130000
52.2,-0.00527155,4.78953e+06,23.9463,-0.0056297,957257,2735.82,483115,3.80292e+06,125564,7.33308,5625.28,38386.3,16.7066,123.985,208.471,130000
52.3,-0.00527155,4.78953e+06,23.8507,-0.0056297,957234,2725.05,483100,3.79613e+06,125566,7.30394,5603.94,38416.3,16.6535,123.68,208.061,130000
52.4,-0.00527155,4.78953e+06,23.7555,-0.0056297,957211,2714.32,483082,3.78933e+06,125568,7.27492,5582.67,38446.2,16.6006,123.374,207.651,130000
52.5,-0.00527155,4.78953e+06,23.6607,-0.0056297,957188,2703.64,483061,3.78252e+06,125571,7.24601,5561.48,38475.9,16.5477,123.069,207.241,130000
52.6,-0.00527155,4.78954e+06,23.5662,-0.0056297,957166,2692.99,483038,3.77571e+06,125573,7.21722,5540.37,38505.4,16.495,122.764,206.831,130000
52.7,-0.00527155,4.78954e+06,23.4722,-0.0056297,957143,2682.38,483012,3.76889e+06,125575,7.18854,5519.33,38534.9,16.4424,122.458,206.422,130000
52.8,-0.00527155,4.78954e+06,23.3785,-0.0056297,957120,2671.81,482983,3.76206e+06,125577,7.15997,5498.37,38564.2,16.3899,122.153,206.012,130000
52.9,-0.00527155,4.78954e+06,23.2851,-0.0056297,957098,2661.28,482950,3.75523e+06,125580,7.13152,5477.48,38593.4,16.3375,121.848,205.603,130000
53,-0.00527155,4.78954e+06,23.1922,-0.0056297,957076,2650.79,482924,3.7484e+06,125582,7.10318,5456.67,38622.4,16.2852,121.543,205.193,130000
53.1,-0.00527155,4.78954e+06,23.0996,-0.0056297,957054,2640.34,482906,3.74155e+06,125584,7.07495,5435.94,38651.3,16.2331,121.238,204.784,130000
53.2,-0.00527155,4.78955e+06,23.0074,-0.0056297,957031,2629.93,482889,3.7347e+06,125586,7.04683,5415.28,38680.1,16.1811,120.933,204.374,130000
53.3,-0.00527155,4.78955e+06,22.9155,-0.0056297,957009,2619.56,482874,3.72785e+06,125589,7.01883,5394.7,38708.7,16.1292,120.628,203.965,130000
53.4,-0.00527155,4.78955e+06,22.8241,-0.0056297,956987,2609.23,482863,3.72099e+06,125591,6.99093,5374.19,38737.2,16.0774,120.323,203.555,130000
53.5,-0.00527155,4.78955e+06,22.7329,-0.0056297,956966,2598.94,482854,3.71413e+06,125593,6.96315,5353.75,38765.5,16.0257,120.018,203.146,130000
53.6,-0.00527155,4.78955e+06,22.6422,-0.0056297,956944,2588.69,482850,3.70726e+06,125595,6.93548,5333.39,38793.8,15.9742,119.713,202.737,130000
53.7,-0.00527155,4.78955e+06,22.5518,-0.0056297,956922,2578.47,482851,3.70038e+06,125597,6.90791,5313.11,38821.9,15.9228,119.409,202.328,130000
53.8,-0.00527155,4.78955e+06,22.4618,-0.0056297,956901,2568.3,482858,3.6935e+06,125599,6.88046,5292.89,38849.9,15.8715,119.104,201.919,130000
53.9,-0.00527155,4.78955e+06,22.3721,-0.0056297,956879,2558.16,482872,3.68662e+06,125602,6.85311,5272.75,38877.7,15.8203,118.8,201.51,130000
54,-0.00527155,4.78955e+06,22.2828,-0.0056297,956858,2548.06,482893,3.67973e+06,125604,6.82587,5252.69,38905.4,15.7692,118.496,201.101,130000
54.1,-0.00527155,4.78954e+06,22.1938,-0.0056297,956836,2538,482923,3.67284e+06,125606,6.79874,5232.7,38933,15.7183,118.191,200.693,130000
54.2,-0.00527155,4.78954e+06,22.1053,-0.0056297,956815,2527.98,482963,3.66594e+06,125608,6.77172,5212.78,38960.4,15.6675,117.887,200.284,130000
54.3,-0.00527155,4.78954e+06,22.017,-0.0056297,956794,2518,483013,3.65904e+06,125610,6.7448,5192.94,38987.8,15.6168,117.584,199.875,130000
54.4,-0.00527155,4.78953e+06,21.9291,-0.0056297,956773,2508.05,483076,3.65213e+06,125612,6.71799,5173.16,39014.9,15.5662,117.28,199.467,130000
54.5,-0.00527155,4.78953e+06,21.8416,-0.00562971,956752,2498.15,483117,3.64522e+06,125614,6.69129,5153.47,39042,15.5157,116.976,199.059,130000
54.6,-0.00527155,4.78953e+06,21.7544,-0.00562971,956731,2488.28,483157,3.6383e+06,125617,6.66469,5133.84,39069,15.4654,116.673,198.651,130000
54.7,-0.00527155,4.78953e+06,21.6675,-0.00562971,956710,2478.45,483196,3.63139e+06,125619,6.63819,5114.28,39095.8,15.4152,116.37,198.243,130000
54.8,-0.00527155,4.78952e+06,21.581,-0.00562971,956690,2468.65,483233,3.62447e+06,125621,6.61181,5094.8,39122.5,15.3651,116.067,197.835,130000
54.9,-0.00527155,4.78952e+06,21.4949,-0.00562971,956669,2458.89,483265,3.61754e+06,125623,6.58552,5075.39,39149,15.3151,115.764,197.427,130000
55,-0.00527155,4.78952e+06,21.4091,-0.00562971,956649,2449.17,483292,3.61061e+06,125625,6.55934,5056.05,39175.5,15.2653,115.461,197.019,130000
55.1,-0.00527155,4.78952e+06,21.3236,-0.00562971,956628,2439.49,483310,3.60368e+06,125627,6.53327,5036.78,39201.8,15.2155,115.158,196.612,130000
55.2,-0.00527155,4.78952e+06,21.2385,-0.00562971,956608,2429.85,483318,3.59674e+06,125629,6.50729,5017.59,39227.9,15.1659,114.856,196.204,130000
55.3,-0.00527155,4.78952e+06,21.1537,-0.00562971,956588,2420.24,483312,3.5898e+06,125631,6.48142,4998.46,39254,15.1164,114.554,195.797,130000
55.4,-0.00527155,4.78952e+06,21.0693,-0.00562971,956568,2410.66,483290,3.58286e+06,125633,6.45566,4979.41,39280,15.0671,114.252,195.39,130000
55.5,-0.00527155,4.78952e+06,20.9852,-0.00562971,956547,2401.13,483261,3.57592e+06,125635,6.42999,4960.42,39305.8,15.0178,113.95,194.983,130000
55.6,-0.00527155,4.78952e+06,20.9014,-0.00562971,956527,2391.63,483256,3.56897e+06,125637,6.40443,4941.51,39331.5,14.9687,113.649,194.577,130000
55.7,-0.00527155,4.78952e+06,20.8179,-0.00562971,956508,2382.17,483246,3.56202e+06,125639,6.37897,4922.66,39357,14.9197,113.348,194.17,130000
55.8,-0.00527155,4.78952e+06,20.7348,-0.00562971,956488,2372.74,483231,3.55507e+06,125641,6.3536,4903.89,39382.5,14.8708,113.047,193.764,130000
55.9,-0.00527155,4.78953e+06,20.6521,-0.00562971,956468,2363.35,483211,3.54812e+06,125643,6.32834,4885.18,39407.8,14.8221,112.746,193.358,130000
56,-0.00527155,4.78953e+06,20.5696,-0.00562971,956448,2354,483186,3.54117e+06,125645,6.30318,4866.55,39433,14.7734,112.445,192.952,130000
56.1,-0.00527155,4.78953e+06,20.4875,-0.00562971,956429,2344.68,483157,3.53422e+06,125647,6.27812,4847.98,39458.1,14.7249,112.145,192.547,130000
56.2,-0.00527155,4.78953e+06,20.4057,-0.00562971,956409,2335.4,483124,3.52726e+06,125649,6.25316,4829.49,39483.1,14.6765,111.845,192.141,130000
56.3,-0.00527155,4.78953e+06,20.3243,-0.00562971,956390,2326.15,483087,3.52031e+06,125651,6.2283,4811.06,39507.9,14.6282,111.545,191.736,130000
56.4,-0.00527155,4.78954e+06,20.2431,-0.00562971,956371,2316.94,483047,3.51335e+06,125653,6.20353,4792.7,39532.7,14.5801,111.245,191.331,130000
56.5,-0.00527155,4.78954e+06,20.1623,-0.00562971,956351,2307.76,483005,3.5064e+06,125655,6.17886,4774.41,39557.3,14.5321,110.946,190.927,130000
56.6,-0.00527155,4.78954e+06,20.0818,-0.00562971,956332,2298.62,482965,3.49944e+06,125657,6.1543,4756.19,39581.8,14.4842,110.647,190.523,130000
56.7,-0.00527155,4.78954e+06,20.0017,-0.00562971,956313,2289.52,482929,3.49249e+06,125659,6.12982,4738.03,39606.2,14.4364,110.348,190.119,130000
56.8,-0.00527155,4.78955e+06,19.9218,-0.00562971,956294,2280.45,482897,3.48553e+06,125661,6.10545,4719.95,39630.4,14.3887,110.05,189.715,130000
56.9,-0.00527155,4.78955e+06,19.8423,-0.00562971,956275,2271.41,482871,3.47857e+06,125663,6.08117,4701.93,39654.6,14.3412,109.751,189.311,130000
57,-0.00527155,4.78955e+06,19.7631,-0.00562971,956256,2262.41,482852,3.47161e+06,125665,6.05699,4683.98,39678.6,14.2937,109.454,188.908,130000
57.1,-0.00527155,4.78955e+06,19.6842,-0.00562971,956238,2253.45,482844,3.46465e+06,125667,6.0329,4666.09,39702.5,14.2464,109.156,188.505,130000
57.2,-0.00527155,4.78955e+06,19.6056,-0.00562972,956219,2244.52,482848,3.45769e+06,125669,6.00891,4648.28,39726.3,14.1993,108.859,188.103,130000
57.3,-0.00527155,4.78955e+06,19.5273,-0.00562972,956200,2235.62,482868,3.45074e+06,125671,5.98502,4630.53,39750,14.1522,108.562,187.7,130000
57.4,-0.00527155,4.78955e+06,19.4494,-0.00562972,956182,2226.76,482906,3.44378e+06,125672,5.96122,4612.84,39773.6,14.1053,108.265,187.298,130000
57.5,-0.00527155,4.78954e+06,19.3717,-0.00562972,956163,2217.93,482966,3.43682e+06,125674,5.93751,4595.22,39797,14.0585,107.968,186.896,130000
57.6,-0.00527155,4.78954e+06,19.2944,-0.00562972,956145,2209.13,483052,3.42986e+06,125676,5.9139,4577.67,39820.4,14.0118,107.672,186.495,130000
57.7,-0.00527155,4.78953e+06,19.2174,-0.00562972,956127,2200.37,483109,3.4229e+06,125678,5.89038,4560.19,39843.6,13.9652,107.377,186.094,130000
57.8,-0.00527155,4.78953e+06,19.1407,-0.00562972,956108,2191.65,483169,3.41595e+06,125680,5.86695,4542.77,39866.7,13.9188,107.081,185.693,130000
57.9,-0.00527155,4.78953e+06,19.0643,-0.00562972,956090,2182.96,483228,3.40899e+06,125682,5.84362,4525.41,39889.7,13.8724,106.786,185.292,130000
58,-0.00527155,4.78952e+06,18.9882,-0.00562972,956072,2174.3,483282,3.40203e+06,125684,5.82038,4508.12,39912.6,13.8262,106.491,184.891,130000
58.1,-0.00527155,4.78952e+06,18.9123,-0.00562972,956054,2165.67,483324,3.39508e+06,125685,5.79723,4490.9,39935.4,13.7801,106.197,184.491,130000
58.2,-0.00527155,4.78952e+06,18.8369,-0.00562972,956036,2157.08,483349,3.38812e+06,125687,5.77417,4473.74,39958.1,13.7342,105.903,184.091,130000
58.3,-0.00527155,4.78952e+06,18.7617,-0.00562972,956019,2148.52,483349,3.38116e+06,125689,5.75121,4456.65,39980.6,13.6883,105.609,183.692,130000
58.4,-0.00527155,4.78952e+06,18.6868,-0.00562972,956001,2140,483337,3.3742e+06,125691,5.72833,4439.62,40003.1,13.6426,105.315,183.292,130000
58.5,-0.00527155,4.78952e+06,18.6122,-0.00562972,955983,2131.5,483341,3.36725e+06,125693,5.70555,4422.65,40025.4,13.597,105.022,182.893,130000
58.6,-0.00527155,4.78952e+06,18.5379,-0.00562972,955965,2123.04,483332,3.3603e+06,125695,5.68285,4405.75,40047.7,13.5515,104.73,182.495,130000
58.7,-0.00527155,4.78952e+06,18.4639,-0.00562972,955948,2114.62,483307,3.35335e+06,125696,5.66025,4388.92,40069.8,13.5062,104.437,182.097,130000
58.8,-0.00527155,4.78952e+06,18.3901,-0.00562972,955931,2106.22,483265,3.3464e+06,125698,5.63774,4372.14,40091.8,13.4609,104.145,181.699,130000
58.9,-0.00527155,4.78953e+06,18.3167,-0.00562972,955913,2097.86,483204,3.33945e+06,125700,5.61531,4355.43,40113.7,13.4158,103.854,181.301,130000
59,-0.00527155,4.78953e+06,18.2436,-0.00562972,955896,2089.53,483122,3.33251e+06,125702,5.59298,4338.78,40135.5,13.3708,103.562,180.904,130000
59.1,-0.00527155,4.78954e+06,18.1708,-0.00562972,955879,2081.24,483018,3.32557e+06,125703,5.57073,4322.2,40157.2,13.3259,103.272,180.507,130000
59.2,-0.00527155,4.78955e+06,18.0982,-0.00562972,955861,2072.97,482932,3.31863e+06,125705,5.54857,4305.68,40178.8,13.2812,102.981,180.111,130000
59.3,-0.00527155,4.78955e+06,18.026,-0.00562972,955844,2064.74,482861,3.3117e+06,125707,5.5265,4289.22,40200.3,13.2365,102.691,179.715,130000
59.4,-0.00527155,4.78955e+06,17.954,-0.00562972,955827,2056.54,482801,3.30476e+06,125709,5.50451,4272.83,40221.7,13.192,102.401,179.319,130000
59.5,-0.00527155,4.78956e+06,17.8824,-0.00562972,955810,2048.37,482761,3.29783e+06,125711,5.48262,4256.49,40242.9,13.1476,102.112,178.924,130000
59.6,-0.00527155,4.78956e+06,17.811,-0.00562972,955794,2040.23,482752,3.2909e+06,125712,5.46081,4240.22,40264.1,13.1034,101.823,178.529,130000
59.7,-0.00527155,4.78956e+06,17.7399,-0.00562972,955777,2032.13,482783,3.28398e+06,125714,5.43908,4224.01,40285.2,13.0592,101.534,178.135,130000
59.8,-0.00527155,4.78955e+06,17.6691,-0.00562972,955760,2024.06,482868,3.27706e+06,125716,5.41745,4207.86,40306.1,13.0152,101.246,177.741,130000
59.9,-0.00527155,4.78954e+06,17.5985,-0.00562972,955743,2016.01,483009,3.27014e+06,125717,5.39589,4191.77,40327,12.9713,100.959,177.347,130000
60,-0.00527155,4.78953e+06,17.5283,-0.00562972,955727,2008,483121,3.26322e+06,125719,5.37443,4175.75,40347.7,12.9275,100.671,176.954,130000
60.1,-0.00527155,4.78953e+06,17.4583,-0.00562972,955710,2000.02,483237,3.25631e+06,125721,5.35305,4159.78,40368.4,12.8838,100.384,176.561,130000
60.2,-0.00527155,4.78952e+06,17.3886,-0.00562973,955694,1992.07,483340,3.24939e+06,125723,5.33175,4143.88,40388.9,12.8402,100.098,176.168,130000
60.3,-0.00527155,4.78951e+06,17.3192,-0.00562973,955677,1984.16,483409,3.24248e+06,125724,5.31054,4128.04,40409.4,12.7968,99.8117,175.776,130000
60.4,-0.00527155,4.78951e+06,17.2501,-0.00562973,955661,1976.27,483421,3.23557e+06,125726,5.28941,4112.25,40429.7,12.7535,99.526,175.383,130000
60.5,-0.00527155,4.78951e+06,17.1812,-0.00562973,955645,1968.42,483447,3.22866e+06,125728,5.26837,4096.53,40449.9,12.7103,99.2408,174.992,130000
60.6,-0.00527155,4.78951e+06,17.1126,-0.00562973,955629,1960.59,483430,3.22176e+06,125729,5.24741,4080.87,40470.1,12.6672,98.956,174.601,130000
60.7,-0.00527155,4.78952e+06,17.0443,-0.00562973,955613,1952.8,483357,3.21486e+06,125731,5.22653,4065.27,40490.1,12.6242,98.6716,174.21,130000
60.8,-0.00527155,4.78953e+06,16.9762,-0.00562973,955597,1945.03,483214,3.20796e+06,125733,5.20574,4049.72,40510.1,12.5814,98.3876,173.82,130000
60.9,-0.00527155,4.78954e+06,16.9085,-0.00562973,955581,1937.3,482989,3.20108e+06,125734,5.18502,4034.24,40529.9,12.5387,98.1041,173.43,130000
61,-0.00527155,4.78955e+06,16.841,-0.00562973,955565,1929.59,482819,3.19419e+06,125736,5.16439,4018.81,40549.6,12.4961,97.821,173.04,130000
61.1,-0.00527155,4.78956e+06,16.7737,-0.00562973,955549,1921.92,482717,3.18732e+06,125738,5.14385,4003.45,40569.3,12.4536,97.5384,172.652,130000
61.2,-0.00527155,4.78956e+06,16.7068,-0.00562973,955533,1914.28,482755,3.18044e+06,125739,5.12338,3988.14,40588.8,12.4112,97.2562,172.263,130000
61.3,-0.00527155,4.78954e+06,16.6401,-0.00562973,955518,1906.66,482996,3.17357e+06,125741,5.10299,3972.89,40608.3,12.369,96.9744,171.875,130000
61.4,-0.00527155,4.78953e+06,16.5737,-0.00562973,955502,1899.08,483243,3.1667e+06,125742,5.08269,3957.7,40627.6,12.3269,96.6931,171.488,130000
61.5,-0.00527155,4.78951e+06,16.5075,-0.00562973,955486,1891.53,483425,3.15984e+06,125744,5.06247,3942.57,40646.9,12.2849,96.4122,171.1,130000
61.6,-0.00527155,4.78951e+06,16.4416,-0.00562973,955471,1884,483485,3.15297e+06,125746,5.04232,3927.5,40666,12.243,96.1318,170.713,130000
61.7,-0.00527155,4.78952e+06,16.376,-0.00562973,955455,1876.51,483372,3.14611e+06,125747,5.02226,3912.48,40685.1,12.2012,95.8519,170.327,130000
61.8,-0.00527155,4.78954e+06,16.3106,-0.00562973,955440,1869.04,482974,3.13926e+06,125749,5.00227,3897.52,40704,12.1595,95.5724,169.941,130000
61.9,-0.00527155,4.78956e+06,16.2455,-0.00562973,955425,1861.6,482723,3.13241e+06,125750,4.98237,3882.62,40722.9,12.118,95.2934,169.555,130000
62,-0.00527155,4.78954e+06,16.1806,-0.00562973,955410,1854.2,483040,3.12557e+06,125752,4.96254,3867.78,40741.7,12.0766,95.0148,169.171,130000
62.1,-0.00527155,4.78951e+06,16.116,-0.00562973,955394,1846.82,483433,3.11873e+06,125754,4.94279,3852.99,40760.3,12.0353,94.7367,168.786,130000
62.2,-0.00527155,4.78952e+06,16.0517,-0.00562973,955379,1839.47,483333,3.11189e+06,125755,4.92313,3838.26,40778.9,11.9941,94.4591,168.402,130000
62.3,-0.00527155,4.78956e+06,15.9876,-0.00562973,955364,1832.15,482788,3.10507e+06,125757,4.90353,3823.59,40797.4,11.953,94.182,168.018,130000
62.4,-0.00527155,4.78951e+06,15.9238,-0.00562973,955349,1824.85,483462,3.09824e+06,125758,4.88402,3808.97,40815.8,11.9121,93.9053,167.635,130000
62.5,-0.00527155,4.78955e+06,15.8602,-0.00562973,955334,1817.59,482957,3.09143e+06,125760,4.86458,3794.41,40834.1,11.8712,93.6291,167.252,130000
62.6,-0.00527155,4.78952e+06,15.7969,-0.00562973,955320,1810.36,483371,3.08461e+06,125761,4.84523,3779.9,40852.3,11.8305,93.3534,166.87,130000
62.7,-0.00527155,4.78955e+06,15.7339,-0.00562973,955305,1803.15,482940,3.0778e+06,125763,4.82594,3765.45,40870.4,11.7899,93.0781,166.488,130000
62.8,-0.00527155,4.78954e+06,15.6711,-0.00562973,955290,1795.97,482989,3.07099e+06,125764,4.80674,3751.06,40888.4,11.7494,92.8034,166.106,130000
62.9,-0.00527155,4.78955e+06,15.6085,-0.00562973,955276,1788.82,482988,3.0642e+06,125766,4.78761,3736.72,40906.4,11.7091,92.5291,165.726,130000
63,-0.00527155,4.78953e+06,15.5462,-0.00562973,955261,1781.7,483209,3.0574e+06,125768,4.76856,3722.44,40924.2,11.6688,92.2553,165.345,130000
63.1,-0.00527155,4.78953e+06,15.4841,-0.00562973,955246,1774.6,483181,3.05061e+06,125769,4.74958,3708.21,40941.9,11.6287,91.982,164.965,130000
63.2,-0.00527155,4.78953e+06,15.4223,-0.00562973,955232,1767.54,483218,3.04383e+06,125771,4.73067,3694.04,40959.6,11.5886,91.7092,164.586,130000
63.3,-0.00527155,4.78953e+06,15.3607,-0.00562974,955218,1760.5,483206,3.03705e+06,125772,4.71185,3679.92,40977.1,11.5487,91.4369,164.206,130000
63.4,-0.00527155,4.78953e+06,15.2994,-0.00562974,955203,1753.49,483205,3.03028e+06,125774,4.69309,3665.86,40994.6,11.5089,91.1651,163.828,130000
63.5,-0.00527155,4.78953e+06,15.2383,-0.00562974,955189,1746.5,483208,3.02351e+06,125775,4.67442,3651.85,41012,11.4693,90.8937,163.45,130000
63.6,-0.00527155,4.78953e+06,15.1775,-0.00562974,955175,1739.55,483210,3.01675e+06,125777,4.65581,3637.89,41029.3,11.4297,90.6229,163.072,130000
63.7,-0.00527155,4.78953e+06,15.1169,-0.00562974,955161,1732.62,483210,3.00999e+06,125778,4.63728,3623.99,41046.5,11.3903,90.3526,162.695,130000
63.8,-0.00527155,4.78953e+06,15.0566,-0.00562974,955147,1725.72,483211,3.00324e+06,125780,4.61882,3610.14,41063.6,11.3509,90.0828,162.319,130000
63.9,-0.00527155,4.78953e+06,14.9965,-0.00562974,955133,1718.84,483212,2.9965e+06,125781,4.60044,3596.34,41080.6,11.3117,89.8135,161.943,130000
64,-0.00527155,4.78953e+06,14.9366,-0.00562974,955119,1711.99,483213,2.98976e+06,125782,4.58212,3582.6,41097.6,11.2726,89.5447,161.567,130000
64.1,-0.00527155,4.78953e+06,14.877,-0.00562974,955105,1705.17,483213,2.98303e+06,125784,4.56388,3568.91,41114.4,11.2336,89.2764,161.192,130000
64.2,-0.00527155,4.78953e+06,14.8176,-0.00562974,955091,1698.38,483212,2.97631e+06,125785,4.54572,3555.28,41131.2,11.1948,89.0086,160.817,130000
64.3,-0.00527155,4.78953e+06,14.7584,-0.00562974,955077,1691.61,483212,2.96959e+06,125787,4.52762,3541.69,41147.9,11.156,88.7414,160.443,130000
64.4,-0.00527155,4.78953e+06,14.6995,-0.00562974,955063,1684.87,483213,2.96288e+06,125788,4.50959,3528.16,41164.5,11.1173,88.4747,160.07,130000
64.5,-0.00527155,4.78953e+06,14.6407,-0.00562974,955050,1678.15,483213,2.95617e+06,125790,4.49163,3514.67,41181,11.0788,88.2085,159.697,130000
64.6,-0.00527155,4.78953e+06,14.5823,-0.00562974,955036,1671.46,483214,2.94947e+06,125791,4.47374,3501.24,41197.4,11.0404,87.9428,159.324,130000
64.7,-0.00527156,4.78953e+06,14.524,-0.00562974,955022,1664.8,483215,2.94278e+06,125793,4.45593,3487.86,41213.7,11.0021,87.6776,158.952,130000
64.8,-0.00527156,4.78953e+06,14.466,-0.00562974,955009,1658.16,483215,2.9361e+06,125794,4.43818,3474.54,41230,10.9639,87.413,158.581,130000
64.9,-0.00527156,4.78953e+06,14.4083,-0.00562974,954995,1651.55,483215,2.92942e+06,125795,4.42051,3461.26,41246.2,10.9258,87.1488,158.21,130000
65,-0.00527156,4.78953e+06,14.3507,-0.00562974,954982,1644.97,483216,2.92275e+06,125797,4.4029,3448.04,41262.2,10.8878,86.8852,157.84,130000
65.1,-0.00527156,4.78953e+06,14.2934,-0.00562974,954969,1638.41,483216,2.91608e+06,125798,4.38537,3434.87,41278.2,10.85,86.6221,157.47,130000
65.2,-0.00527156,4.78953e+06,14.2363,-0.00562974,954956,1631.88,483216,2.90942e+06,125800,4.36791,3421.75,41294.1,10.8122,86.3595,157.1,130000
65.3,-0.00527156,4.78953e+06,14.1795,-0.00562974,954942,1625.37,483216,2.90277e+06,125801,4.35052,3408.68,41310,10.7746,86.0974,156.732,130000
65.4,-0.00527156,4.78953e+06,14.1229,-0.00562974,954929,1618.89,483216,2.89612e+06,125802,4.33319,3395.66,41325.7,10.7371,85.836,156.363,130000
65.5,-0.00527156,4.78953e+06,14.0664,-0.00562974,954916,1612.43,483217,2.88949e+06,125804,4.31593,3382.69,41341.4,10.6997,85.575,155.996,130000
65.6,-0.00527156,4.78953e+06,14.0102,-0.00562974,954903,1606,483218,2.88286e+06,125805,4.29874,3369.77,41357,10.6624,85.3146,155.628,130000
65.7,-0.00527156,4.78953e+06,13.9543,-0.00562974,954890,1599.59,483218,2.87623e+06,125807,4.28161,3356.9,41372.5,10.6252,85.0547,155.262,130000
65.8,-0.00527156,4.78953e+06,13.8985,-0.00562974,954877,1593.21,483219,2.86962e+06,125808,4.26456,3344.08,41387.9,10.5881,84.7953,154.896,130000
65.9,-0.00527156,4.78953e+06,13.843,-0.00562974,954864,1586.86,483219,2.86301e+06,125809,4.24757,3331.31,41403.2,10.5511,84.5364,154.53,130000
66,-0.00527156,4.78953e+06,13.7878,-0.00562974,954851,1580.53,483220,2.85641e+06,125811,4.23066,3318.6,41418.5,10.5143,84.2781,154.165,130000
66.1,-0.00527156,4.78953e+06,13.7327,-0.00562974,954839,1574.22,483221,2.84981e+06,125812,4.21381,3305.93,41433.6,10.4775,84.0203,153.8,130000
66.2,-0.00527156,4.78953e+06,13.6779,-0.00562974,954826,1567.95,483222,2.84322e+06,125813,4.19703,3293.31,41448.7,10.4409,83.763,153.436,130000
66.3,-0.00527156,4.78953e+06,13.6232,-0.00562974,954813,1561.69,483222,2.83664e+06,125815,4.18031,3280.74,41463.7,10.4044,83.5063,153.073,130000
66.4,-0.00527156,4.78953e+06,13.5688,-0.00562974,954801,1555.46,483223,2.83007e+06,125816,4.16366,3268.21,41478.7,10.368,83.2502,152.71,130000
66.5,-0.00527156,4.78953e+06,13.5146,-0.00562974,954788,1549.25,483224,2.8235e+06,125817,4.14707,3255.74,41493.5,10.3317,82.9946,152.348,130000
66.6,-0.00527156,4.78953e+06,13.4606,-0.00562975,954776,1543.07,483224,2.81695e+06,125819,4.13055,3243.31,41508.3,10.2955,82.7395,151.986,130000
66.7,-0.00527156,4.78953e+06,13.4069,-0.00562975,954763,1536.91,483225,2.8104e+06,125820,4.11409,3230.93,41523,10.2594,82.485,151.625,130000
66.8,-0.00527156,4.78953e+06,13.3533,-0.00562975,954751,1530.78,483225,2.80386e+06,125821,4.0977,3218.6,41537.6,10.2234,82.231,151.264,130000
66.9,-0.00527156,4.78953e+06,13.3,-0.00562975,954739,1524.67,483226,2.79732e+06,125823,4.08138,3206.32,41552.1,10.1875,81.9775,150.904,130000
67,-0.00527156,4.78953e+06,13.2469,-0.00562975,954726,1518.59,483227,2.79079e+06,125824,4.06512,3194.09,41566.6,10.1518,81.7246,150.545,130000
67.1,-0.00527156,4.78953e+06,13.194,-0.00562975,954714,1512.53,483227,2.78427e+06,125825,4.04893,3181.91,41580.9,10.1161,81.4723,150.186,130000
67.2,-0.00527156,4.78953e+06,13.1413,-0.00562975,954702,1506.49,483228,2.77776e+06,125826,4.03281,3169.78,41595.2,10.0806,81.2204,149.827,130000
67.3,-0.00527156,4.78953e+06,13.0888,-0.00562975,954690,1500.48,483228,2.77126e+06,125828,4.01674,3157.69,41609.5,10.0452,80.9692,149.469,130000
67.4,-0.00527156,4.78953e+06,13.0365,-0.00562975,954678,1494.49,483229,2.76476e+06,125829,4.00074,3145.64,41623.6,10.0098,80.7185,149.112,130000
67.5,-0.00527156,4.78953e+06,12.9844,-0.00562975,954666,1488.52,483229,2.75828e+06,125830,3.9848,3133.64,41637.7,9.97463,80.4683,148.755,130000
67.6,-0.00527156,4.78953e+06,12.9326,-0.00562975,954654,1482.58,483230,2.7518e+06,125832,3.96892,3121.69,41651.7,9.93952,80.2187,148.399,130000
67.7,-0.00527156,4.78953e+06,12.8809,-0.00562975,954642,1476.66,483230,2.74532e+06,125833,3.95311,3109.79,41665.6,9.90452,79.9697,148.044,130000
67.8,-0.00527156,4.78953e+06,12.8294,-0.00562975,954630,1470.77,483231,2.73886e+06,125834,3.93736,3097.93,41679.4,9.86963,79.7212,147.689,130000
67.9,-0.00527156,4.78953e+06,12.7782,-0.00562975,954618,1464.9,483231,2.73241e+06,125835,3.92167,3086.12,41693.2,9.83484,79.4732,147.334,130000
68,-0.00527156,4.78953e+06,12.7272,-0.00562975,954607,1459.05,483232,2.72596e+06,125837,3.90605,3074.36,41706.9,9.80017,79.2258,146.98,130000
68.1,-0.00527156,4.78953e+06,12.6764,-0.00562975,954595,1453.23,483232,2.71952e+06,125838,3.89049,3062.64,41720.5,9.7656,78.979,146.627,130000
68.2,-0.00527156,4.78953e+06,12.6258,-0.00562975,954583,1447.43,483233,2.71309e+06,125839,3.875,3050.98,41734,9.73114,78.7327,146.274,130000
68.3,-0.00527156,4.78953e+06,12.5753,-0.00562975,954572,1441.64,483233,2.70667e+06,125840,3.85955,3039.34,41747.5,9.69677,78.487,145.922,130000
68.4,-0.00527156,4.78953e+06,12.525,-0.00562975,954560,1435.88,483233,2.70026e+06,125842,3.84415,3027.75,41760.9,9.6625,78.2418,145.571,130000
68.5,-0.00527156,4.78953e+06,12.4749,-0.00562975,954549,1430.14,483234,2.69385e+06,125843,3.82882,3016.2,41774.2,9.62834,77.9973,145.22,130000
68.6,-0.00527156,4.78953e+06,12.425,-0.00562975,954537,1424.43,483234,2.68746e+06,125844,3.81354,3004.7,41787.5,9.59428,77.7532,144.869,130000
68.7,-0.00527156,4.78953e+06,12.3753,-0.00562975,954526,1418.73,483235,2.68107e+06,125845,3.79833,2993.24,41800.7,9.56032,77.5098,144.52,130000
68.8,-0.00527156,4.78953e+06,12.3258,-0.00562975,954514,1413.06,483235,2.6747e+06,125846,3.78317,2981.82,41813.8,9.52647,77.2669,144.17,130000
68.9,-0.00527156,4.78953e+06,12.2765,-0.00562975,954503,1407.41,483236,2.66833e+06,125848,3.76808,2970.45,41826.9,9.49273,77.0245,143.822,130000
69,-0.00527156,4.78953e+06,12.2274,-0.00562975,954492,1401.78,483236,2.66197e+06,125849,3.75304,2959.12,41839.8,9.45908,76.7828,143.474,130000
69.1,-0.00527156,4.78953e+06,12.1785,-0.00562975,954481,1396.17,483237,2.65562e+06,125850,3.73806,2947.84,41852.7,9.42554,76.5415,143.126,130000
69.2,-0.00527156,4.78953e+06,12.1298,-0.00562975,954469,1390.59,483237,2.64928e+06,125851,3.72314,2936.6,41865.6,9.39211,76.3009,142.78,130000
69.3,-0.00527156,4.78953e+06,12.0812,-0.00562975,954458,1385.02,483237,2.64294e+06,125852,3.70828,2925.4,41878.3,9.35878,76.0608,142.433,130000
69.4,-0.00527156,4.78953e+06,12.0329,-0.00562975,954447,1379.48,483238,2.63662e+06,125854,3.69348,2914.25,41891,9.32555,75.8212,142.088,130000
69.5,-0.00527156,4.78953e+06,11.9848,-0.00562975,954436,1373.97,483238,2.6303e+06,125855,3.67874,2903.14,41903.7,9.29243,75.5823,141.743,130000
69.6,-0.00527156,4.78953e+06,11.9368,-0.00562975,954425,1368.47,483239,2.624e+06,125856,3.66406,2892.08,41916.2,9.25941,75.3439,141.398,130000
69.7,-0.00527156,4.78953e+06,11.8891,-0.00562975,954414,1363,483239,2.6177e+06,125857,3.64943,2881.05,41928.7,9.22649,75.106,141.055,130000
69.8,-0.00527156,4.78953e+06,11.8415,-0.00562975,954403,1357.54,483239,2.61141e+06,125858,3.63487,2870.08,41941.1,9.19368,74.8687,140.711,130000
69.9,-0.00527156,4.78953e+06,11.7941,-0.00562975,954393,1352.11,483240,2.60513e+06,125860,3.62036,2859.14,41953.4,9.16097,74.632,140.369,130000
70,-0.00527156,4.78953e+06,11.7469,-0.00562975,954382,1346.7,483240,2.59886e+06,125861,3.60591,2848.25,41965.7,9.12837,74.3958,140.027,130000
