Time,V,Ap,ApM,I,ThN,ThE,TkN,TkE,B,Ps,Pl,Bm,IgM,IgG,C,NK
0,61,1e+06,0,0,1e+06,0,500000,0,250000,0,0,0,0,0,0,130000
0.1,65.3845,1.00018e+06,0.79597,0.00972206,999997,3.05828,452764,0.0888003,287565,0.0612198,0.142448,0.0287374,0.000178041,3.54836e-06,0.424329,130627
0.2,70.0145,1.00036e+06,1.56085,0.0214421,999988,11.9706,403546,0.366621,313851,0.240506,1.19464,0.243028,0.00140471,5.86105e-05,0.678057,132941
0.3,74.901,1.00054e+06,2.28991,0.033487,999973,26.3221,355226,0.831089,332252,0.5222,4.14654,0.850651,0.00463583,0.00030468,0.922331,137040
0.4,80.0556,1.00071e+06,2.97898,0.0453641,999953,45.6752,310041,1.46029,345135,0.884888,9.9554,2.05969,0.0106542,0.000978135,1.15577,142914
0.5,85.4914,1.00086e+06,3.62452,0.0564659,999927,69.5748,269510,2.22189,354145,1.30632,19.4757,4.06422,0.0200388,0.002407,1.3771,150480
0.6,91.2225,1.00099e+06,4.22372,0.066618,999897,97.5546,234498,3.08187,360458,1.7658,33.4453,7.04018,0.0331891,0.00499148,1.58524,159597
0.7,97.2644,1.0011e+06,4.77456,0.0756543,999862,129.143,205259,4.00993,364892,2.24526,52.4705,11.142,0.0503315,0.00919691,1.77929,170099
0.8,103.634,1.00119e+06,5.2759,0.0835715,999823,163.867,181566,4.98296,368008,2.72971,77.0283,16.502,0.0715437,0.0155408,1.95865,181806
0.9,110.35,1.00126e+06,5.72744,0.0904885,999781,201.264,162882,5.98594,370202,3.20712,107.479,23.2323,0.096786,0.0245787,2.123,194546
1,117.433,1.00132e+06,6.12972,0.0969243,999735,240.883,148503,7.01083,371752,3.66814,144.078,31.4256,0.125927,0.0368923,2.27235,208180
1.1,124.903,1.00136e+06,6.48407,0.101619,999687,282.293,137675,8.05473,372851,4.10576,186.98,41.157,0.158767,0.05308,2.40689,222530
1.2,132.785,1.00139e+06,6.79259,0.10625,999635,325.088,129678,9.11795,373634,4.51514,236.255,52.4842,0.195052,0.0737473,2.5272,237503
1.3,141.104,1.00141e+06,7.05798,0.110111,999582,368.892,123875,10.2019,374196,4.89309,291.894,65.4499,0.234498,0.0994981,2.63403,253000
1.4,149.887,1.00142e+06,7.28338,0.113637,999527,413.362,119728,11.3081,374604,5.23778,353.826,80.0842,0.276802,0.130928,2.7283,268940
1.5,159.161,1.00143e+06,7.47234,0.116743,999470,458.187,116801,12.4372,374908,5.54853,421.925,96.4052,0.321654,0.168618,2.8111,285252
1.6,168.955,1.00144e+06,7.62865,0.119353,999412,503.094,114757,13.5892,375141,5.82572,496.013,114.42,0.368741,0.213132,2.88357,301874
1.7,179.303,1.00145e+06,7.7562,0.122729,999352,547.847,113344,14.7631,375323,6.07048,575.873,134.126,0.417762,0.265007,2.94702,318823
1.8,190.235,1.00145e+06,7.85887,0.1246,999292,592.245,112371,15.9574,375474,6.28451,661.257,155.512,0.468428,0.324759,3.00259,335990
1.9,201.785,1.00145e+06,7.9404,0.127057,999231,636.125,111710,17.1699,375602,6.46997,751.893,178.563,0.520469,0.392866,3.05147,353363
2,213.99,1.00145e+06,8.00428,0.129424,999170,679.356,111266,18.3985,375718,6.6293,847.49,203.255,0.573643,0.469779,3.09483,370950
2.1,226.884,1.00145e+06,8.05371,0.131747,999108,721.832,110968,19.641,375826,6.76505,947.752,229.563,0.627723,0.555914,3.1337,388739
2.2,240.506,1.00145e+06,8.09156,0.134104,999046,763.475,110769,20.8955,375932,6.87983,1052.37,257.457,0.68251,0.65166,3.16902,406724
2.3,254.895,1.00146e+06,8.12022,0.136535,998983,804.231,110638,22.1602,376038,6.97621,1161.05,286.904,0.737833,0.757363,3.20157,424907
2.4,270.089,1.00146e+06,8.14184,0.139096,998921,844.062,110551,23.4338,376147,7.05667,1273.48,317.873,0.793536,0.873345,3.23207,443294
2.5,286.13,1.00145e+06,8.1582,0.141702,998858,882.945,110493,24.7151,376260,7.12354,1389.37,350.329,0.849488,0.999895,3.2611,461889
2.6,303.061,1.00145e+06,8.17057,0.144474,998795,920.869,110454,26.0031,376379,7.17894,1508.42,384.237,0.905578,1.13727,3.28909,480702
2.7,320.923,1.00145e+06,8.18008,0.147214,998732,957.837,110429,27.2972,376505,7.22475,1630.36,419.562,0.961714,1.2857,3.31642,499728
2.8,339.762,1.00145e+06,8.18762,0.15023,998669,993.855,110411,28.597,376639,7.26267,1754.93,456.27,1.01782,1.44538,3.34339,518989
2.9,359.622,1.00145e+06,8.19377,0.153575,998606,1028.94,110399,29.902,376781,7.29417,1881.86,494.328,1.07383,1.61647,3.37024,538507
3,380.551,1.00145e+06,8.19888,0.15668,998543,1063.1,110391,31.2121,376932,7.32046,2010.91,533.701,1.1297,1.79914,3.39706,558273
3.1,402.595,1.00145e+06,8.20322,0.160122,998480,1096.36,110386,32.5273,377093,7.34257,2141.85,574.357,1.18539,1.99348,3.42396,578299
3.2,425.804,1.00145e+06,8.20698,0.163666,998417,1128.74,110382,33.8473,377264,7.36131,2274.46,616.266,1.24087,2.1996,3.45101,598594
3.3,450.226,1.00145e+06,8.21032,0.167405,998354,1160.26,110380,35.1722,377446,7.3774,2408.54,659.395,1.2961,2.41758,3.47827,619171
3.4,475.913,1.00145e+06,8.21334,0.171284,998291,1190.93,110378,36.5018,377640,7.39139,2543.87,703.716,1.35109,2.64746,3.5058,640037
3.5,502.916,1.00145e+06,8.21609,0.175225,998227,1220.79,110377,37.8364,377845,7.40375,2680.3,749.199,1.4058,2.88928,3.53362,661195
3.6,531.288,1.00145e+06,8.21863,0.179492,998164,1249.85,110377,39.1757,378062,7.41483,2817.62,795.817,1.46023,3.14305,3.56175,682663
3.7,561.08,1.00145e+06,8.22098,0.183454,998101,1278.13,110376,40.5199,378293,7.42494,2955.7,843.541,1.51438,3.40878,3.59019,704412
3.8,592.347,1.00145e+06,8.22315,0.188288,998038,1305.66,110376,41.8689,378537,7.4343,3094.36,892.347,1.56823,3.68645,3.619,726509
3.9,625.142,1.00145e+06,8.22518,0.192855,997975,1332.44,110376,43.2229,378795,7.44313,3233.46,942.209,1.62178,3.97602,3.64821,748948
4,659.519,1.00145e+06,8.22706,0.197338,997911,1358.5,110376,44.5818,379068,7.45156,3372.88,993.101,1.67503,4.27745,3.67773,771674
4.1,695.534,1.00145e+06,8.22881,0.202052,997848,1383.86,110376,45.9456,379356,7.45972,3512.48,1045,1.72798,4.59069,3.70758,794692
4.2,733.239,1.00144e+06,8.23044,0.207029,997785,1408.54,110376,47.3144,379659,7.4677,3652.15,1097.89,1.78064,4.91565,3.73776,818007
4.3,772.69,1.00144e+06,8.23195,0.211794,997722,1432.56,110375,48.6881,379979,7.4756,3791.78,1151.74,1.83299,5.25227,3.7683,841627
4.4,813.939,1.00144e+06,8.23337,0.217291,997658,1455.92,110375,50.0668,380316,7.48349,3931.26,1206.53,1.88505,5.60044,3.79921,865567
4.5,857.04,1.00144e+06,8.23468,0.222572,997595,1478.65,110375,51.4505,380670,7.49141,4070.51,1262.24,1.93682,5.96008,3.8305,889827
4.6,902.045,1.00144e+06,8.23591,0.227974,997532,1500.77,110375,52.8392,381042,7.49943,4209.42,1318.85,1.98829,6.33106,3.86215,914395
4.7,949.005,1.00144e+06,8.23706,0.233562,997468,1522.29,110375,54.2329,381433,7.50758,4347.94,1376.35,2.03947,6.71329,3.89415,939265
4.8,997.969,1.00144e+06,8.23813,0.239237,997405,1543.23,110375,55.6317,381843,7.51591,4485.97,1434.71,2.09037,7.10662,3.92651,964432
4.9,1048.99,1.00144e+06,8.23912,0.244995,997342,1563.6,110375,57.0355,382272,7.52444,4623.45,1493.92,2.14099,7.51094,3.95921,989892
5,1102.1,1.00144e+06,8.24005,0.251022,997278,1583.42,110375,58.4442,382723,7.5332,4760.32,1553.96,2.19132,7.92611,3.99227,1.01564e+06
5.1,1157.36,1.00144e+06,8.24091,0.25701,997215,1602.7,110375,59.858,383194,7.54223,4896.52,1614.81,2.24139,8.35199,4.02565,1.04167e+06
5.2,1214.81,1.00143e+06,8.24172,0.26271,997152,1621.45,110375,61.2767,383687,7.55154,5032.01,1676.47,2.29118,8.78844,4.05934,1.06795e+06
5.3,1274.47,1.00143e+06,8.24247,0.269283,997089,1639.7,110375,62.7004,384202,7.56115,5166.73,1738.91,2.34071,9.2353,4.09331,1.09447e+06
5.4,1336.4,1.00143e+06,8.24316,0.275977,997025,1657.45,110375,64.129,384740,7.57109,5300.64,1802.12,2.38998,9.69244,4.12764,1.12128e+06
5.5,1400.62,1.00143e+06,8.24381,0.28199,996962,1674.71,110375,65.5624,385301,7.58138,5433.71,1866.09,2.43899,10.1597,4.16223,1.14831e+06
5.6,1467.16,1.00143e+06,8.24441,0.288606,996899,1691.51,110375,67.0007,385886,7.59203,5565.9,1930.8,2.48775,10.6369,4.19708,1.17556e+06
5.7,1536.06,1.00143e+06,8.24496,0.295501,996835,1707.85,110375,68.4436,386495,7.60306,5697.18,1996.25,2.53626,11.1238,4.23222,1.20305e+06
5.8,1607.34,1.00143e+06,8.24548,0.3024,996772,1723.76,110375,69.8912,387130,7.6145,5827.52,2062.41,2.58454,11.6202,4.26759,1.23073e+06
5.9,1680.99,1.00142e+06,8.24596,0.309276,996709,1739.23,110375,71.3434,387791,7.62635,5956.91,2129.28,2.63259,12.1261,4.3032,1.2586e+06
6,1757.04,1.00142e+06,8.2464,0.316221,996645,1754.28,110375,72.8002,388476,7.63861,6085.35,2196.85,2.6804,12.6414,4.33903,1.28666e+06
6.1,1835.48,1.00142e+06,8.2468,0.323283,996582,1768.93,110375,74.2612,389189,7.65133,6212.81,2265.11,2.728,13.1656,4.37504,1.31487e+06
6.2,1916.31,1.00142e+06,8.24717,0.330434,996519,1783.16,110375,75.7267,389927,7.66447,6339.3,2334.07,2.77536,13.699,4.41124,1.34324e+06
6.3,1999.51,1.00142e+06,8.24752,0.337642,996456,1797.02,110375,77.1963,390693,7.67809,6464.78,2403.69,2.82252,14.2411,4.44757,1.37172e+06
6.4,2085.09,1.00142e+06,8.24783,0.34492,996392,1810.49,110375,78.67,391486,7.69217,6589.28,2473.98,2.86947,14.7919,4.48405,1.40032e+06
6.5,2173.01,1.00141e+06,8.24812,0.35227,996329,1823.59,110375,80.1476,392306,7.70674,6712.77,2544.93,2.91621,15.3512,4.52063,1.42901e+06
6.6,2263.25,1.00141e+06,8.24838,0.359691,996266,1836.34,110375,81.629,393154,7.72179,6835.27,2616.53,2.96276,15.9189,4.5573,1.45778e+06
6.7,2355.78,1.00141e+06,8.24861,0.367171,996202,1848.72,110375,83.1142,394030,7.73733,6956.77,2688.78,3.00912,16.4948,4.59405,1.48661e+06
6.8,2450.53,1.00141e+06,8.24882,0.374682,996139,1860.78,110375,84.6026,394933,7.75339,7077.28,2761.67,3.05529,17.0787,4.63082,1.51546e+06
6.9,2547.52,1.00141e+06,8.24901,0.382239,996076,1872.49,110375,86.0946,395865,7.76995,7196.79,2835.2,3.10127,17.6706,4.66763,1.54436e+06
7,2646.56,1.0014e+06,8.24918,0.389842,996013,1883.89,110375,87.5895,396824,7.78703,7315.33,2909.34,3.14709,18.27,4.7044,1.57322e+06
7.1,2747.73,1.0014e+06,8.24933,0.397492,995949,1894.97,110375,89.0874,397811,7.80462,7432.89,2984.12,3.19273,18.8772,4.74116,1.60209e+06
7.2,2850.86,1.0014e+06,8.24946,0.40515,995886,1905.75,110375,90.5881,398826,7.82274,7549.48,3059.51,3.23821,19.4918,4.77785,1.6309e+06
7.3,2955.88,1.0014e+06,8.24957,0.412801,995823,1916.23,110375,92.0912,399868,7.84138,7665.12,3135.51,3.28354,20.1136,4.81445,1.65965e+06
7.4,3062.78,1.0014e+06,8.24966,0.420466,995760,1926.42,110375,93.5969,400937,7.86054,7779.81,3212.12,3.3287,20.7426,4.85097,1.68833e+06
7.5,3171.29,1.0014e+06,8.24975,0.42817,995696,1936.33,110375,95.1044,402033,7.88023,7893.58,3289.34,3.37373,21.3785,4.88732,1.7169e+06
7.6,3281.53,1.00139e+06,8.24983,0.435903,995633,1945.96,110375,96.614,403155,7.90043,8006.41,3367.16,3.41861,22.0215,4.92356,1.74536e+06
7.7,3393.11,1.00139e+06,8.2499,0.443589,995570,1955.33,110375,98.125,404301,7.92114,8118.36,3445.57,3.46336,22.671,4.95958,1.77367e+06
7.8,3506.14,1.00139e+06,8.24995,0.451249,995507,1964.43,110375,99.6376,405473,7.94237,8229.4,3524.57,3.50798,23.3271,4.99542,1.80183e+06
7.9,3620.37,1.00139e+06,8.24997,0.458834,995443,1973.29,110375,101.151,406668,7.96408,8339.56,3604.17,3.55247,23.9898,5.031,1.82979e+06
8,3735.62,1.00138e+06,8.24993,0.466305,995380,1981.9,110375,102.666,407886,7.98627,8448.86,3684.35,3.59684,24.6586,5.06628,1.85754e+06
8.1,3851.91,1.00138e+06,8.24983,0.473708,995317,1990.26,110375,104.181,409126,8.00893,8557.29,3765.11,3.64109,25.3338,5.10127,1.88507e+06
8.2,3968.78,1.00138e+06,8.24967,0.481141,995254,1998.4,110375,105.697,410386,8.032,8664.9,3846.45,3.68524,26.0149,5.1359,1.91234e+06
8.3,4086.44,1.00138e+06,8.24945,0.488557,995191,2006.31,110375,107.213,411666,8.05552,8771.67,3928.36,3.72927,26.7021,5.17022,1.93937e+06
8.4,4204.32,1.00138e+06,8.24946,0.49588,995127,2014,110375,108.728,412963,8.07948,8877.63,4010.85,3.77321,27.3949,5.20424,1.96611e+06
8.5,4322.52,1.00137e+06,8.24966,0.503122,995064,2021.47,110375,110.243,414277,8.10388,8982.77,4093.9,3.81705,28.0935,5.23796,1.99257e+06
8.6,4440.77,1.00137e+06,8.24984,0.510249,995001,2028.74,110375,111.758,415605,8.12868,9087.12,4177.52,3.8608,28.7977,5.27129,2.01872e+06
8.7,4558.73,1.00137e+06,8.24984,0.517219,994938,2035.8,110375,113.272,416946,8.15382,9190.68,4261.7,3.90446,29.5073,5.30412,2.04453e+06
8.8,4676.53,1.00137e+06,8.24977,0.524057,994875,2042.67,110375,114.785,418299,8.17932,9293.46,4346.43,3.94803,30.2223,5.33652,2.07002e+06
8.9,4793.45,1.00137e+06,8.24973,0.530747,994812,2049.34,110375,116.296,419659,8.20508,9395.46,4431.72,3.99152,30.9424,5.36844,2.09512e+06
9,4909.81,1.00136e+06,8.24968,0.537297,994748,2055.83,110375,117.806,421028,8.23113,9496.69,4517.55,4.03493,31.6677,5.39991,2.11986e+06
9.1,5024.95,1.00136e+06,8.24961,0.543673,994685,2062.14,110375,119.314,422399,8.25738,9597.15,4603.92,4.07826,32.3979,5.43086,2.14421e+06
9.2,5138.89,1.00136e+06,8.24952,0.549877,994622,2068.27,110375,120.82,423773,8.28383,9696.84,4690.83,4.12152,33.1331,5.46129,2.16815e+06
9.3,5251.41,1.00136e+06,8.24944,0.555897,994559,2074.22,110375,122.324,425147,8.31043,9795.77,4778.27,4.16471,33.873,5.49121,2.19169e+06
9.4,5362.05,1.00136e+06,8.24937,0.561709,994496,2080.02,110375,123.825,426515,8.33711,9893.92,4866.24,4.20783,34.6175,5.52059,2.2148e+06
9.5,5471,1.00136e+06,8.24932,0.567324,994433,2085.64,110375,125.324,427881,8.3639,9991.29,4954.73,4.25087,35.3667,5.54943,2.23748e+06
9.6,5577.35,1.00135e+06,8.24925,0.572697,994370,2091.12,110375,126.819,429232,8.39062,10087.9,5043.71,4.29385,36.1202,5.57769,2.2597e+06
9.7,5681.34,1.00135e+06,8.24918,0.577839,994306,2096.43,110375,128.311,430572,8.41731,10183.6,5133.2,4.33676,36.878,5.60538,2.28148e+06
9.8,5782.85,1.00135e+06,8.2491,0.582745,994243,2101.6,110375,129.801,431899,8.44395,10278.6,5223.2,4.3796,37.6401,5.63249,2.30281e+06
9.9,5881.7,1.00135e+06,8.24901,0.587405,994180,2106.62,110375,131.287,433211,8.4705,10372.8,5313.68,4.42237,38.4064,5.65902,2.32368e+06
10,5977.22,1.00135e+06,8.24893,0.591779,994117,2111.49,110375,132.77,434498,8.49679,10466.1,5404.64,4.46506,39.1766,5.68495,2.34408e+06
10.1,6069.48,1.00135e+06,8.24884,0.595872,994054,2116.23,110375,134.249,435761,8.52284,10558.6,5496.06,4.50769,39.9507,5.71028,2.36401e+06
10.2,6158.29,1.00134e+06,8.24876,0.599675,993991,2120.83,110375,135.724,436998,8.54861,10650.2,5587.95,4.55024,40.7287,5.73501,2.38346e+06
10.3,6243.42,1.00134e+06,8.24867,0.603175,993928,2125.3,110375,137.196,438206,8.57405,10740.9,5680.3,4.59272,41.5104,5.75912,2.40243e+06
10.4,6324.54,1.00134e+06,8.2486,0.606361,993865,2129.65,110375,138.663,439378,8.59902,10830.7,5773.07,4.63512,42.2956,5.78264,2.42092e+06
10.5,6401.48,1.00134e+06,8.24855,0.609222,993802,2133.87,110375,140.127,440513,8.62352,10919.5,5866.27,4.67744,43.0842,5.80554,2.43893e+06
10.6,6474.03,1.00134e+06,8.24851,0.611748,993739,2137.97,110375,141.587,441608,8.64748,11007.4,5959.88,4.71967,43.8761,5.82783,2.45646e+06
10.7,6541.99,1.00134e+06,8.24848,0.613929,993676,2141.95,110375,143.042,442658,8.67084,11094.2,6053.9,4.76182,44.6713,5.84951,2.47349e+06
10.8,6605.29,1.00134e+06,8.24841,0.615768,993613,2145.82,110375,144.494,443660,8.69348,11180,6148.29,4.80386,45.4695,5.87057,2.49006e+06
10.9,6663.64,1.00134e+06,8.2483,0.617249,993549,2149.58,110375,145.942,444611,8.71538,11264.7,6243.05,4.84581,46.2706,5.89102,2.50615e+06
11,6716.86,1.00134e+06,8.24816,0.618363,993486,2153.23,110375,147.385,445507,8.73645,11348.3,6338.17,4.88765,47.0745,5.91084,2.52176e+06
11.1,6764.8,1.00133e+06,8.24803,0.619101,993423,2156.77,110375,148.824,446345,8.75665,11430.8,6433.63,4.92938,47.8811,5.93006,2.53689e+06
11.2,6807.5,1.00133e+06,8.24806,0.619447,993360,2160.22,110375,150.26,447124,8.77595,11512,6529.41,4.97098,48.6902,5.94875,2.55156e+06
11.3,6844.67,1.00133e+06,8.2482,0.619394,993297,2163.57,110375,151.691,447839,8.79426,11592,6625.48,5.01246,49.5017,5.96689,2.56577e+06
11.4,6876.17,1.00133e+06,8.24848,0.618933,993234,2166.83,110375,153.119,448488,8.81153,11670.7,6721.85,5.05381,50.3155,5.98448,2.57952e+06
11.5,6901.91,1.00133e+06,8.24874,0.618071,993171,2169.99,110375,154.543,449068,8.82767,11748.1,6818.49,5.09502,51.1313,6.00149,2.59281e+06
11.6,6922.04,1.00133e+06,8.24846,0.616851,993108,2173.06,110375,155.964,449579,8.84254,11824.1,6915.37,5.13606,51.9491,6.01779,2.60568e+06
11.7,6936.28,1.00133e+06,8.24786,0.615246,993045,2176.03,110375,157.381,450018,8.85611,11898.7,7012.48,5.17695,52.7687,6.03342,2.61811e+06
11.8,6944.55,1.00133e+06,8.24685,0.613255,992982,2178.92,110375,158.794,450381,8.8683,11971.8,7109.8,5.21766,53.5899,6.04838,2.63012e+06
11.9,6946.85,1.00133e+06,8.24597,0.610855,992919,2181.73,110375,160.204,450668,8.87919,12043.3,7207.32,5.25819,54.4127,6.06285,2.64171e+06
12,6943.38,1.00133e+06,8.24684,0.607972,992856,2184.47,110375,161.612,450880,8.88911,12113.3,7305,5.29853,55.2367,6.07735,2.65287e+06
12.1,6933.94,1.00133e+06,8.24881,0.604633,992793,2187.14,110375,163.018,451013,8.89787,12181.7,7402.83,5.33868,56.0618,6.09169,2.66362e+06
12.2,6918.49,1.00133e+06,8.25214,0.600821,992730,2189.75,110375,164.422,451066,8.90545,12248.5,7500.79,5.37861,56.888,6.10595,2.67397e+06
12.3,6897.03,1.00133e+06,8.25558,0.596601,992667,2192.3,110375,165.823,451039,8.91169,12313.5,7598.87,5.41832,57.715,6.11975,2.68392e+06
12.4,6869.68,1.00133e+06,8.25416,0.592217,992604,2194.76,110375,167.222,450932,8.91601,12376.8,7697.03,5.45781,58.5426,6.13152,2.6935e+06
12.5,6836.46,1.00134e+06,8.24823,0.587647,992541,2197.13,110375,168.618,450746,8.91833,12438.3,7795.26,5.49704,59.3706,6.14137,2.70274e+06
12.6,6797.51,1.00134e+06,8.24752,0.582331,992478,2199.43,110375,170.013,450481,8.91884,12498,7893.54,5.53602,60.199,6.15241,2.71162e+06
12.7,6752.96,1.00134e+06,8.24817,0.576678,992415,2201.65,110375,171.405,450137,8.91776,12555.8,7991.84,5.57472,61.0274,6.1635,2.72016e+06
12.8,6702.93,1.00134e+06,8.24848,0.570765,992352,2203.81,110375,172.796,449715,8.91525,12611.7,8090.15,5.61314,61.8557,6.17408,2.72836e+06
12.9,6647.56,1.00134e+06,8.24836,0.564437,992290,2205.91,110375,174.187,449217,8.91131,12665.6,8188.44,5.65126,62.6837,6.18407,2.73624e+06
13,6586.99,1.00134e+06,8.24834,0.55778,992227,2207.95,110375,175.577,448645,8.90591,12717.6,8286.7,5.68908,63.5112,6.19371,2.7438e+06
13.1,6521.38,1.00134e+06,8.24844,0.550791,992164,2209.93,110375,176.966,448001,8.89906,12767.6,8384.9,5.72657,64.338,6.20299,2.75106e+06
13.2,6450.92,1.00134e+06,8.24848,0.543491,992101,2211.85,110375,178.355,447287,8.89079,12815.5,8483.03,5.76374,65.1639,6.21187,2.75802e+06
13.3,6375.78,1.00134e+06,8.24856,0.53589,992038,2213.71,110375,179.745,446506,8.8811,12861.5,8581.07,5.80058,65.9887,6.22041,2.76469e+06
13.4,6296.12,1.00135e+06,8.24878,0.528,991975,2215.52,110375,181.134,445660,8.87,12905.4,8679,5.83707,66.8123,6.22864,2.77109e+06
13.5,6212.21,1.00135e+06,8.24888,0.51984,991912,2217.28,110375,182.525,444752,8.85756,12947.2,8776.8,5.8732,67.6343,6.23649,2.77721e+06
13.6,6124.21,1.00135e+06,8.24899,0.51142,991849,2218.99,110375,183.916,443784,8.84378,12987,8874.47,5.90896,68.4548,6.24401,2.78308e+06
13.7,6032.29,1.00135e+06,8.24912,0.502755,991786,2220.65,110375,185.308,442760,8.82869,13024.6,8971.98,5.94435,69.2733,6.25123,2.78871e+06
13.8,5936.78,1.00135e+06,8.24919,0.493866,991723,2222.26,110375,186.701,441684,8.81237,13060.3,9069.32,5.97936,70.0898,6.25812,2.79409e+06
13.9,5837.84,1.00135e+06,8.24923,0.484767,991660,2223.82,110375,188.096,440559,8.79484,13093.8,9166.48,6.01398,70.904,6.2647,2.79923e+06
14,5735.69,1.00136e+06,8.24923,0.475473,991597,2225.34,110375,189.492,439387,8.77614,13125.2,9263.43,6.0482,71.7158,6.27099,2.80416e+06
14.1,5630.63,1.00136e+06,8.24924,0.466005,991535,2226.81,110375,190.89,438173,8.75637,13154.7,9360.18,6.08201,72.525,6.27701,2.80887e+06
14.2,5522.88,1.00136e+06,8.24925,0.456378,991472,2228.23,110375,192.291,436921,8.73557,13182,9456.71,6.11542,73.3314,6.28277,2.81338e+06
14.3,5412.66,1.00136e+06,8.24927,0.446608,991409,2229.62,110375,193.693,435633,8.71379,13207.4,9553.01,6.1484,74.1347,6.28827,2.81768e+06
14.4,5300.25,1.00136e+06,8.24932,0.436717,991346,2230.96,110375,195.098,434314,8.69115,13230.7,9649.06,6.18096,74.9349,6.29354,2.8218e+06
14.5,5185.89,1.00137e+06,8.2494,0.426721,991283,2232.26,110375,196.506,432968,8.66768,13252.1,9744.87,6.2131,75.7318,6.29859,2.82573e+06
14.6,5069.83,1.00137e+06,8.24953,0.416638,991220,2233.53,110375,197.916,431598,8.64346,13271.5,9840.41,6.2448,76.5251,6.30343,2.82948e+06
14.7,4952.3,1.00137e+06,8.24964,0.406484,991157,2234.75,110375,199.33,430207,8.61858,13289.1,9935.71,6.27608,77.3148,6.30805,2.83306e+06
14.8,4833.55,1.00137e+06,8.24978,0.396278,991095,2235.94,110375,200.746,428800,8.59311,13304.8,10030.7,6.30693,78.1006,6.31247,2.83648e+06
14.9,4713.82,1.00137e+06,8.24994,0.386037,991032,2237.09,110375,202.165,427379,8.5671,13318.7,10125.5,6.33734,78.8825,6.3167,2.83975e+06
15,4593.37,1.00138e+06,8.25013,0.375779,990969,2238.21,110375,203.588,425949,8.54063,13330.7,10219.9,6.3673,79.6601,6.32075,2.84286e+06
15.1,4472.4,1.00138e+06,8.25031,0.365519,990906,2239.3,110375,205.014,424512,8.51376,13341,10314.1,6.39682,80.4334,6.32461,2.84584e+06
15.2,4351.09,1.00138e+06,8.2504,0.355268,990843,2240.35,110375,206.443,423071,8.48652,13349.6,10408,6.42591,81.2024,6.32827,2.84867e+06
15.3,4229.71,1.00138e+06,8.25045,0.345046,990780,2241.37,110375,207.875,421630,8.45902,13356.6,10501.7,6.45456,81.9668,6.33174,2.85137e+06
15.4,4108.5,1.00139e+06,8.25045,0.33487,990718,2242.36,110375,209.312,420192,8.4313,13361.9,10595,6.48277,82.7264,6.33504,2.85394e+06
15.5,3987.69,1.00139e+06,8.25039,0.324757,990655,2243.32,110375,210.752,418760,8.40343,13365.7,10688,6.51054,83.4812,6.33817,2.8564e+06
15.6,3867.35,1.00139e+06,8.2503,0.314712,990592,2244.25,110375,212.195,417335,8.37544,13367.9,10780.7,6.53787,84.231,6.34114,2.85873e+06
15.7,3747.65,1.00139e+06,8.25017,0.304747,990529,2245.15,110375,213.641,415919,8.34739,13368.8,10873.2,6.56477,84.9758,6.34395,2.86096e+06
15.8,3628.86,1.00139e+06,8.24998,0.294882,990466,2246.01,110375,215.092,414515,8.31933,13368.2,10965.4,6.59125,85.7155,6.34661,2.86308e+06
15.9,3511.2,1.0014e+06,8.24975,0.28513,990404,2246.85,110375,216.545,413128,8.29134,13366.3,11057.2,6.61729,86.4498,6.34913,2.8651e+06
16,3394.85,1.0014e+06,8.24945,0.275508,990341,2247.66,110375,218.003,411759,8.26347,13363.1,11148.8,6.64289,87.1786,6.3515,2.86702e+06
16.1,3279.75,1.0014e+06,8.24923,0.266007,990278,2248.45,110375,219.463,410406,8.23575,13358.6,11240.1,6.66809,87.9021,6.35378,2.86885e+06
16.2,3166.16,1.0014e+06,8.24904,0.256648,990215,2249.2,110375,220.927,409074,8.20824,13353,11331.1,6.69288,88.6201,6.35596,2.87059e+06
16.3,3054.29,1.00141e+06,8.24889,0.247445,990152,2249.94,110375,222.394,407766,8.18101,13346.3,11421.9,6.71725,89.3324,6.35803,2.87224e+06
16.4,2944.3,1.00141e+06,8.24878,0.23841,990090,2250.64,110375,223.865,406482,8.1541,13338.5,11512.3,6.74121,90.039,6.36003,2.87382e+06
16.5,2836.32,1.00141e+06,8.24873,0.229552,990027,2251.32,110375,225.339,405226,8.12757,13329.8,11602.5,6.76477,90.7398,6.36194,2.87532e+06
16.6,2730.04,1.00141e+06,8.24872,0.220846,989964,2251.98,110375,226.816,403990,8.10139,13320.1,11692.5,6.78795,91.4349,6.36377,2.87674e+06
16.7,2625.84,1.00141e+06,8.24878,0.21232,989901,2252.62,110375,228.296,402781,8.07565,13309.5,11782.2,6.81074,92.1241,6.36554,2.87809e+06
16.8,2523.84,1.00142e+06,8.24892,0.203983,989839,2253.24,110375,229.78,401600,8.05039,13298,11871.6,6.83314,92.8074,6.36724,2.87937e+06
16.9,2424.15,1.00142e+06,8.24914,0.195842,989776,2253.84,110375,231.266,400447,8.02567,13285.8,11960.8,6.85517,93.4847,6.36888,2.88059e+06
17,2326.78,1.00142e+06,8.24942,0.187899,989713,2254.42,110375,232.755,399324,8.00147,13272.9,12049.7,6.87683,94.156,6.37047,2.88174e+06
17.1,2231.61,1.00142e+06,8.24969,0.180146,989651,2254.98,110375,234.246,398229,7.97776,13259.3,12138.4,6.89814,94.8214,6.37198,2.88284e+06
17.2,2138.88,1.00142e+06,8.24999,0.1726,989588,2255.52,110375,235.74,397164,7.95462,13245.1,12226.8,6.91909,95.4808,6.37343,2.88388e+06
17.3,2048.65,1.00142e+06,8.25032,0.165264,989525,2256.05,110375,237.237,396131,7.93209,13230.3,12315.1,6.9397,96.1341,6.37482,2.88487e+06
17.4,1961.02,1.00143e+06,8.25068,0.158147,989462,2256.56,110375,238.736,395130,7.91019,13215.1,12403.1,6.95997,96.7813,6.37615,2.8858e+06
17.5,1875.83,1.00143e+06,8.25099,0.151232,989400,2257.06,110375,240.238,394158,7.88885,13199.3,12490.9,6.97991,97.4224,6.37741,2.88669e+06
17.6,1793.02,1.00143e+06,8.25119,0.144514,989337,2257.53,110375,241.741,393215,7.86802,13183.1,12578.5,6.99953,98.0575,6.37856,2.88753e+06
17.7,1712.77,1.00143e+06,8.25132,0.138006,989274,2258,110375,243.246,392302,7.84778,13166.6,12665.9,7.01883,98.6866,6.37964,2.88832e+06
17.8,1635.09,1.00143e+06,8.25134,0.13171,989212,2258.44,110375,244.753,391421,7.82813,13149.7,12753.1,7.03782,99.3096,6.38063,2.88907e+06
17.9,1560.03,1.00143e+06,8.25124,0.125626,989149,2258.87,110375,246.261,390570,7.80908,13132.6,12840.1,7.05651,99.9264,6.38153,2.88978e+06
18,1487.37,1.00143e+06,8.25095,0.119743,989086,2259.28,110375,247.77,389748,7.79049,13115.1,12926.9,7.07491,100.537,6.38231,2.89045e+06
18.1,1417.15,1.00144e+06,8.25043,0.114063,989023,2259.67,110375,249.281,388955,7.77237,13097.5,13013.6,7.09301,101.142,6.38298,2.89109e+06
18.2,1349.43,1.00144e+06,8.24968,0.108589,988961,2260.05,110375,250.792,388191,7.75474,13079.7,13100.1,7.11084,101.741,6.38352,2.89169e+06
18.3,1284.22,1.00144e+06,8.24867,0.103321,988898,2260.4,110375,252.303,387456,7.7376,13061.7,13186.4,7.12839,102.334,6.38394,2.89225e+06
18.4,1221.49,1.00144e+06,8.24738,0.098258,988836,2260.73,110375,253.815,386751,7.72091,13043.7,13272.6,7.14567,102.921,6.38423,2.89279e+06
18.5,1160.99,1.00144e+06,8.24582,0.0933741,988773,2261.04,110375,255.327,386071,7.70456,13025.5,13358.6,7.16269,103.502,6.38438,2.89329e+06
18.6,1102.84,1.00144e+06,8.24394,0.0886803,988710,2261.32,110375,256.839,385419,7.68857,13007.3,13444.4,7.17944,104.077,6.3844,2.89377e+06
18.7,1047.01,1.00144e+06,8.24173,0.084174,988648,2261.58,110375,258.35,384793,7.67293,12989.1,13530.1,7.19594,104.647,6.38427,2.89422e+06
18.8,993.468,1.00144e+06,8.23915,0.0798524,988585,2261.8,110375,259.86,384192,7.65762,12970.8,13615.7,7.2122,105.21,6.384,2.89464e+06
18.9,942.154,1.00145e+06,8.23624,0.075711,988523,2262,110375,261.369,383618,7.6426,12952.7,13701.1,7.22821,105.768,6.38357,2.89504e+06
19,892.915,1.00145e+06,8.23309,0.071741,988460,2262.17,110375,262.876,383067,7.62786,12934.5,13786.4,7.24397,106.32,6.38304,2.89541e+06
19.1,845.782,1.00145e+06,8.22962,0.0679426,988398,2262.3,110375,264.382,382540,7.61337,12916.4,13871.6,7.2595,106.867,6.38238,2.89576e+06
19.2,800.712,1.00145e+06,8.22583,0.0643121,988335,2262.4,110375,265.886,382036,7.59912,12898.3,13956.7,7.2748,107.407,6.38159,2.89609e+06
19.3,757.661,1.00145e+06,8.22171,0.0608459,988273,2262.46,110375,267.388,381555,7.58507,12880.4,14041.6,7.28987,107.943,6.38066,2.8964e+06
19.4,716.54,1.00145e+06,8.21738,0.0575354,988210,2262.49,110375,268.887,381096,7.57126,12862.6,14126.5,7.30471,108.472,6.37964,2.89669e+06
19.5,677.262,1.00145e+06,8.21295,0.054372,988148,2262.48,110375,270.384,380658,7.55773,12844.9,14211.2,7.31933,108.997,6.37856,2.89697e+06
19.6,639.807,1.00145e+06,8.20834,0.0513549,988086,2262.44,110375,271.878,380240,7.54441,12827.4,14295.8,7.33374,109.516,6.3774,2.89722e+06
19.7,604.121,1.00145e+06,8.20358,0.0484794,988023,2262.35,110375,273.369,379841,7.53131,12810,14380.3,7.34792,110.029,6.37617,2.89746e+06
19.8,570.149,1.00145e+06,8.19869,0.0457405,987961,2262.23,110375,274.856,379462,7.51841,12792.8,14464.7,7.3619,110.537,6.37489,2.89769e+06
19.9,537.812,1.00145e+06,8.19389,0.0431347,987899,2262.08,110375,276.341,379101,7.50584,12775.7,14549,7.37568,111.04,6.3736,2.8979e+06
20,507.054,1.00145e+06,8.18919,0.0406573,987837,2261.89,110375,277.822,378758,7.49361,12758.8,14633.2,7.38925,111.538,6.37234,2.89809e+06
20.1,477.823,1.00145e+06,8.1846,0.0383034,987775,2261.67,110375,279.3,378432,7.48168,12742.1,14717.4,7.40262,112.031,6.37109,2.89828e+06
20.2,450.063,1.00145e+06,8.18017,0.0360683,987713,2261.41,110375,280.774,378122,7.47007,12725.5,14801.4,7.41579,112.518,6.36988,2.89845e+06
20.3,423.716,1.00145e+06,8.17594,0.0339476,987651,2261.12,110375,282.244,377827,7.45879,12709.2,14885.3,7.42878,113,6.36873,2.89861e+06
20.4,398.732,1.00146e+06,8.17214,0.0319347,987589,2260.82,110375,283.711,377548,7.44804,12693.1,14969.2,7.44158,113.478,6.36769,2.89875e+06
20.5,375.05,1.00146e+06,8.16874,0.0300257,987527,2260.49,110375,285.175,377284,7.43777,12677.1,15053,7.45421,113.95,6.36678,2.89889e+06
20.6,352.614,1.00146e+06,8.1658,0.0282159,987465,2260.15,110375,286.635,377033,7.42799,12661.4,15136.7,7.46665,114.418,6.366,2.89902e+06
20.7,331.366,1.00146e+06,8.1634,0.0265006,987403,2259.78,110375,288.091,376795,7.41873,12645.9,15220.3,7.47893,114.881,6.36539,2.89914e+06
20.8,311.256,1.00146e+06,8.16159,0.024876,987341,2259.4,110375,289.544,376570,7.41006,12630.6,15303.9,7.49104,115.339,6.36496,2.89925e+06
20.9,292.261,1.00146e+06,8.16046,0.0233425,987279,2259.03,110375,290.995,376357,7.40209,12615.6,15387.3,7.50301,115.792,6.36474,2.89935e+06
21,274.309,1.00146e+06,8.16006,0.0218931,987217,2258.65,110375,292.443,376156,7.39481,12600.8,15470.7,7.51482,116.241,6.36475,2.89944e+06
21.1,257.347,1.00146e+06,8.16047,0.0205235,987156,2258.28,110375,293.888,375966,7.38828,12586.2,15554.1,7.52649,116.685,6.36501,2.89953e+06
21.2,241.322,1.00146e+06,8.16174,0.0192298,987094,2257.92,110375,295.33,375786,7.38252,12571.8,15637.4,7.53802,117.125,6.36555,2.8996e+06
21.3,226.202,1.00146e+06,8.16382,0.0180083,987032,2257.58,110375,296.77,375616,7.37756,12557.7,15720.6,7.54943,117.56,6.36635,2.89968e+06
21.4,211.958,1.00146e+06,8.16663,0.0168562,986970,2257.26,110375,298.209,375456,7.37341,12543.8,15803.7,7.56072,117.99,6.36738,2.89974e+06
21.5,198.525,1.00146e+06,8.17031,0.0157686,986908,2256.97,110375,299.645,375304,7.37013,12530.2,15886.8,7.5719,118.417,6.36868,2.8998e+06
21.6,185.856,1.00146e+06,8.1749,0.0147417,986846,2256.71,110375,301.08,375161,7.36775,12516.9,15969.9,7.58298,118.839,6.37028,2.89986e+06
21.7,173.903,1.00146e+06,8.18042,0.0137716,986784,2256.49,110375,302.514,375026,7.36632,12503.8,16052.9,7.59395,119.256,6.37217,2.89991e+06
21.8,162.644,1.00146e+06,8.18635,0.01286,986722,2256.31,110375,303.947,374899,7.36571,12491,16135.8,7.60484,119.67,6.3742,2.89995e+06
21.9,152.052,1.00146e+06,8.19229,0.0120075,986660,2256.18,110375,305.379,374779,7.36581,12478.5,16218.7,7.61565,120.079,6.37622,2.89999e+06
22,142.084,1.00146e+06,8.19816,0.0112109,986598,2256.09,110375,306.809,374666,7.36664,12466.2,16301.6,7.62639,120.484,6.37822,2.90002e+06
22.1,132.719,1.00146e+06,8.20326,0.0104624,986536,2256.03,110375,308.238,374560,7.36776,12454.3,16384.4,7.63706,120.886,6.37996,2.90006e+06
22.2,123.922,1.00146e+06,8.20738,0.0097608,986474,2256.01,110375,309.666,374460,7.36914,12442.6,16467.2,7.64766,121.283,6.38137,2.90008e+06
22.3,115.661,1.00146e+06,8.21006,0.00910457,986412,2256.01,110375,311.092,374366,7.37052,12431.3,16550,7.6582,121.676,6.38231,2.90011e+06
22.4,107.91,1.00146e+06,8.21065,0.00849462,986350,2256.01,110375,312.514,374278,7.37144,12420.2,16632.7,7.66867,122.066,6.38256,2.90013e+06
22.5,100.637,1.00146e+06,8.20879,0.0079279,986288,2256,110375,313.934,374195,7.37175,12409.5,16715.4,7.67908,122.451,6.38201,2.90014e+06
22.6,93.8181,1.00146e+06,8.20392,0.00740016,986226,2255.97,110375,315.348,374118,7.37098,12399,16798.1,7.68941,122.833,6.38047,2.90016e+06
22.7,87.428,1.00146e+06,8.19553,0.00690809,986164,2255.88,110375,316.755,374045,7.36873,12388.8,16880.8,7.69965,123.212,6.37777,2.90017e+06
22.8,81.4382,1.00146e+06,8.18315,0.00644966,986102,2255.72,110375,318.156,373977,7.3647,12378.8,16963.4,7.70981,123.586,6.37376,2.90018e+06
22.9,75.8319,1.00146e+06,8.16644,0.00602629,986040,2255.44,110375,319.547,373913,7.35839,12369.1,17046,7.71983,123.957,6.36834,2.90019e+06
23,70.5813,1.00146e+06,8.14492,0.00563501,985978,2255.03,110375,320.927,373853,7.34945,12359.6,17128.5,7.72972,124.325,6.36133,2.90019e+06
23.1,65.6656,1.00146e+06,8.11828,0.00527303,985917,2254.45,110375,322.294,373797,7.33753,12350.2,17211,7.73946,124.688,6.35265,2.9002e+06
23.2,61.0693,1.00146e+06,8.08651,0.00493596,985855,2253.66,110375,323.646,373744,7.32228,12341,17293.5,7.749,125.049,6.34227,2.9002e+06
23.3,56.7678,1.00146e+06,8.04914,0.00462212,985794,2252.64,110375,324.982,373695,7.30332,12332,17375.9,7.75834,125.406,6.33007,2.9002e+06
23.4,52.7467,1.00146e+06,8.00711,0.00432837,985734,2251.34,110376,326.298,373649,7.28068,12322.9,17458.2,7.76743,125.76,6.31633,2.9002e+06
23.5,48.9879,1.00146e+06,7.96073,0.00405182,985673,2249.76,110376,327.595,373607,7.25418,12313.9,17540.5,7.77625,126.11,6.30116,2.90019e+06
23.6,45.4723,1.00146e+06,7.91009,0.00378985,985613,2247.84,110376,328.869,373567,7.22361,12304.8,17622.7,7.78476,126.457,6.28459,2.90019e+06
23.7,42.1941,1.00146e+06,7.85737,0.00354073,985554,2245.61,110376,330.12,373530,7.18982,12295.7,17704.8,7.79294,126.8,6.26733,2.90018e+06
23.8,39.134,1.00146e+06,7.80268,0.00330161,985494,2243.03,110376,331.348,373496,7.15257,12286.4,17786.8,7.80075,127.141,6.24942,2.90017e+06
23.9,36.2801,1.00146e+06,7.7474,0.00307063,985436,2240.11,110376,332.551,373464,7.11244,12276.8,17868.6,7.80818,127.478,6.23132,2.90016e+06
24,33.624,1.00146e+06,7.69364,0.00284657,985377,2236.88,110376,333.731,373435,7.07057,12267,17950.4,7.81521,127.811,6.2137,2.90015e+06
24.1,31.1505,1.00146e+06,7.64216,0.00262696,985319,2233.31,110376,334.887,373408,7.02706,12257,18032,7.82182,128.142,6.19682,2.90014e+06
24.2,28.8523,1.00146e+06,7.59506,0.00241187,985262,2229.49,110376,336.022,373383,6.98346,12246.5,18113.4,7.82802,128.469,6.18137,2.90013e+06
24.3,26.7185,1.00146e+06,7.55392,0.00220007,985204,2225.45,110376,337.138,373360,6.94065,12235.7,18194.7,7.83381,128.792,6.16786,2.90012e+06
24.4,24.7381,1.00146e+06,7.52013,0.00199034,985147,2221.21,110376,338.235,373339,6.89941,12224.5,18275.8,7.83918,129.113,6.15676,2.9001e+06
24.5,22.9054,1.00146e+06,7.49519,0.00178491,985091,2216.89,110376,339.319,373320,6.86155,12212.9,18356.8,7.8442,129.43,6.14856,2.90009e+06
24.6,21.2091,1.00146e+06,7.48064,0.00158235,985034,2212.52,110376,340.393,373303,6.82789,12200.9,18437.6,7.84886,129.743,6.14375,2.90007e+06
24.7,19.6414,1.00146e+06,7.47769,0.00138263,984978,2208.19,110376,341.459,373287,6.79966,12188.5,18518.2,7.85322,130.053,6.14274,2.90005e+06
24.8,18.1952,1.00146e+06,7.48732,0.00118591,984921,2204.01,110376,342.524,373272,6.7782,12175.7,18598.6,7.85735,130.36,6.14585,2.90004e+06
24.9,16.8611,1.00146e+06,7.51104,0.000991918,984864,2200.05,110376,343.592,373259,6.76465,12162.7,18678.9,7.86127,130.664,6.15357,2.90002e+06
25,15.6342,1.00146e+06,7.5488,0.000803016,984807,2196.42,110376,344.668,373246,6.75989,12149.4,18759,7.8651,130.963,6.16589,2.9e+06
25.1,14.5071,1.00146e+06,7.60155,0.000619752,984750,2193.22,110376,345.758,373235,6.76502,12135.9,18839,7.86891,131.26,6.18312,2.89997e+06
25.2,13.4723,1.00146e+06,7.66995,0.000442798,984693,2190.55,110376,346.866,373225,6.78102,12122.3,18918.8,7.87276,131.553,6.20548,2.89995e+06
25.3,12.5247,1.00146e+06,7.75255,0.000274537,984634,2188.5,110376,348.001,373215,6.80793,12108.8,18998.6,7.87679,131.843,6.2325,2.89993e+06
25.4,11.6569,1.00146e+06,7.85026,0.000115619,984576,2187.18,110376,349.166,373206,6.84688,12095.4,19078.3,7.88105,132.129,6.26447,2.89991e+06
25.5,10.8632,1.00146e+06,7.96184,-6.11089e-05,984516,2186.66,110376,350.367,373198,6.89781,12082.3,19157.9,7.88567,132.412,6.30098,2.89988e+06
25.6,10.138,1.00146e+06,8.08545,-0.000293633,984455,2187.02,110376,351.61,373190,6.96035,12069.6,19237.5,7.89075,132.692,6.34144,2.89985e+06
25.7,9.47486,1.00146e+06,8.22112,-0.000583911,984394,2188.34,110376,352.9,373182,7.0352,12057.5,19317.2,7.89637,132.968,6.38586,2.89983e+06
25.8,8.86858,1.00146e+06,8.36502,-0.00104276,984331,2190.63,110375,354.239,373175,7.1205,12046.1,19396.9,7.90264,133.242,6.43299,2.8998e+06
25.9,8.31322,1.00146e+06,8.51595,-0.00170163,984268,2193.96,110375,355.633,373167,7.21619,12035.7,19476.7,7.90964,133.512,6.48242,2.89976e+06
26,7.80306,1.00146e+06,8.67188,-0.00261892,984203,2198.36,110375,357.085,373160,7.32157,12026.2,19556.6,7.91747,133.78,6.53351,2.89973e+06
26.1,7.33335,1.00146e+06,8.82794,-0.00394896,984137,2203.74,110375,358.594,373152,7.43371,12018,19636.7,7.92614,134.045,6.58464,2.8997e+06
26.2,6.89825,1.00146e+06,8.98257,-0.00573376,984070,2210.17,110375,360.162,373145,7.55231,12011.1,19717,7.93578,134.307,6.63532,2.89966e+06
26.3,6.49292,1.00146e+06,9.13163,-0.00809841,984001,2217.54,110375,361.788,373137,7.67479,12005.7,19797.5,7.94637,134.567,6.68419,2.89963e+06
26.4,6.11267,1.00146e+06,9.27077,-0.0111752,983932,2225.75,110375,363.467,373129,7.79834,12001.9,19878.3,7.95793,134.825,6.72981,2.8996e+06
26.5,5.75207,1.00146e+06,9.39716,-0.0150479,983862,2234.78,110375,365.2,373120,7.92163,11999.8,19959.4,7.97052,135.08,6.77128,2.89956e+06
26.6,5.40784,1.00146e+06,9.5056,-0.0198463,983790,2244.37,110375,366.973,373112,8.04034,11999.4,20040.9,7.98399,135.334,6.80688,2.89953e+06
26.7,5.07497,1.00146e+06,9.5925,-0.0256754,983719,2254.43,110375,368.783,373103,8.15236,12000.9,20122.7,7.99839,135.585,6.83543,2.8995e+06
26.8,4.74936,1.00146e+06,9.65395,-0.0326294,983646,2264.83,110375,370.622,373094,8.25484,12004.1,20204.8,8.01366,135.836,6.85566,2.89948e+06
26.9,4.42881,1.00146e+06,9.68579,-0.0407531,983573,2275.21,110375,372.471,373085,8.34359,12009.1,20287.4,8.02957,136.085,6.8662,2.89945e+06
27,4.10866,1.00146e+06,9.68406,-0.0501586,983500,2285.47,110375,374.325,373076,8.41605,12015.9,20370.3,8.04611,136.332,6.86576,2.89943e+06
27.1,3.77815,1.00146e+06,9.64456,-0.0171575,983427,2295.38,110375,376.17,373066,8.46877,12024.4,20453.6,8.06319,136.579,6.8529,2.8994e+06
27.2,3.46502,1.00146e+06,9.59818,0.000324487,983355,2304.67,110375,377.99,373057,8.50025,12034.4,20537.3,8.08052,136.825,6.8377,2.89938e+06
27.3,3.17697,1.00146e+06,9.55288,0.000296136,983282,2313.36,110375,379.785,373048,8.51594,12045.8,20621.3,8.09792,137.071,6.82285,2.89936e+06
27.4,2.91155,1.00146e+06,9.50853,0.000270158,983211,2321.48,110375,381.556,373040,8.51981,12058.2,20705.5,8.11527,137.315,6.80831,2.89933e+06
27.5,2.66756,1.00146e+06,9.46506,0.000246408,983139,2329.06,110375,383.304,373031,8.51421,12071.6,20790.1,8.13249,137.56,6.79407,2.89931e+06
27.6,2.44348,1.00146e+06,9.42241,0.00022471,983068,2336.1,110375,385.028,373024,8.5012,12086,20874.9,8.14951,137.804,6.78008,2.89929e+06
27.7,2.2375,1.00146e+06,9.38049,0.000204869,982997,2342.63,110375,386.728,373016,8.48278,12101,20960,8.16628,138.048,6.76634,2.89926e+06
27.8,2.04855,1.00146e+06,9.33924,0.000186763,982926,2348.67,110375,388.407,373010,8.45999,12116.7,21045.3,8.18275,138.292,6.75282,2.89924e+06
27.9,1.87513,1.00146e+06,9.29861,0.000170219,982856,2354.23,110375,390.062,373003,8.434,12132.9,21130.8,8.1989,138.535,6.7395,2.89921e+06
28,1.71625,1.00146e+06,9.25855,0.000155131,982786,2359.33,110375,391.696,372997,8.40553,12149.6,21216.5,8.21471,138.779,6.72637,2.89919e+06
28.1,1.57057,1.00146e+06,9.21901,0.000141374,982717,2363.98,110375,393.308,372992,8.37536,12166.6,21302.3,8.23015,139.022,6.7134,2.89917e+06
28.2,1.43705,1.00146e+06,9.17995,0.000128825,982647,2368.21,110375,394.899,372987,8.344,12183.8,21388.3,8.24522,139.266,6.7006,2.89914e+06
28.3,1.31461,1.00146e+06,9.14132,0.000117364,982578,2372.03,110375,396.469,372982,8.31191,12201.2,21474.5,8.25991,139.509,6.68793,2.89912e+06
28.4,1.2024,1.00146e+06,9.10309,0.000106909,982509,2375.45,110375,398.018,372978,8.27925,12218.6,21560.8,8.27422,139.753,6.6754,2.89909e+06
28.5,1.09951,1.00146e+06,9.06523,9.73625e-05,982441,2378.49,110375,399.547,372974,8.24635,12236,21647.1,8.28814,139.996,6.66298,2.89907e+06
28.6,1.00521,1.00146e+06,9.02772,8.86522e-05,982373,2381.16,110375,401.055,372971,8.21325,12253.4,21733.6,8.30168,140.24,6.65068,2.89904e+06
28.7,0.918831,1.00146e+06,8.99053,8.07068e-05,982305,2383.48,110375,402.544,372968,8.18009,12270.6,21820.2,8.31484,140.484,6.63849,2.89902e+06
28.8,0.839719,1.00146e+06,8.95364,7.34606e-05,982237,2385.45,110375,404.013,372965,8.14691,12287.7,21906.8,8.32761,140.727,6.62639,2.89899e+06
28.9,0.767209,1.00146e+06,8.91703,6.68453e-05,982170,2387.08,110375,405.462,372962,8.11382,12304.5,21993.5,8.34001,140.971,6.61438,2.89897e+06
29,0.700854,1.00146e+06,8.88069,6.08214e-05,982103,2388.4,110375,406.892,372960,8.08081,12321,22080.2,8.35203,141.215,6.60247,2.89894e+06
29.1,0.640073,1.00146e+06,8.84459,5.53314e-05,982036,2389.4,110375,408.302,372958,8.04794,12337.1,22167,8.36369,141.458,6.59063,2.89892e+06
29.2,0.58441,1.00146e+06,8.80872,5.03257e-05,981970,2390.11,110375,409.694,372956,8.01523,12352.8,22253.8,8.37498,141.702,6.57886,2.8989e+06
29.3,0.533463,1.00146e+06,8.77308,4.57576e-05,981904,2390.52,110375,411.067,372955,7.98268,12368.1,22340.6,8.38591,141.945,6.56718,2.89887e+06
29.4,0.486839,1.00146e+06,8.73765,4.15862e-05,981838,2390.65,110375,412.421,372954,7.95028,12383,22427.4,8.39647,142.188,6.55556,2.89885e+06
29.5,0.444167,1.00146e+06,8.70243,3.77864e-05,981772,2390.51,110375,413.757,372953,7.91807,12397.3,22514.2,8.40669,142.431,6.544,2.89882e+06
29.6,0.405143,1.00146e+06,8.6674,3.43276e-05,981707,2390.11,110375,415.075,372952,7.88602,12411.1,22601,8.41655,142.673,6.53251,2.8988e+06
29.7,0.369471,1.00146e+06,8.63255,3.11819e-05,981642,2389.46,110375,416.374,372952,7.85413,12424.3,22687.7,8.42607,142.916,6.52108,2.89877e+06
29.8,0.336851,1.00146e+06,8.59789,2.83154e-05,981577,2388.56,110375,417.656,372951,7.82242,12436.9,22774.4,8.43525,143.157,6.50971,2.89875e+06
29.9,0.307059,1.00146e+06,8.5634,2.57087e-05,981513,2387.42,110375,418.92,372951,7.79086,12449,22861,8.44409,143.399,6.4984,2.89872e+06
30,0.279838,1.00146e+06,8.52908,2.33372e-05,981448,2386.05,110375,420.166,372951,7.75948,12460.3,22947.6,8.4526,143.64,6.48714,2.8987e+06
30.1,0.254978,1.00146e+06,8.49492,2.11805e-05,981384,2384.46,110375,421.395,372952,7.72825,12471.1,23034.2,8.46077,143.88,6.47593,2.89867e+06
30.2,0.232287,1.00146e+06,8.46093,1.92202e-05,981321,2382.65,110375,422.606,372952,7.69719,12481.1,23120.6,8.46862,144.12,6.46478,2.89865e+06
30.3,0.211566,1.00146e+06,8.42709,1.74374e-05,981257,2380.64,110375,423.8,372953,7.66628,12490.5,23207,8.47614,144.358,6.45368,2.89862e+06
30.4,0.192659,1.00146e+06,8.3934,1.58172e-05,981194,2378.42,110375,424.977,372954,7.63553,12499.2,23293.3,8.48335,144.597,6.44262,2.8986e+06
30.5,0.175406,1.00146e+06,8.35986,1.43446e-05,981131,2376.01,110375,426.138,372955,7.60493,12507.1,23379.5,8.49024,144.834,6.43162,2.89857e+06
30.6,0.159663,1.00146e+06,8.32646,1.30061e-05,981068,2373.41,110375,427.281,372956,7.57448,12514.4,23465.6,8.49681,145.07,6.42066,2.89855e+06
30.7,0.145308,1.00146e+06,8.29321,1.17905e-05,981006,2370.63,110375,428.408,372957,7.54417,12520.9,23551.5,8.50308,145.306,6.40975,2.89852e+06
30.8,0.13221,1.00146e+06,8.2601,1.06857e-05,980944,2367.68,110375,429.518,372958,7.51401,12526.7,23637.4,8.50904,145.54,6.39889,2.8985e+06
30.9,0.120271,1.00146e+06,8.22713,9.68245e-06,980882,2364.55,110375,430.612,372960,7.48398,12531.7,23723.1,8.5147,145.774,6.38807,2.89847e+06
31,0.109385,1.00146e+06,8.19429,8.77146e-06,980820,2361.26,110375,431.69,372961,7.45408,12535.9,23808.7,8.52005,146.006,6.37729,2.89845e+06
31.1,0.0994462,1.00146e+06,8.1616,7.94287e-06,980759,2357.82,110375,432.751,372963,7.42432,12539.5,23894.2,8.52512,146.237,6.36656,2.89842e+06
31.2,0.0903805,1.00146e+06,8.12903,7.19013e-06,980697,2354.22,110375,433.797,372965,7.3947,12542.2,23979.5,8.52989,146.466,6.35587,2.8984e+06
31.3,0.0821184,1.00146e+06,8.0966,6.50725e-06,980636,2350.47,110375,434.827,372967,7.3652,12544.2,24064.7,8.53437,146.695,6.34523,2.89837e+06
31.4,0.0746037,1.00146e+06,8.0643,5.88955e-06,980576,2346.58,110375,435.841,372969,7.33582,12545.5,24149.8,8.53856,146.921,6.33463,2.89835e+06
31.5,0.0677504,1.00146e+06,8.03213,5.32792e-06,980515,2342.55,110376,436.839,372971,7.30657,12545.9,24234.6,8.54247,147.147,6.32407,2.89832e+06
31.6,0.0614686,1.00146e+06,8.00009,4.81225e-06,980455,2338.39,110376,437.822,372973,7.27745,12545.7,24319.4,8.5461,147.371,6.31356,2.8983e+06
31.7,0.055741,1.00146e+06,7.96818,4.34163e-06,980395,2334.1,110376,438.79,372976,7.24844,12544.6,24403.9,8.54945,147.593,6.30308,2.89827e+06
31.8,0.0505322,1.00146e+06,7.93639,3.91227e-06,980336,2329.68,110376,439.742,372978,7.21956,12542.8,24488.3,8.55253,147.813,6.29265,2.89825e+06
31.9,0.0458177,1.00146e+06,7.90474,3.52125e-06,980276,2325.15,110376,440.679,372981,7.19079,12540.3,24572.5,8.55534,148.032,6.28226,2.89822e+06
32,0.041526,1.00146e+06,7.87321,3.16654e-06,980217,2320.5,110376,441.602,372984,7.16215,12537,24656.5,8.55788,148.249,6.27191,2.8982e+06
32.1,0.0375951,1.00146e+06,7.84181,2.84711e-06,980158,2315.74,110376,442.509,372986,7.13362,12533,24740.3,8.56015,148.464,6.2616,2.89817e+06
32.2,0.0340282,1.00146e+06,7.81053,2.56305e-06,980099,2310.87,110376,443.402,372989,7.10521,12528.3,24824,8.56216,148.677,6.25133,2.89815e+06
32.3,0.0308038,1.00146e+06,7.77937,2.31552e-06,980041,2305.9,110376,444.279,372992,7.07691,12522.8,24907.4,8.56391,148.888,6.2411,2.89812e+06
32.4,0.0279052,1.00146e+06,7.74834,2.1068e-06,979983,2300.83,110376,445.143,372995,7.04873,12516.6,24990.7,8.56541,149.097,6.23092,2.8981e+06
32.5,0.0252825,1.00146e+06,7.71743,1.91972e-06,979925,2295.67,110376,445.992,372998,7.02066,12509.7,25073.7,8.56665,149.304,6.22077,2.89807e+06
32.6,0.0228993,1.00146e+06,7.68665,1.74288e-06,979867,2290.41,110376,446.827,373001,6.99271,12502.1,25156.6,8.56764,149.509,6.21066,2.89805e+06
32.7,0.0207463,1.00146e+06,7.65599,1.57882e-06,979809,2285.06,110376,447.647,373004,6.96486,12493.8,25239.2,8.56837,149.711,6.20059,2.89802e+06
32.8,0.0187992,1.00146e+06,7.62545,1.42048e-06,979752,2279.63,110376,448.454,373007,6.93713,12484.8,25321.7,8.56887,149.911,6.19057,2.898e+06
32.9,0.0170326,1.00146e+06,7.59503,1.25944e-06,979695,2274.11,110376,449.246,373011,6.90952,12475.1,25403.9,8.56912,150.109,6.18058,2.89797e+06
33,0.0154435,1.00146e+06,7.56473,1.11304e-06,979638,2268.52,110376,450.025,373014,6.88201,12464.8,25485.9,8.56913,150.305,6.17063,2.89795e+06
33.1,0.0140174,1.00146e+06,7.53455,9.85173e-07,979582,2262.85,110376,450.79,373017,6.85461,12453.7,25567.7,8.5689,150.498,6.16072,2.89792e+06
33.2,0.0127285,1.00146e+06,7.50449,8.67955e-07,979525,2257.1,110376,451.541,373021,6.82732,12442.1,25649.3,8.56843,150.689,6.15085,2.8979e+06
33.3,0.0115589,1.00146e+06,7.47455,7.63083e-07,979469,2251.29,110376,452.279,373024,6.80014,12429.7,25730.6,8.56774,150.877,6.14102,2.89787e+06
33.4,0.0104898,1.00146e+06,7.44472,6.73299e-07,979413,2245.41,110376,453.003,373028,6.77307,12416.8,25811.7,8.56681,151.062,6.13122,2.89785e+06
33.5,0.00952596,1.00146e+06,7.41501,5.95165e-07,979358,2239.47,110376,453.714,373031,6.74611,12403.2,25892.6,8.56565,151.245,6.12146,2.89782e+06
33.6,0.00865642,1.00146e+06,7.38542,5.30911e-07,979302,2233.46,110376,454.412,373035,6.71926,12389,25973.3,8.56427,151.426,6.11175,2.8978e+06
33.7,0.00786508,1.00146e+06,7.35595,4.85224e-07,979247,2227.4,110376,455.097,373039,6.69251,12374.2,26053.7,8.56267,151.603,6.10207,2.89777e+06
33.8,0.00714239,1.00146e+06,7.3266,4.61713e-07,979192,2221.27,110376,455.769,373042,6.66587,12358.8,26133.9,8.56084,151.778,6.09242,2.89775e+06
33.9,0.00647946,1.00146e+06,7.29736,4.64685e-07,979137,2215.1,110376,456.428,373046,6.63933,12342.8,26213.8,8.5588,151.95,6.08282,2.89772e+06
34,0.00587571,1.00146e+06,7.26823,4.62091e-07,979083,2208.87,110376,457.074,373050,6.6129,12326.3,26293.5,8.55655,152.119,6.07325,2.8977e+06
34.1,0.00532519,1.00146e+06,7.23922,4.50822e-07,979028,2202.59,110376,457.708,373054,6.58658,12309.1,26373,8.55408,152.285,6.06373,2.89767e+06
34.2,0.00482251,1.00146e+06,7.21033,4.27768e-07,978974,2196.27,110376,458.329,373058,6.56036,12291.5,26452.2,8.5514,152.449,6.05423,2.89765e+06
34.3,0.00436461,1.00146e+06,7.18155,3.80849e-07,978920,2189.9,110376,458.937,373061,6.53424,12273.2,26531.2,8.54851,152.609,6.04478,2.89762e+06
34.4,0.00394943,1.00146e+06,7.15289,2.95195e-07,978867,2183.49,110376,459.533,373065,6.50823,12254.5,26609.9,8.54541,152.767,6.03536,2.8976e+06
34.5,0.00356885,1.00146e+06,7.12434,1.60672e-07,978813,2177.03,110376,460.117,373069,6.48232,12235.2,26688.4,8.54212,152.922,6.02599,2.89757e+06
34.6,0.00322192,1.00146e+06,7.0959,-4.30971e-08,978760,2170.54,110376,460.688,373073,6.45652,12215.4,26766.7,8.53862,153.073,6.01664,2.89755e+06
34.7,0.00290732,1.00146e+06,7.06758,-3.3869e-07,978707,2164.01,110376,461.248,373077,6.43081,12195.1,26844.6,8.53492,153.222,6.00734,2.89752e+06
34.8,0.00262323,1.00146e+06,7.03937,-7.50965e-07,978654,2157.45,110376,461.796,373081,6.40521,12174.3,26922.4,8.53103,153.367,5.99807,2.8975e+06
34.9,0.00236801,1.00146e+06,7.01128,-1.30817e-06,978602,2150.85,110376,462.331,373085,6.37972,12153.1,26999.8,8.52694,153.509,5.98884,2.89747e+06
35,0.00213769,1.00146e+06,6.9833,-2.03651e-06,978550,2144.22,110376,462.855,373089,6.35432,12131.3,27077.1,8.52266,153.649,5.97965,2.89744e+06
35.1,0.00193082,1.00146e+06,6.95542,-2.97166e-06,978497,2137.57,110376,463.367,373093,6.32903,12109.1,27154,8.51819,153.785,5.97049,2.89742e+06
35.2,0.00174516,1.00146e+06,6.92766,-4.15155e-06,978446,2130.88,110376,463.868,373098,6.30383,12086.5,27230.7,8.51353,153.917,5.96136,2.89739e+06
35.3,0.001578,1.00146e+06,6.90001,-5.61752e-06,978394,2124.17,110376,464.357,373102,6.27874,12063.4,27307.2,8.50868,154.047,5.95228,2.89737e+06
35.4,0.00142625,1.00146e+06,6.87247,-7.41487e-06,978342,2117.43,110376,464.835,373106,6.25375,12039.9,27383.4,8.50366,154.173,5.94323,2.89734e+06
35.5,0.00130144,1.00146e+06,6.84504,-9.58777e-06,978291,2110.67,110376,465.301,373110,6.22886,12016,27459.3,8.49845,154.297,5.93421,2.89732e+06
35.6,0.00119513,1.00146e+06,6.81772,-1.21914e-05,978240,2103.89,110376,465.757,373114,6.20407,11991.7,27535,8.49306,154.416,5.92524,2.89729e+06
35.7,0.00110478,1.00146e+06,6.79051,-1.52832e-05,978189,2097.08,110376,466.201,373118,6.17937,11967,27610.4,8.4875,154.533,5.91629,2.89727e+06
35.8,0.00102758,1.00146e+06,6.76341,-1.89248e-05,978139,2090.26,110376,466.634,373123,6.15478,11941.8,27685.5,8.48176,154.646,5.90739,2.89724e+06
35.9,0.000959976,1.00146e+06,6.73642,-2.31829e-05,978088,2083.42,110376,467.056,373127,6.13028,11916.4,27760.4,8.47585,154.756,5.89851,2.89722e+06
36,0.000897555,1.00146e+06,6.70953,-2.81291e-05,978038,2076.56,110376,467.467,373131,6.10588,11890.5,27835,8.46976,154.863,5.88968,2.89719e+06
36.1,0.000834894,1.00146e+06,6.68275,-3.38398e-05,977988,2069.69,110376,467.867,373135,6.08158,11864.3,27909.4,8.46351,154.966,5.88087,2.89717e+06
36.2,0.00076546,1.00146e+06,6.65607,-4.0397e-05,977938,2062.81,110376,468.257,373140,6.05738,11837.7,27983.5,8.45709,155.066,5.87211,2.89714e+06
36.3,0.0007255,1.00146e+06,6.62951,-4.7881e-05,977889,2055.91,110376,468.637,373144,6.03327,11810.8,28057.3,8.45051,155.163,5.86337,2.89712e+06
36.4,0.000694761,1.00146e+06,6.60305,-5.63866e-05,977839,2049,110376,469.005,373148,6.00926,11783.6,28130.9,8.44377,155.256,5.85468,2.89709e+06
36.5,0.000663941,1.00146e+06,6.5767,-6.60124e-05,977790,2042.08,110376,469.364,373153,5.98534,11756.1,28204.2,8.43686,155.346,5.84601,2.89707e+06
36.6,0.000628518,1.00146e+06,6.55045,-7.68621e-05,977741,2035.15,110376,469.712,373157,5.96152,11728.2,28277.2,8.4298,155.433,5.83738,2.89704e+06
36.7,0.000583091,1.00146e+06,6.5243,-8.90453e-05,977692,2028.22,110376,470.049,373161,5.9378,11700.1,28350,8.42257,155.516,5.82879,2.89702e+06
36.8,0.000521282,1.00146e+06,6.49826,-0.000102678,977644,2021.27,110376,470.377,373166,5.91416,11671.6,28422.4,8.4152,155.595,5.82023,2.89699e+06
36.9,0.000435645,1.00146e+06,6.47232,-0.000117882,977595,2014.32,110376,470.694,373170,5.89062,11642.9,28494.7,8.40767,155.672,5.8117,2.89697e+06
37,0.000317578,1.00146e+06,6.44648,-0.000134787,977547,2007.37,110376,471.002,373174,5.86718,11613.9,28566.6,8.39999,155.744,5.8032,2.89694e+06
37.1,0.00023227,1.00146e+06,6.42074,-0.00015351,977499,2000.41,110376,471.3,373179,5.84383,11584.6,28638.3,8.39216,155.814,5.79474,2.89692e+06
37.2,0.000164693,1.00146e+06,6.39511,-0.000174195,977451,1993.45,110376,471.587,373183,5.82057,11555.1,28709.8,8.38418,155.88,5.78631,2.89689e+06
37.3,9.58899e-05,1.00146e+06,6.36958,-0.000196993,977404,1986.48,110376,471.865,373187,5.7974,11525.3,28780.9,8.37606,155.943,5.77792,2.89687e+06
37.4,2.65637e-05,1.00146e+06,6.34416,-0.000222057,977356,1979.51,110376,472.134,373192,5.77433,11495.2,28851.8,8.36779,156.002,5.76956,2.89684e+06
37.5,-4.23932e-05,1.00146e+06,6.31883,-0.000249548,977309,1972.55,110376,472.393,373196,5.75134,11465,28922.4,8.35938,156.058,5.76123,2.89682e+06
37.6,-0.000109899,1.00146e+06,6.29361,-0.000279634,977262,1965.58,110376,472.642,373200,5.72845,11434.5,28992.8,8.35083,156.11,5.75293,2.89679e+06
37.7,-0.000174684,1.00146e+06,6.26848,-0.000312488,977215,1958.61,110376,472.882,373205,5.70565,11403.8,29062.9,8.34215,156.159,5.74467,2.89677e+06
37.8,-0.000235287,1.00146e+06,6.24346,-0.000348294,977168,1951.65,110376,473.112,373209,5.68294,11372.9,29132.7,8.33332,156.204,5.73644,2.89674e+06
37.9,-0.000311417,1.00146e+06,6.21853,-0.000387229,977122,1944.69,110376,473.334,373213,5.66032,11341.8,29202.2,8.32436,156.247,5.72824,2.89672e+06
38,-0.000401564,1.00146e+06,6.19371,-0.000429481,977076,1937.73,110376,473.546,373218,5.63779,11310.5,29271.5,8.31527,156.285,5.72008,2.89669e+06
38.1,-0.000494904,1.00146e+06,6.16898,-0.000475251,977030,1930.77,110376,473.749,373222,5.61535,11279,29340.6,8.30605,156.321,5.71194,2.89667e+06
38.2,-0.000590444,1.00146e+06,6.14435,-0.000524745,976984,1923.82,110376,473.943,373226,5.59299,11247.3,29409.3,8.29669,156.353,5.70384,2.89664e+06
38.3,-0.000686987,1.00146e+06,6.11982,-0.000578172,976938,1916.88,110376,474.128,373231,5.57073,11215.4,29477.8,8.28721,156.381,5.69578,2.89662e+06
38.4,-0.00078313,1.00146e+06,6.09539,-0.000635749,976893,1909.94,110376,474.304,373235,5.54856,11183.4,29546,8.27761,156.406,5.68774,2.89659e+06
38.5,-0.000877263,1.00146e+06,6.07106,-0.0006977,976847,1903,110376,474.471,373239,5.52647,11151.2,29614,8.26787,156.428,5.67973,2.89657e+06
38.6,-0.000967572,1.00146e+06,6.04682,-0.000764254,976802,1896.08,110376,474.63,373244,5.50447,11118.9,29681.6,8.25802,156.446,5.67176,2.89654e+06
38.7,-0.00105204,1.00146e+06,6.02268,-0.000835647,976757,1889.16,110376,474.78,373248,5.48256,11086.4,29749.1,8.24804,156.461,5.66382,2.89652e+06
38.8,-0.00112843,1.00146e+06,5.99864,-0.000912121,976712,1882.25,110376,474.921,373252,5.46074,11053.8,29816.2,8.23794,156.473,5.65591,2.89649e+06
38.9,-0.00119433,1.00146e+06,5.97469,-0.000993924,976668,1875.34,110376,475.054,373257,5.439,11021.1,29883.1,8.22773,156.481,5.64803,2.89647e+06
39,-0.00124708,1.00146e+06,5.95084,-0.00108131,976623,1868.45,110376,475.178,373261,5.41735,10988.2,29949.7,8.21739,156.486,5.64018,2.89644e+06
39.1,-0.00128386,1.00146e+06,5.92708,-0.00117455,976579,1861.56,110376,475.294,373265,5.39579,10955.2,30016.1,8.20695,156.488,5.63237,2.89642e+06
39.2,-0.00130161,1.00146e+06,5.90342,-0.00127389,976535,1854.69,110376,475.402,373270,5.37431,10922.1,30082.2,8.19638,156.486,5.62458,2.89639e+06
39.3,-0.00129707,1.00146e+06,5.87986,-0.00137963,976491,1847.82,110376,475.502,373274,5.35291,10888.8,30148,8.18571,156.481,5.61683,2.89637e+06
39.4,-0.00130038,1.00146e+06,5.85638,-0.001492,976448,1840.97,110376,475.593,373278,5.33161,10855.5,30213.6,8.17493,156.473,5.6091,2.89634e+06
39.5,-0.00132156,1.00146e+06,5.83301,-0.00161127,976404,1834.13,110376,475.676,373283,5.31038,10822,30278.9,8.16403,156.462,5.60141,2.89632e+06
39.6,-0.00133617,1.00146e+06,5.80972,-0.00173777,976361,1827.29,110376,475.751,373287,5.28924,10788.5,30343.9,8.15303,156.447,5.59375,2.89629e+06
39.7,-0.0013444,1.00146e+06,5.78653,-0.00187178,976318,1820.48,110376,475.819,373291,5.26819,10754.9,30408.7,8.14192,156.429,5.58612,2.89627e+06
39.8,-0.00134647,1.00146e+06,5.76343,-0.00201361,976275,1813.67,110376,475.878,373295,5.24722,10721.2,30473.2,8.13071,156.408,5.57851,2.89624e+06
39.9,-0.00134271,1.00146e+06,5.74042,-0.00216357,976232,1806.88,110376,475.93,373300,5.22633,10687.4,30537.5,8.1194,156.384,5.57094,2.89622e+06
40,-0.00133351,1.00146e+06,5.71751,-0.00232196,976189,1800.09,110376,475.974,373304,5.20553,10653.5,30601.5,8.10798,156.356,5.5634,2.89619e+06
40.1,-0.00131934,1.00146e+06,5.69468,-0.00248911,976147,1793.33,110376,476.01,373308,5.18481,10619.6,30665.2,8.09646,156.325,5.55589,2.89617e+06
40.2,-0.00130075,1.00146e+06,5.67195,-0.00266534,976105,1786.57,110376,476.038,373312,5.16417,10585.6,30728.7,8.08485,156.291,5.54841,2.89614e+06
40.3,-0.00127836,1.00146e+06,5.64931,-0.00285098,976063,1779.83,110376,476.059,373317,5.14361,10551.6,30791.9,8.07313,156.254,5.54095,2.89612e+06
40.4,-0.00125331,1.00146e+06,5.62676,-0.00304633,976021,1773.11,110376,476.073,373321,5.12314,10517.4,30854.9,8.06132,156.214,5.53353,2.89609e+06
40.5,-0.0012261,1.00146e+06,5.6043,-0.00325174,975979,1766.4,110376,476.079,373325,5.10275,10483.3,30917.6,8.04942,156.171,5.52614,2.89607e+06
40.6,-0.0011976,1.00146e+06,5.58193,-0.00346758,975937,1759.7,110376,476.078,373329,5.08244,10449.1,30980,8.03742,156.124,5.51877,2.89604e+06
40.7,-0.00116876,1.00146e+06,5.55964,-0.00369418,975896,1753.02,110376,476.07,373333,5.0622,10414.8,31042.2,8.02533,156.075,5.51144,2.89602e+06
40.8,-0.00114062,1.00146e+06,5.53745,-0.00393192,975855,1746.35,110376,476.054,373338,5.04205,10380.6,31104.2,8.01315,156.022,5.50413,2.89599e+06
40.9,-0.00111427,1.00146e+06,5.51535,-0.00418116,975814,1739.7,110376,476.031,373342,5.02198,10346.3,31165.9,8.00088,155.966,5.49685,2.89597e+06
41,-0.00109091,1.00146e+06,5.49333,-0.00444225,975773,1733.07,110376,476.001,373346,5.00199,10311.9,31227.3,7.98852,155.908,5.4896,2.89594e+06
41.1,-0.00107178,1.00146e+06,5.4714,-0.00471559,975732,1726.45,110377,475.964,373350,4.98208,10277.5,31288.5,7.97607,155.846,5.48238,2.89592e+06
41.2,-0.00105824,1.00146e+06,5.44956,-0.00500155,975692,1719.85,110377,475.92,373354,4.96225,10243.2,31349.4,7.96354,155.781,5.47519,2.89589e+06
41.3,-0.00103442,1.00146e+06,5.4278,-0.00530048,975651,1713.27,110377,475.869,373358,4.9425,10208.8,31410,7.95093,155.714,5.46803,2.89587e+06
41.4,-0.000992862,1.00146e+06,5.40614,-0.00561274,975611,1706.7,110377,475.812,373363,4.92282,10174.3,31470.4,7.93823,155.643,5.4609,2.89584e+06
41.5,-0.000949678,1.00146e+06,5.38456,-0.00593878,975571,1700.15,110377,475.747,373367,4.90323,10139.9,31530.6,7.92545,155.569,5.45379,2.89582e+06
41.6,-0.000905531,1.00146e+06,5.36306,-0.00627899,975531,1693.62,110377,475.676,373371,4.88371,10105.5,31590.5,7.91259,155.493,5.44671,2.89579e+06
41.7,-0.000861169,1.00146e+06,5.34165,-0.00663378,975491,1687.11,110377,475.598,373375,4.86427,10071.1,31650.2,7.89965,155.414,5.43966,2.89577e+06
41.8,-0.000817431,1.00146e+06,5.32033,-0.00700358,975452,1680.61,110377,475.513,373379,4.8449,10036.6,31709.6,7.88664,155.331,5.43264,2.89574e+06
41.9,-0.000775243,1.00146e+06,5.29909,-0.00738878,975412,1674.14,110377,475.422,373383,4.82562,10002.2,31768.7,7.87354,155.246,5.42564,2.89572e+06
42,-0.00073562,1.00146e+06,5.27794,-0.00778984,975373,1667.68,110377,475.325,373387,4.80641,9967.77,31827.7,7.86037,155.158,5.41868,2.89569e+06
42.1,-0.000699664,1.00146e+06,5.25687,-0.00820716,975334,1661.24,110377,475.221,373391,4.78727,9933.36,31886.3,7.84713,155.067,5.41174,2.89567e+06
42.2,-0.000668566,1.00146e+06,5.23589,-0.0086412,975295,1654.81,110377,475.111,373395,4.76822,9898.96,31944.7,7.83382,154.974,5.40483,2.89564e+06
42.3,-0.000643608,1.00146e+06,5.21499,-0.0090924,975256,1648.41,110377,474.994,373399,4.74923,9864.58,32002.9,7.82043,154.877,5.39794,2.89562e+06
42.4,-0.000626157,1.00146e+06,5.19417,-0.0095612,975218,1642.02,110377,474.871,373403,4.73033,9830.21,32060.8,7.80697,154.778,5.39108,2.89559e+06
42.5,-0.00061767,1.00146e+06,5.17343,-0.0100481,975179,1635.66,110377,474.742,373407,4.7115,9795.87,32118.5,7.79344,154.676,5.38425,2.89557e+06
42.6,-0.000619692,1.00146e+06,5.15278,-0.0105535,975141,1629.31,110377,474.607,373411,4.69274,9761.54,32176,7.77984,154.572,5.37745,2.89554e+06
42.7,-0.000633857,1.00146e+06,5.13221,-0.0110778,975103,1622.98,110377,474.465,373415,4.67406,9727.25,32233.2,7.76618,154.464,5.37067,2.89552e+06
42.8,-0.000661887,1.00146e+06,5.11172,-0.0116217,975065,1616.67,110377,474.318,373419,4.65545,9692.98,32290.1,7.75245,154.354,5.36392,2.89549e+06
42.9,-0.000705592,1.00146e+06,5.09131,-0.0121854,975027,1610.37,110377,474.164,373423,4.63691,9658.74,32346.8,7.73865,154.242,5.3572,2.89547e+06
43,-0.000766872,1.00146e+06,5.07099,-0.0127696,974989,1604.1,110377,474.005,373427,4.61845,9624.53,32403.3,7.72479,154.127,5.3505,2.89544e+06
43.1,-0.000828887,1.00146e+06,5.05074,-0.0132768,974952,1597.84,110377,473.84,373431,4.60006,9590.36,32459.5,7.71086,154.009,5.34383,2.89542e+06
43.2,-0.00086292,1.00146e+06,5.03058,-0.0135471,974915,1591.61,110377,473.669,373435,4.58174,9556.22,32515.5,7.69688,153.889,5.33719,2.89539e+06
43.3,-0.000871995,1.00146e+06,5.0105,-0.0136134,974877,1585.39,110377,473.492,373439,4.5635,9522.12,32571.3,7.68283,153.766,5.33057,2.89537e+06
43.4,-0.000873066,1.00146e+06,4.99049,-0.013613,974840,1579.19,110377,473.309,373443,4.54533,9488.07,32626.8,7.66872,153.64,5.32398,2.89534e+06
43.5,-0.000870032,1.00146e+06,4.97057,-0.0135847,974804,1573.02,110377,473.121,373447,4.52723,9454.06,32682.1,7.65456,153.512,5.31741,2.89532e+06
43.6,-0.000863067,1.00146e+06,4.95073,-0.0135261,974767,1566.86,110377,472.927,373451,4.50921,9420.1,32737.1,7.64033,153.382,5.31088,2.89529e+06
43.7,-0.000858866,1.00146e+06,4.93097,-0.0134919,974730,1560.72,110377,472.728,373455,4.49125,9386.18,32791.9,7.62605,153.249,5.30436,2.89527e+06
43.8,-0.000844016,1.00146e+06,4.91128,-0.0133727,974694,1554.6,110377,472.523,373458,4.47337,9352.32,32846.5,7.61172,153.114,5.29788,2.89524e+06
43.9,-0.000828915,1.00146e+06,4.89168,-0.013252,974657,1548.51,110377,472.313,373462,4.45556,9318.51,32900.9,7.59732,152.976,5.29141,2.89522e+06
44,-0.00081718,1.00146e+06,4.87215,-0.0131584,974621,1542.43,110377,472.097,373466,4.43782,9284.75,32955,7.58288,152.836,5.28498,2.89519e+06
44.1,-0.00081243,1.00146e+06,4.8527,-0.0131206,974585,1536.37,110377,471.876,373470,4.42015,9251.04,33008.8,7.56838,152.693,5.27857,2.89517e+06
44.2,-0.000799696,1.00146e+06,4.83333,-0.0130197,974550,1530.33,110377,471.649,373474,4.40255,9217.4,33062.5,7.55383,152.548,5.27218,2.89514e+06
44.3,-0.000788899,1.00146e+06,4.81403,-0.0129342,974514,1524.32,110377,471.418,373478,4.38502,9183.81,33115.9,7.53923,152.401,5.26582,2.89512e+06
44.4,-0.000781317,1.00146e+06,4.79482,-0.0128743,974478,1518.32,110377,471.181,373481,4.36756,9150.29,33169.1,7.52458,152.251,5.25949,2.89509e+06
44.5,-0.000778166,1.00146e+06,4.77568,-0.0128494,974443,1512.34,110377,470.939,373485,4.35017,9116.82,33222,7.50989,152.1,5.25318,2.89507e+06
44.6,-0.00077312,1.00146e+06,4.75661,-0.0128097,974408,1506.39,110377,470.692,373489,4.33285,9083.42,33274.7,7.49514,151.945,5.24689,2.89504e+06
44.7,-0.000768891,1.00146e+06,4.73762,-0.0127764,974373,1500.45,110377,470.439,373493,4.31559,9050.09,33327.2,7.48034,151.789,5.24063,2.89502e+06
44.8,-0.000766144,1.00146e+06,4.71871,-0.0127549,974338,1494.53,110377,470.182,373496,4.29841,9016.82,33379.5,7.4655,151.63,5.2344,2.89499e+06
44.9,-0.000764994,1.00146e+06,4.69987,-0.0127459,974303,1488.64,110377,469.92,373500,4.28129,8983.62,33431.5,7.45062,151.47,5.22819,2.89497e+06
45,-0.000763976,1.00146e+06,4.68111,-0.0127379,974268,1482.76,110377,469.653,373504,4.26425,8950.49,33483.4,7.43569,151.307,5.222,2.89494e+06
45.1,-0.000763248,1.00146e+06,4.66242,-0.0127323,974234,1476.91,110377,469.381,373507,4.24727,8917.43,33534.9,7.42072,151.141,5.21584,2.89492e+06
45.2,-0.000762912,1.00146e+06,4.64381,-0.0127298,974199,1471.07,110377,469.104,373511,4.23035,8884.45,33586.3,7.4057,150.974,5.2097,2.89489e+06
45.3,-0.000762819,1.00146e+06,4.62527,-0.0127291,974165,1465.26,110377,468.822,373515,4.21351,8851.53,33637.5,7.39065,150.805,5.20359,2.89487e+06
45.4,-0.000762445,1.00146e+06,4.60681,-0.0127262,974131,1459.47,110377,468.536,373518,4.19673,8818.7,33688.4,7.37556,150.633,5.1975,2.89484e+06
45.5,-0.000762012,1.00146e+06,4.58841,-0.0127229,974097,1453.69,110377,468.245,373522,4.18001,8785.95,33739.1,7.36043,150.46,5.19143,2.89482e+06
45.6,-0.000761664,1.00146e+06,4.57009,-0.0127202,974063,1447.94,110377,467.95,373526,4.16336,8753.27,33789.6,7.34526,150.284,5.18539,2.89479e+06
45.7,-0.000761402,1.00146e+06,4.55185,-0.0127182,974029,1442.21,110377,467.65,373529,4.14678,8720.67,33839.8,7.33005,150.107,5.17937,2.89477e+06
45.8,-0.000761226,1.00146e+06,4.53367,-0.0127168,973996,1436.5,110377,467.345,373533,4.13027,8688.15,33889.9,7.31481,149.928,5.17338,2.89474e+06
45.9,-0.000761136,1.00146e+06,4.51557,-0.0127161,973962,1430.8,110377,467.036,373537,4.11382,8655.7,33939.7,7.29952,149.746,5.16741,2.89472e+06
46,-0.00076099,1.00146e+06,4.49754,-0.012715,973929,1425.13,110377,466.723,373540,4.09743,8623.34,33989.3,7.28421,149.563,5.16146,2.89469e+06
46.1,-0.000760711,1.00146e+06,4.47958,-0.0127129,973896,1419.48,110377,466.406,373544,4.0811,8591.08,34038.7,7.26888,149.378,5.15554,2.89467e+06
46.2,-0.000760461,1.00146e+06,4.46169,-0.0127109,973863,1413.85,110377,466.085,373547,4.06484,8558.91,34087.9,7.25352,149.191,5.14963,2.89464e+06
46.3,-0.00076024,1.00146e+06,4.44386,-0.0127092,973830,1408.24,110377,465.759,373551,4.04864,8526.81,34136.9,7.23812,149.003,5.14375,2.89462e+06
46.4,-0.000760048,1.00146e+06,4.42611,-0.0127078,973797,1402.65,110377,465.429,373554,4.03251,8494.8,34185.7,7.22269,148.812,5.1379,2.89459e+06
46.5,-0.000759884,1.00146e+06,4.40843,-0.0127065,973765,1397.08,110377,465.095,373558,4.01644,8462.87,34234.2,7.20722,148.62,5.13207,2.89457e+06
46.6,-0.000759748,1.00146e+06,4.39083,-0.0127054,973732,1391.53,110377,464.757,373561,4.00044,8431.02,34282.6,7.19172,148.425,5.12626,2.89454e+06
46.7,-0.000759642,1.00146e+06,4.37329,-0.0127046,973700,1386,110377,464.413,373565,3.9845,8399.25,34330.7,7.17619,148.229,5.12047,2.89452e+06
46.8,-0.000759563,1.00146e+06,4.35583,-0.012704,973668,1380.49,110377,464.066,373568,3.96863,8367.57,34378.6,7.16062,148.031,5.11471,2.89449e+06
46.9,-0.000759514,1.00146e+06,4.33844,-0.0127036,973635,1375,110377,463.714,373572,3.95282,8335.96,34426.3,7.14502,147.831,5.10897,2.89447e+06
47,-0.000759493,1.00146e+06,4.32112,-0.0127035,973604,1369.53,110377,463.358,373575,3.93707,8304.44,34473.7,7.12939,147.629,5.10326,2.89444e+06
47.1,-0.000759417,1.00146e+06,4.30385,-0.0127029,973572,1364.09,110377,462.999,373579,3.92139,8273.03,34521,7.11375,147.426,5.09756,2.89442e+06
47.2,-0.000759327,1.00146e+06,4.28666,-0.0127022,973540,1358.66,110377,462.637,373582,3.90575,8241.71,34568.1,7.09809,147.221,5.09189,2.89439e+06
47.3,-0.000759247,1.00146e+06,4.26953,-0.0127016,973508,1353.25,110377,462.27,373586,3.89019,8210.49,34615,7.08241,147.015,5.08623,2.89437e+06
47.4,-0.000759176,1.00146e+06,4.25248,-0.012701,973477,1347.86,110377,461.9,373589,3.87468,8179.35,34661.6,7.0667,146.807,5.08061,2.89434e+06
47.5,-0.000759115,1.00146e+06,4.23549,-0.0127006,973446,1342.49,110377,461.526,373592,3.85924,8148.3,34708.1,7.05096,146.598,5.075,2.89432e+06
47.6,-0.000759064,1.00146e+06,4.21857,-0.0127002,973415,1337.14,110377,461.147,373596,3.84386,8117.33,34754.4,7.0352,146.386,5.06941,2.89429e+06
47.7,-0.000759021,1.00146e+06,4.20172,-0.0126998,973384,1331.81,110377,460.765,373599,3.82854,8086.46,34800.4,7.01941,146.173,5.06385,2.89427e+06
47.8,-0.000758989,1.00146e+06,4.18494,-0.0126996,973353,1326.5,110377,460.379,373603,3.81328,8055.67,34846.2,7.00359,145.959,5.05831,2.89424e+06
47.9,-0.000758966,1.00146e+06,4.16823,-0.0126994,973322,1321.22,110377,459.988,373606,3.79809,8024.97,34891.9,6.98775,145.742,5.0528,2.89422e+06
48,-0.000758952,1.00146e+06,4.15158,-0.0126993,973291,1315.95,110377,459.594,373609,3.78296,7994.36,34937.3,6.97188,145.524,5.0473,2.89419e+06
48.1,-0.000758946,1.00146e+06,4.13501,-0.0126993,973261,1310.7,110377,459.196,373613,3.76789,7963.84,34982.5,6.95598,145.304,5.04183,2.89417e+06
48.2,-0.000758926,1.00146e+06,4.11849,-0.0126991,973230,1305.47,110377,458.795,373616,3.75287,7933.43,35027.5,6.94009,145.084,5.03638,2.89414e+06
48.3,-0.000758909,1.00146e+06,4.10204,-0.012699,973200,1300.26,110377,458.391,373619,3.73791,7903.12,35072.4,6.92418,144.861,5.03095,2.89412e+06
48.4,-0.000758897,1.00146e+06,4.08565,-0.0126989,973170,1295.07,110377,457.984,373622,3.72301,7872.9,35117,6.90825,144.638,5.02554,2.89409e+06
48.5,-0.000758888,1.00146e+06,4.06933,-0.0126988,973140,1289.9,110377,457.572,373626,3.70817,7842.77,35161.4,6.8923,144.413,5.02015,2.89407e+06
48.6,-0.000758883,1.00146e+06,4.05307,-0.0126988,973110,1284.75,110377,457.158,373629,3.69339,7812.73,35205.7,6.87633,144.186,5.01478,2.89404e+06
48.7,-0.000758881,1.00146e+06,4.03688,-0.0126988,973080,1279.62,110377,456.739,373632,3.67867,7782.79,35249.7,6.86034,143.958,5.00944,2.89402e+06
48.8,-0.000758883,1.00146e+06,4.02076,-0.0126988,973050,1274.5,110377,456.318,373635,3.66401,7752.94,35293.5,6.84434,143.729,5.00411,2.89399e+06
48.9,-0.000758887,1.00146e+06,4.0047,-0.0126988,973021,1269.41,110377,455.892,373639,3.64941,7723.19,35337.2,6.82832,143.498,4.99881,2.89397e+06
49,-0.000758893,1.00146e+06,3.98871,-0.0126989,972991,1264.34,110377,455.464,373642,3.63487,7693.53,35380.6,6.81228,143.265,4.99353,2.89394e+06
49.1,-0.000758902,1.00146e+06,3.97278,-0.0126989,972962,1259.29,110377,455.031,373645,3.62039,7663.96,35423.9,6.79622,143.031,4.98827,2.89392e+06
49.2,-0.000758914,1.00146e+06,3.95692,-0.012699,972933,1254.26,110377,454.596,373648,3.60596,7634.49,35466.9,6.78014,142.796,4.98303,2.89389e+06
49.3,-0.000758927,1.00146e+06,3.94112,-0.0126991,972904,1249.24,110377,454.156,373651,3.5916,7605.12,35509.8,6.76405,142.559,4.97781,2.89387e+06
49.4,-0.000758942,1.00146e+06,3.92539,-0.0126992,972875,1244.25,110377,453.714,373655,3.57729,7575.84,35552.4,6.74794,142.321,4.97262,2.89384e+06
49.5,-0.000758959,1.00146e+06,3.90972,-0.0126994,972846,1239.27,110377,453.268,373658,3.56304,7546.66,35594.9,6.73181,142.082,4.96744,2.89382e+06
49.6,-0.000758977,1.00146e+06,3.89412,-0.0126995,972818,1234.32,110377,452.818,373661,3.54886,7517.57,35637.1,6.71567,141.841,4.96229,2.89379e+06
49.7,-0.000758996,1.00146e+06,3.87858,-0.0126997,972789,1229.38,110377,452.366,373664,3.53472,7488.58,35679.2,6.69952,141.599,4.95715,2.89377e+06
49.8,-0.000759015,1.00146e+06,3.86311,-0.0126998,972761,1224.47,110377,451.91,373667,3.52065,7459.69,35721,6.68335,141.355,4.95204,2.89374e+06
49.9,-0.000759036,1.00146e+06,3.84768,-0.0127,972732,1219.57,110377,451.452,373670,3.50662,7430.89,35762.7,6.66719,141.111,4.94695,2.89372e+06
50,-0.000759057,1.00146e+06,3.83232,-0.0127001,972704,1214.69,110377,450.991,373673,3.49265,7402.2,35804.3,6.65102,140.866,4.94187,2.89369e+06
50.1,-0.000759077,1.00146e+06,3.81702,-0.0127003,972676,1209.83,110377,450.527,373676,3.47874,7373.6,35845.6,6.63484,140.62,4.93682,2.89367e+06
50.2,-0.000759098,1.00146e+06,3.80179,-0.0127004,972648,1204.99,110377,450.061,373679,3.46488,7345.1,35886.7,6.61866,140.372,4.93178,2.89364e+06
50.3,-0.000759119,1.00146e+06,3.78661,-0.0127006,972620,1200.17,110377,449.591,373682,3.45108,7316.7,35927.7,6.60246,140.123,4.92677,2.89362e+06
50.4,-0.000759139,1.00146e+06,3.7715,-0.0127008,972592,1195.36,110377,449.118,373685,3.43734,7288.39,35968.5,6.58626,139.873,4.92177,2.89359e+06
50.5,-0.000759159,1.00146e+06,3.75645,-0.0127009,972565,1190.58,110377,448.643,373689,3.42364,7260.19,36009,6.57005,139.622,4.9168,2.89357e+06
50.6,-0.000759177,1.00146e+06,3.74145,-0.0127011,972537,1185.81,110377,448.164,373692,3.41001,7232.08,36049.4,6.55383,139.37,4.91185,2.89354e+06
50.7,-0.000759194,1.00146e+06,3.72652,-0.0127012,972510,1181.06,110377,447.683,373695,3.39643,7204.07,36089.6,6.53761,139.117,4.90691,2.89352e+06
50.8,-0.00075921,1.00146e+06,3.71165,-0.0127013,972483,1176.34,110377,447.199,373698,3.3829,7176.16,36129.7,6.52138,138.863,4.902,2.89349e+06
50.9,-0.000759225,1.00146e+06,3.69684,-0.0127014,972455,1171.63,110377,446.712,373700,3.36943,7148.36,36169.5,6.50515,138.607,4.8971,2.89347e+06
51,-0.000759237,1.00146e+06,3.68208,-0.0127015,972428,1166.93,110377,446.223,373703,3.35601,7120.65,36209.2,6.48891,138.351,4.89222,2.89344e+06
51.1,-0.000759248,1.00146e+06,3.66739,-0.0127016,972401,1162.26,110377,445.731,373706,3.34264,7093.04,36248.7,6.47267,138.094,4.88737,2.89342e+06
51.2,-0.000759256,1.00146e+06,3.65276,-0.0127017,972375,1157.61,110377,445.236,373709,3.32933,7065.53,36288,6.45642,137.835,4.88253,2.89339e+06
51.3,-0.000759262,1.00146e+06,3.63818,-0.0127017,972348,1152.97,110377,444.738,373712,3.31607,7038.12,36327.1,6.44018,137.576,4.87771,2.89337e+06
51.4,-0.000759265,1.00146e+06,3.62367,-0.0127017,972321,1148.36,110377,444.238,373715,3.30287,7010.82,36366,6.42393,137.316,4.87291,2.89334e+06
51.5,-0.000759272,1.00146e+06,3.60921,-0.0127018,972295,1143.76,110377,443.736,373718,3.28972,6983.6,36404.8,6.40768,137.055,4.86814,2.89332e+06
51.6,-0.000759284,1.00146e+06,3.59481,-0.0127019,972268,1139.17,110377,443.231,373721,3.27662,6956.48,36443.4,6.39142,136.793,4.86337,2.89329e+06
51.7,-0.000759296,1.00146e+06,3.58046,-0.012702,972242,1134.61,110377,442.724,373724,3.26357,6929.46,36481.8,6.37517,136.53,4.85863,2.89327e+06
51.8,-0.000759307,1.00146e+06,3.56617,-0.0127021,972216,1130.06,110377,442.214,373727,3.25057,6902.53,36520.1,6.35892,136.266,4.85391,2.89324e+06
51.9,-0.000759316,1.00146e+06,3.55194,-0.0127021,972190,1125.54,110377,441.702,373730,3.23762,6875.7,36558.1,6.34268,136.002,4.8492,2.89322e+06
52,-0.000759325,1.00146e+06,3.53777,-0.0127022,972164,1121.03,110377,441.187,373733,3.22473,6848.97,36596,6.32643,135.737,4.84452,2.89319e+06
52.1,-0.000759333,1.00146e+06,3.52365,-0.0127023,972138,1116.53,110377,440.67,373735,3.21189,6822.34,36633.8,6.31018,135.47,4.83985,2.89317e+06
52.2,-0.000759339,1.00146e+06,3.50959,-0.0127023,972112,1112.06,110377,440.151,373738,3.19909,6795.81,36671.3,6.29394,135.204,4.8352,2.89314e+06
52.3,-0.000759344,1.00146e+06,3.49559,-0.0127023,972087,1107.6,110377,439.63,373741,3.18635,6769.38,36708.7,6.2777,134.936,4.83057,2.89312e+06
52.4,-0.000759347,1.00146e+06,3.48164,-0.0127024,972061,1103.16,110377,439.107,373744,3.17366,6743.05,36745.9,6.26147,134.667,4.82595,2.89309e+06
52.5,-0.000759349,1.00146e+06,3.46775,-0.0127024,972036,1098.74,110377,438.581,373747,3.16102,6716.81,36783,6.24523,134.398,4.82136,2.89307e+06
52.6,-0.00075935,1.00146e+06,3.45391,-0.0127024,972010,1094.34,110377,438.053,373749,3.14843,6690.68,36819.8,6.22901,134.129,4.81678,2.89304e+06
52.7,-0.000759349,1.00146e+06,3.44012,-0.0127024,971985,1089.95,110377,437.523,373752,3.13589,6664.64,36856.6,6.21279,133.858,4.81222,2.89302e+06
52.8,-0.000759346,1.00146e+06,3.42639,-0.0127024,971960,1085.58,110377,436.991,373755,3.1234,6638.71,36893.1,6.19658,133.587,4.80768,2.89299e+06
52.9,-0.000759341,1.00146e+06,3.41272,-0.0127023,971935,1081.23,110377,436.457,373758,3.11096,6612.87,36929.5,6.18037,133.315,4.80316,2.89297e+06
53,-0.000759334,1.00146e+06,3.3991,-0.0127023,971910,1076.9,110377,435.921,373760,3.09856,6587.13,36965.7,6.16417,133.043,4.79865,2.89294e+06
53.1,-0.000759326,1.00146e+06,3.38553,-0.0127022,971885,1072.58,110377,435.383,373763,3.08622,6561.49,37001.7,6.14798,132.77,4.79416,2.89292e+06
53.2,-0.000759322,1.00146e+06,3.37202,-0.0127022,971861,1068.28,110377,434.843,373766,3.07392,6535.94,37037.6,6.13178,132.496,4.78969,2.89289e+06
53.3,-0.00075932,1.00146e+06,3.35856,-0.0127022,971836,1064,110377,434.3,373769,3.06168,6510.48,37073.3,6.1156,132.221,4.78524,2.89287e+06
53.4,-0.000759318,1.00146e+06,3.34516,-0.0127021,971812,1059.73,110377,433.756,373771,3.04948,6485.11,37108.9,6.09942,131.946,4.78081,2.89284e+06
53.5,-0.000759315,1.00146e+06,3.33181,-0.0127021,971787,1055.48,110377,433.209,373774,3.03734,6459.84,37144.2,6.08324,131.67,4.77639,2.89282e+06
53.6,-0.000759312,1.00146e+06,3.31851,-0.0127021,971763,1051.25,110377,432.661,373777,3.02524,6434.66,37179.5,6.06708,131.394,4.77199,2.89279e+06
53.7,-0.000759309,1.00146e+06,3.30527,-0.0127021,971739,1047.03,110377,432.111,373779,3.01318,6409.58,37214.5,6.05092,131.117,4.76761,2.89277e+06
53.8,-0.000759305,1.00146e+06,3.29208,-0.012702,971715,1042.84,110377,431.559,373782,3.00118,6384.6,37249.4,6.03478,130.84,4.76324,2.89274e+06
53.9,-0.0007593,1.00146e+06,3.27894,-0.012702,971691,1038.65,110377,431.005,373785,2.98922,6359.71,37284.2,6.01864,130.562,4.75889,2.89272e+06
54,-0.000759296,1.00146e+06,3.26585,-0.012702,971667,1034.49,110377,430.449,373787,2.97731,6334.92,37318.8,6.00252,130.283,4.75456,2.89269e+06
54.1,-0.000759291,1.00146e+06,3.25282,-0.0127019,971643,1030.34,110377,429.892,373790,2.96545,6310.22,37353.2,5.9864,130.004,4.75025,2.89267e+06
54.2,-0.000759286,1.00146e+06,3.23983,-0.0127019,971619,1026.21,110377,429.333,373793,2.95364,6285.61,37387.4,5.9703,129.725,4.74595,2.89264e+06
54.3,-0.00075928,1.00146e+06,3.2269,-0.0127019,971596,1022.09,110377,428.772,373795,2.94187,6261.1,37421.6,5.9542,129.445,4.74167,2.89262e+06
54.4,-0.000759274,1.00146e+06,3.21402,-0.0127018,971572,1017.99,110377,428.209,373798,2.93014,6236.69,37455.5,5.93812,129.165,4.73741,2.89259e+06
54.5,-0.000759268,1.00146e+06,3.20119,-0.0127018,971549,1013.91,110377,427.645,373800,2.91847,6212.37,37489.3,5.92205,128.884,4.73316,2.89257e+06
54.6,-0.000759261,1.00146e+06,3.18841,-0.0127017,971525,1009.84,110377,427.08,373803,2.90684,6188.14,37522.9,5.906,128.603,4.72893,2.89254e+06
54.7,-0.000759255,1.00146e+06,3.17568,-0.0127017,971502,1005.79,110377,426.512,373806,2.89525,6164.01,37556.4,5.88996,128.321,4.72471,2.89252e+06
54.8,-0.000759248,1.00146e+06,3.163,-0.0127016,971479,1001.75,110377,425.943,373808,2.88371,6139.97,37589.8,5.87393,128.04,4.72052,2.89249e+06
54.9,-0.000759242,1.00146e+06,3.15038,-0.0127016,971456,997.736,110377,425.372,373811,2.87222,6116.02,37622.9,5.8579,127.757,4.71634,2.89247e+06
55,-0.000759236,1.00146e+06,3.1378,-0.0127015,971433,993.734,110377,424.8,373813,2.86078,6092.16,37656,5.84189,127.474,4.71217,2.89244e+06
55.1,-0.000759231,1.00146e+06,3.12528,-0.0127015,971410,989.747,110377,424.226,373816,2.84938,6068.39,37688.8,5.82589,127.191,4.70803,2.89242e+06
55.2,-0.000759225,1.00146e+06,3.1128,-0.0127014,971388,985.776,110377,423.65,373818,2.83802,6044.71,37721.5,5.8099,126.907,4.70389,2.89239e+06
55.3,-0.00075922,1.00146e+06,3.10038,-0.0127014,971365,981.821,110377,423.073,373821,2.82671,6021.12,37754.1,5.79393,126.623,4.69978,2.89237e+06
55.4,-0.000759215,1.00146e+06,3.088,-0.0127013,971342,977.882,110377,422.494,373823,2.81545,5997.62,37786.5,5.77797,126.338,4.69568,2.89234e+06
55.5,-0.00075921,1.00146e+06,3.07567,-0.0127013,971320,973.959,110377,421.914,373826,2.80423,5974.21,37818.8,5.76203,126.053,4.6916,2.89232e+06
55.6,-0.000759205,1.00146e+06,3.06339,-0.0127013,971298,970.051,110377,421.332,373828,2.79305,5950.89,37850.9,5.7461,125.768,4.68753,2.89229e+06
55.7,-0.0007592,1.00146e+06,3.05116,-0.0127012,971275,966.159,110377,420.749,373831,2.78192,5927.67,37882.9,5.73018,125.483,4.68348,2.89227e+06
55.8,-0.000759196,1.00146e+06,3.03898,-0.0127012,971253,962.282,110377,420.164,373833,2.77083,5904.53,37914.7,5.71428,125.197,4.67945,2.89224e+06
55.9,-0.000759192,1.00146e+06,3.02685,-0.0127012,971231,958.421,110377,419.578,373836,2.75979,5881.48,37946.3,5.6984,124.911,4.67543,2.89222e+06
56,-0.000759189,1.00146e+06,3.01477,-0.0127012,971209,954.575,110377,418.991,373838,2.74879,5858.52,37977.9,5.68253,124.625,4.67143,2.89219e+06
56.1,-0.000759186,1.00146e+06,3.00273,-0.0127011,971187,950.745,110377,418.403,373840,2.73783,5835.66,38009.2,5.66668,124.338,4.66744,2.89217e+06
56.2,-0.000759183,1.00146e+06,2.99074,-0.0127011,971165,946.93,110377,417.813,373843,2.72692,5812.88,38040.5,5.65084,124.051,4.66347,2.89214e+06
56.3,-0.000759181,1.00146e+06,2.9788,-0.0127011,971144,943.13,110377,417.221,373845,2.71605,5790.18,38071.5,5.63502,123.764,4.65951,2.89212e+06
56.4,-0.000759179,1.00146e+06,2.96691,-0.0127011,971122,939.345,110377,416.629,373848,2.70523,5767.58,38102.5,5.61922,123.477,4.65557,2.89209e+06
56.5,-0.000759177,1.00146e+06,2.95506,-0.0127011,971100,935.575,110377,416.035,373850,2.69444,5745.07,38133.3,5.60344,123.19,4.65164,2.89207e+06
56.6,-0.000759174,1.00146e+06,2.94327,-0.012701,971079,931.821,110378,415.44,373852,2.6837,5722.64,38163.9,5.58767,122.902,4.64774,2.89204e+06
56.7,-0.000759172,1.00146e+06,2.93152,-0.012701,971058,928.081,110378,414.843,373855,2.67301,5700.29,38194.4,5.57191,122.614,4.64384,2.89202e+06
56.8,-0.000759169,1.00146e+06,2.91981,-0.012701,971036,924.357,110378,414.245,373857,2.66235,5678.04,38224.8,5.55617,122.325,4.63996,2.89199e+06
56.9,-0.000759167,1.00146e+06,2.90816,-0.012701,971015,920.648,110378,413.646,373859,2.65174,5655.87,38255,5.54045,122.037,4.6361,2.89197e+06
57,-0.000759165,1.00146e+06,2.89655,-0.012701,970994,916.953,110378,413.046,373862,2.64117,5633.79,38285.1,5.52475,121.748,4.63225,2.89194e+06
57.1,-0.000759163,1.00146e+06,2.88498,-0.012701,970973,913.273,110378,412.444,373864,2.63064,5611.79,38315,5.50907,121.459,4.62842,2.89192e+06
57.2,-0.000759161,1.00146e+06,2.87347,-0.0127009,970952,909.608,110378,411.842,373866,2.62016,5589.88,38344.8,5.4934,121.17,4.6246,2.89189e+06
57.3,-0.00075916,1.00146e+06,2.86199,-0.0127009,970931,905.958,110378,411.238,373869,2.60971,5568.05,38374.4,5.47775,120.881,4.6208,2.89187e+06
57.4,-0.000759159,1.00146e+06,2.85057,-0.0127009,970910,902.322,110378,410.633,373871,2.59931,5546.31,38403.9,5.46212,120.591,4.61701,2.89184e+06
57.5,-0.000759158,1.00146e+06,2.83919,-0.0127009,970890,898.701,110378,410.027,373873,2.58895,5524.65,38433.3,5.44651,120.302,4.61324,2.89182e+06
57.6,-0.000759158,1.00146e+06,2.82785,-0.0127009,970869,895.094,110378,409.42,373876,2.57863,5503.08,38462.6,5.43092,120.012,4.60948,2.89179e+06
57.7,-0.000759158,1.00146e+06,2.81656,-0.0127009,970849,891.502,110378,408.812,373878,2.56835,5481.6,38491.6,5.41535,119.722,4.60574,2.89177e+06
57.8,-0.000759158,1.00146e+06,2.80532,-0.0127009,970828,887.924,110378,408.203,373880,2.55811,5460.19,38520.6,5.39981,119.433,4.60201,2.89174e+06
57.9,-0.000759158,1.00146e+06,2.79412,-0.0127009,970808,884.361,110378,407.593,373882,2.54792,5438.88,38549.4,5.38428,119.143,4.5983,2.89172e+06
58,-0.000759159,1.00146e+06,2.78296,-0.0127009,970788,880.812,110378,406.981,373885,2.53776,5417.64,38578.1,5.36877,118.853,4.5946,2.89169e+06
58.1,-0.00075916,1.00146e+06,2.77185,-0.0127009,970768,877.277,110378,406.369,373887,2.52764,5396.49,38606.7,5.35328,118.562,4.59091,2.89167e+06
58.2,-0.000759161,1.00146e+06,2.76079,-0.0127009,970748,873.756,110378,405.756,373889,2.51757,5375.42,38635.1,5.33781,118.272,4.58724,2.89164e+06
58.3,-0.000759161,1.00146e+06,2.74976,-0.0127009,970728,870.249,110378,405.142,373891,2.50753,5354.43,38663.4,5.32236,117.982,4.58359,2.89162e+06
58.4,-0.000759161,1.00146e+06,2.73879,-0.0127009,970708,866.757,110378,404.527,373894,2.49754,5333.53,38691.5,5.30693,117.691,4.57995,2.89159e+06
58.5,-0.000759162,1.00146e+06,2.72785,-0.0127009,970688,863.279,110378,403.91,373896,2.48758,5312.71,38719.5,5.29152,117.401,4.57632,2.89157e+06
58.6,-0.000759162,1.00146e+06,2.71696,-0.0127009,970668,859.814,110378,403.293,373898,2.47766,5291.97,38747.4,5.27613,117.11,4.57271,2.89154e+06
58.7,-0.000759163,1.00146e+06,2.70612,-0.012701,970648,856.364,110378,402.675,373900,2.46779,5271.31,38775.1,5.26077,116.82,4.56911,2.89152e+06
58.8,-0.000759163,1.00146e+06,2.69531,-0.012701,970629,852.927,110378,402.056,373902,2.45795,5250.73,38802.7,5.24542,116.529,4.56553,2.89149e+06
58.9,-0.000759164,1.00146e+06,2.68455,-0.012701,970609,849.504,110378,401.437,373905,2.44815,5230.24,38830.2,5.2301,116.239,4.56196,2.89147e+06
59,-0.000759165,1.00146e+06,2.67384,-0.012701,970590,846.095,110378,400.816,373907,2.43839,5209.82,38857.6,5.2148,115.948,4.5584,2.89144e+06
59.1,-0.000759165,1.00146e+06,2.66316,-0.012701,970571,842.7,110378,400.195,373909,2.42867,5189.49,38884.8,5.19952,115.657,4.55486,2.89142e+06
59.2,-0.000759166,1.00146e+06,2.65253,-0.012701,970551,839.318,110378,399.572,373911,2.41899,5169.23,38911.9,5.18427,115.367,4.55133,2.89139e+06
59.3,-0.000759167,1.00146e+06,2.64194,-0.012701,970532,835.95,110378,398.949,373913,2.40935,5149.06,38938.8,5.16903,115.076,4.54782,2.89137e+06
59.4,-0.000759168,1.00146e+06,2.6314,-0.012701,970513,832.595,110378,398.326,373915,2.39975,5128.97,38965.7,5.15383,114.786,4.54432,2.89134e+06
59.5,-0.000759169,1.00146e+06,2.62089,-0.012701,970494,829.254,110378,397.701,373917,2.39018,5108.95,38992.4,5.13864,114.495,4.54083,2.89132e+06
59.6,-0.00075917,1.00146e+06,2.61043,-0.012701,970475,825.926,110378,397.076,373919,2.38065,5089.02,39018.9,5.12348,114.204,4.53736,2.89129e+06
59.7,-0.000759171,1.00146e+06,2.60001,-0.012701,970456,822.612,110378,396.45,373922,2.37116,5069.16,39045.4,5.10834,113.914,4.5339,2.89127e+06
59.8,-0.000759172,1.00146e+06,2.58963,-0.012701,970438,819.311,110378,395.823,373924,2.36171,5049.38,39071.7,5.09322,113.624,4.53046,2.89124e+06
59.9,-0.000759173,1.00146e+06,2.57929,-0.012701,970419,816.023,110378,395.195,373926,2.35229,5029.68,39097.9,5.07813,113.333,4.52703,2.89122e+06
60,-0.000759174,1.00146e+06,2.56899,-0.012701,970400,812.749,110378,394.567,373928,2.34292,5010.06,39124,5.06305,113.043,4.52361,2.89119e+06
60.1,-0.000759176,1.00146e+06,2.55874,-0.0127011,970382,809.488,110378,393.937,373930,2.33358,4990.51,39149.9,5.048,112.752,4.52021,2.89117e+06
60.2,-0.000759177,1.00146e+06,2.54853,-0.0127011,970363,806.24,110378,393.308,373932,2.32428,4971.05,39175.7,5.03297,112.462,4.51681,2.89114e+06
60.3,-0.000759178,1.00146e+06,2.53835,-0.0127011,970345,803.006,110378,392.677,373934,2.31501,4951.66,39201.4,5.01797,112.172,4.51344,2.89112e+06
60.4,-0.000759179,1.00146e+06,2.52822,-0.0127011,970327,799.784,110378,392.046,373936,2.30579,4932.35,39226.9,5.00299,111.881,4.51007,2.89109e+06
60.5,-0.00075918,1.00146e+06,2.51813,-0.0127011,970308,796.575,110378,391.414,373938,2.2966,4913.11,39252.4,4.98803,111.591,4.50672,2.89107e+06
60.6,-0.000759181,1.00146e+06,2.50808,-0.0127011,970290,793.379,110378,390.782,373940,2.28744,4893.95,39277.7,4.9731,111.301,4.50339,2.89104e+06
60.7,-0.000759183,1.00146e+06,2.49807,-0.0127011,970272,790.197,110378,390.148,373942,2.27832,4874.87,39302.9,4.9582,111.011,4.50006,2.89102e+06
60.8,-0.000759184,1.00146e+06,2.4881,-0.0127011,970254,787.027,110378,389.515,373944,2.26924,4855.86,39328,4.94332,110.722,4.49675,2.89099e+06
60.9,-0.000759185,1.00146e+06,2.47817,-0.0127011,970236,783.869,110378,388.881,373946,2.2602,4836.93,39352.9,4.92846,110.432,4.49345,2.89097e+06
61,-0.000759186,1.00146e+06,2.46828,-0.0127011,970218,780.725,110378,388.246,373948,2.25119,4818.07,39377.7,4.91363,110.142,4.49017,2.89094e+06
61.1,-0.000759187,1.00146e+06,2.45843,-0.0127011,970200,777.593,110378,387.611,373950,2.24222,4799.29,39402.5,4.89882,109.853,4.4869,2.89092e+06
61.2,-0.000759188,1.00146e+06,2.44862,-0.0127012,970183,774.474,110378,386.975,373952,2.23328,4780.59,39427,4.88404,109.564,4.48364,2.89089e+06
61.3,-0.000759189,1.00146e+06,2.43884,-0.0127012,970165,771.367,110378,386.338,373954,2.22438,4761.95,39451.5,4.86929,109.275,4.48039,2.89087e+06
61.4,-0.00075919,1.00146e+06,2.42911,-0.0127012,970148,768.272,110378,385.702,373956,2.21551,4743.4,39475.9,4.85456,108.986,4.47716,2.89084e+06
61.5,-0.000759191,1.00146e+06,2.41941,-0.0127012,970130,765.191,110378,385.064,373958,2.20668,4724.91,39500.1,4.83986,108.697,4.47394,2.89082e+06
61.6,-0.000759192,1.00146e+06,2.40976,-0.0127012,970113,762.121,110378,384.427,373960,2.19789,4706.5,39524.2,4.82518,108.409,4.47073,2.89079e+06
61.7,-0.000759193,1.00146e+06,2.40014,-0.0127012,970095,759.064,110378,383.788,373962,2.18913,4688.17,39548.2,4.81053,108.12,4.46753,2.89077e+06
61.8,-0.000759193,1.00146e+06,2.39056,-0.0127012,970078,756.019,110378,383.15,373964,2.1804,4669.9,39572.1,4.79591,107.832,4.46435,2.89074e+06
61.9,-0.000759194,1.00146e+06,2.38102,-0.0127012,970061,752.987,110378,382.511,373966,2.17171,4651.71,39595.9,4.78132,107.544,4.46118,2.89072e+06
62,-0.000759195,1.00146e+06,2.37152,-0.0127012,970044,749.966,110378,381.872,373968,2.16305,4633.59,39619.5,4.76675,107.256,4.45802,2.89069e+06
62.1,-0.000759195,1.00146e+06,2.36205,-0.0127012,970027,746.958,110378,381.232,373970,2.15443,4615.55,39643,4.75221,106.969,4.45488,2.89067e+06
62.2,-0.000759195,1.00146e+06,2.35262,-0.0127012,970010,743.962,110378,380.592,373971,2.14584,4597.58,39666.5,4.73769,106.682,4.45174,2.89064e+06
62.3,-0.000759196,1.00146e+06,2.34323,-0.0127012,969993,740.978,110378,379.951,373973,2.13729,4579.67,39689.8,4.72321,106.395,4.44862,2.89062e+06
62.4,-0.000759196,1.00146e+06,2.33388,-0.0127012,969976,738.005,110378,379.311,373975,2.12877,4561.84,39712.9,4.70875,106.108,4.44551,2.89059e+06
62.5,-0.000759196,1.00146e+06,2.32456,-0.0127012,969959,735.045,110378,378.67,373977,2.12028,4544.08,39736,4.69432,105.821,4.44241,2.89057e+06
62.6,-0.000759196,1.00146e+06,2.31528,-0.0127012,969943,732.097,110378,378.028,373979,2.11183,4526.4,39759,4.67992,105.535,4.43933,2.89054e+06
62.7,-0.000759197,1.00146e+06,2.30604,-0.0127012,969926,729.161,110378,377.386,373981,2.10341,4508.78,39781.8,4.66553,105.249,4.43626,2.89052e+06
62.8,-0.000759198,1.00146e+06,2.29684,-0.0127012,969909,726.237,110378,376.743,373983,2.09503,4491.23,39804.6,4.65117,104.962,4.4332,2.89049e+06
62.9,-0.000759199,1.00146e+06,2.28768,-0.0127012,969893,723.325,110378,376.101,373985,2.08668,4473.76,39827.2,4.63684,104.676,4.43015,2.89047e+06
63,-0.0007592,1.00146e+06,2.27855,-0.0127012,969877,720.424,110378,375.457,373986,2.07836,4456.35,39849.7,4.62254,104.391,4.42712,2.89044e+06
63.1,-0.0007592,1.00146e+06,2.26945,-0.0127013,969860,717.536,110378,374.814,373988,2.07008,4439.01,39872.1,4.60826,104.105,4.42409,2.89042e+06
63.2,-0.000759201,1.00146e+06,2.2604,-0.0127013,969844,714.659,110378,374.17,373990,2.06183,4421.74,39894.4,4.59401,103.82,4.42108,2.89039e+06
63.3,-0.000759202,1.00146e+06,2.25138,-0.0127013,969828,711.793,110378,373.526,373992,2.05361,4404.55,39916.5,4.57979,103.535,4.41808,2.89037e+06
63.4,-0.000759203,1.00146e+06,2.2424,-0.0127013,969812,708.939,110378,372.882,373994,2.04543,4387.42,39938.6,4.5656,103.251,4.41509,2.89034e+06
63.5,-0.000759203,1.00146e+06,2.23345,-0.0127013,969795,706.097,110378,372.238,373995,2.03727,4370.35,39960.6,4.55144,102.966,4.41212,2.89032e+06
63.6,-0.000759204,1.00146e+06,2.22454,-0.0127013,969779,703.266,110378,371.593,373997,2.02915,4353.36,39982.4,4.5373,102.682,4.40915,2.89029e+06
63.7,-0.000759205,1.00146e+06,2.21566,-0.0127013,969764,700.446,110378,370.948,373999,2.02107,4336.44,40004.1,4.5232,102.399,4.4062,2.89027e+06
63.8,-0.000759205,1.00146e+06,2.20682,-0.0127013,969748,697.638,110378,370.303,374001,2.01301,4319.58,40025.8,4.50912,102.115,4.40326,2.89024e+06
63.9,-0.000759206,1.00146e+06,2.19801,-0.0127013,969732,694.841,110378,369.658,374003,2.00499,4302.79,40047.3,4.49507,101.832,4.40033,2.89022e+06
64,-0.000759206,1.00146e+06,2.18924,-0.0127013,969716,692.055,110378,369.012,374004,1.997,4286.07,40068.7,4.48105,101.549,4.39741,2.89019e+06
64.1,-0.000759207,1.00146e+06,2.1805,-0.0127013,969700,689.281,110378,368.367,374006,1.98904,4269.41,40090,4.46706,101.267,4.39451,2.89017e+06
64.2,-0.000759207,1.00146e+06,2.1718,-0.0127013,969685,686.517,110378,367.721,374008,1.98111,4252.82,40111.2,4.45309,100.984,4.39161,2.89014e+06
64.3,-0.000759208,1.00146e+06,2.16314,-0.0127013,969669,683.765,110378,367.076,374010,1.97321,4236.3,40132.3,4.43916,100.703,4.38873,2.89012e+06
64.4,-0.000759208,1.00146e+06,2.1545,-0.0127013,969654,681.023,110378,366.43,374011,1.96535,4219.84,40153.3,4.42526,100.421,4.38585,2.89009e+06
64.5,-0.000759209,1.00146e+06,2.14591,-0.0127013,969638,678.293,110378,365.784,374013,1.95752,4203.45,40174.2,4.41138,100.14,4.38299,2.89007e+06
64.6,-0.000759209,1.00146e+06,2.13734,-0.0127013,969623,675.574,110378,365.138,374015,1.94971,4187.13,40195,4.39754,99.8593,4.38014,2.89004e+06
64.7,-0.000759209,1.00146e+06,2.12881,-0.0127013,969608,672.865,110378,364.492,374017,1.94194,4170.87,40215.7,4.38373,99.5789,4.3773,2.89002e+06
64.8,-0.00075921,1.00146e+06,2.12032,-0.0127013,969593,670.167,110378,363.846,374018,1.9342,4154.67,40236.3,4.36994,99.2989,4.37448,2.88999e+06
64.9,-0.00075921,1.00146e+06,2.11185,-0.0127013,969577,667.481,110378,363.2,374020,1.92649,4138.54,40256.8,4.35619,99.0193,4.37166,2.88997e+06
65,-0.00075921,1.00146e+06,2.10342,-0.0127013,969562,664.804,110378,362.554,374022,1.91881,4122.48,40277.1,4.34247,98.74,4.36885,2.88994e+06
65.1,-0.00075921,1.00146e+06,2.09503,-0.0127013,969547,662.139,110378,361.908,374023,1.91116,4106.47,40297.4,4.32877,98.4611,4.36606,2.88992e+06
65.2,-0.00075921,1.00146e+06,2.08666,-0.0127013,969532,659.484,110378,361.262,374025,1.90354,4090.54,40317.6,4.31511,98.1826,4.36327,2.88989e+06
65.3,-0.00075921,1.00146e+06,2.07834,-0.0127013,969517,656.84,110378,360.615,374027,1.89595,4074.66,40337.7,4.30148,97.9045,4.3605,2.88987e+06
65.4,-0.00075921,1.00146e+06,2.07004,-0.0127013,969503,654.207,110378,359.969,374028,1.88839,4058.85,40357.6,4.28787,97.6264,4.35774,2.88984e+06
65.5,-0.000759211,1.00146e+06,2.06178,-0.0127013,969488,651.585,110378,359.322,374030,1.88086,4043.11,40377.5,4.27428,97.3486,4.35499,2.88982e+06
65.6,-0.000759211,1.00146e+06,2.05356,-0.0127013,969473,648.974,110378,358.675,374032,1.87337,4027.43,40397.2,4.26072,97.0712,4.35225,2.88979e+06
65.7,-0.000759211,1.00146e+06,2.04536,-0.0127013,969458,646.373,110378,358.028,374033,1.8659,4011.81,40416.9,4.2472,96.7942,4.34952,2.88977e+06
65.8,-0.000759212,1.00146e+06,2.0372,-0.0127013,969444,643.783,110378,357.382,374035,1.85847,3996.25,40436.5,4.2337,96.5175,4.3468,2.88974e+06
65.9,-0.000759212,1.00146e+06,2.02907,-0.0127013,969429,641.203,110378,356.735,374037,1.85106,3980.76,40455.9,4.22024,96.2412,4.34409,2.88972e+06
66,-0.000759212,1.00146e+06,2.02098,-0.0127013,969415,638.633,110378,356.088,374038,1.84368,3965.33,40475.3,4.2068,95.9653,4.3414,2.88969e+06
66.1,-0.000759212,1.00146e+06,2.01291,-0.0127013,969400,636.074,110378,355.441,374040,1.83633,3949.96,40494.5,4.19339,95.6898,4.33871,2.88967e+06
66.2,-0.000759213,1.00146e+06,2.00488,-0.0127014,969386,633.525,110378,354.795,374041,1.82901,3934.65,40513.7,4.18002,95.4148,4.33604,2.88964e+06
66.3,-0.000759213,1.00146e+06,1.99688,-0.0127014,969372,630.986,110378,354.148,374043,1.82172,3919.41,40532.8,4.16667,95.1401,4.33337,2.88962e+06
66.4,-0.000759213,1.00146e+06,1.98892,-0.0127014,969358,628.458,110378,353.502,374045,1.81446,3904.22,40551.7,4.15336,94.8658,4.33072,2.88959e+06
66.5,-0.000759213,1.00146e+06,1.98098,-0.0127014,969343,625.939,110378,352.856,374046,1.80723,3889.1,40570.6,4.14007,94.5919,4.32807,2.88957e+06
66.6,-0.000759213,1.00146e+06,1.97308,-0.0127014,969329,623.431,110378,352.209,374048,1.80003,3874.03,40589.4,4.12682,94.3185,4.32544,2.88954e+06
66.7,-0.000759214,1.00146e+06,1.9652,-0.0127014,969315,620.933,110378,351.563,374049,1.79285,3859.03,40608.1,4.11359,94.0455,4.32281,2.88952e+06
66.8,-0.000759214,1.00146e+06,1.95736,-0.0127014,969301,618.445,110378,350.917,374051,1.78571,3844.08,40626.7,4.1004,93.7729,4.3202,2.88949e+06
66.9,-0.000759214,1.00146e+06,1.94955,-0.0127014,969287,615.967,110378,350.271,374053,1.77859,3829.2,40645.2,4.08724,93.5007,4.3176,2.88947e+06
67,-0.000759214,1.00146e+06,1.94177,-0.0127014,969274,613.498,110378,349.626,374054,1.7715,3814.37,40663.6,4.0741,93.229,4.315,2.88944e+06
67.1,-0.000759214,1.00146e+06,1.93402,-0.0127014,969260,611.04,110378,348.98,374056,1.76444,3799.61,40681.9,4.061,92.9577,4.31242,2.88942e+06
67.2,-0.000759214,1.00146e+06,1.9263,-0.0127014,969246,608.591,110378,348.335,374057,1.7574,3784.9,40700.1,4.04793,92.6869,4.30985,2.88939e+06
67.3,-0.000759214,1.00146e+06,1.91862,-0.0127014,969232,606.152,110378,347.689,374059,1.7504,3770.25,40718.2,4.03489,92.4165,4.30728,2.88937e+06
67.4,-0.000759214,1.00146e+06,1.91096,-0.0127014,969219,603.723,110378,347.044,374060,1.74342,3755.67,40736.2,4.02189,92.1466,4.30473,2.88934e+06
67.5,-0.000759215,1.00146e+06,1.90333,-0.0127014,969205,601.304,110378,346.4,374062,1.73647,3741.13,40754.2,4.00891,91.8771,4.30219,2.88932e+06
67.6,-0.000759215,1.00146e+06,1.89574,-0.0127014,969192,598.894,110378,345.755,374063,1.72955,3726.66,40772,3.99596,91.6081,4.29966,2.88929e+06
67.7,-0.000759215,1.00146e+06,1.88817,-0.0127014,969178,596.494,110378,345.111,374065,1.72265,3712.25,40789.8,3.98305,91.3396,4.29713,2.88927e+06
67.8,-0.000759215,1.00146e+06,1.88063,-0.0127014,969165,594.104,110378,344.466,374066,1.71578,3697.89,40807.4,3.97017,91.0716,4.29462,2.88924e+06
67.9,-0.000759215,1.00146e+06,1.87313,-0.0127014,969151,591.723,110378,343.823,374068,1.70894,3683.59,40825,3.95732,90.804,4.29211,2.88922e+06
68,-0.000759215,1.00146e+06,1.86565,-0.0127014,969138,589.351,110378,343.179,374069,1.70212,3669.34,40842.5,3.9445,90.5369,4.28962,2.88919e+06
68.1,-0.000759215,1.00146e+06,1.85821,-0.0127014,969125,586.99,110378,342.535,374071,1.69534,3655.16,40859.9,3.9317,90.2699,4.28714,2.88917e+06
68.2,-0.000759215,1.00146e+06,1.85079,-0.0127014,969112,584.639,110378,341.891,374072,1.68858,3641.04,40877.2,3.91893,90.0034,4.28466,2.88914e+06
68.3,-0.000759215,1.00146e+06,1.84341,-0.0127014,969098,582.297,110378,341.247,374074,1.68185,3626.97,40894.4,3.90619,89.7372,4.2822,2.88912e+06
68.4,-0.000759215,1.00146e+06,1.83605,-0.0127014,969085,579.965,110378,340.604,374075,1.67515,3612.96,40911.5,3.89348,89.4715,4.27975,2.88909e+06
68.5,-0.000759215,1.00146e+06,1.82873,-0.0127014,969072,577.642,110378,339.961,374077,1.66847,3599,40928.5,3.8808,89.2063,4.2773,2.88907e+06
68.6,-0.000759215,1.00146e+06,1.82143,-0.0127014,969059,575.328,110378,339.318,374078,1.66182,3585.1,40945.4,3.86816,88.9415,4.27487,2.88904e+06
68.7,-0.000759215,1.00146e+06,1.81417,-0.0127014,969047,573.024,110378,338.675,374080,1.6552,3571.26,40962.2,3.85554,88.6772,4.27244,2.88902e+06
68.8,-0.000759215,1.00146e+06,1.80693,-0.0127014,969034,570.729,110378,338.033,374081,1.6486,3557.47,40979,3.84295,88.4133,4.27003,2.88899e+06
68.9,-0.000759215,1.00146e+06,1.79972,-0.0127014,969021,568.444,110378,337.39,374083,1.64203,3543.74,40995.7,3.8304,88.15,4.26762,2.88897e+06
69,-0.000759215,1.00146e+06,1.79254,-0.0127014,969008,566.167,110378,336.749,374084,1.63549,3530.07,41012.2,3.81787,87.887,4.26523,2.88894e+06
69.1,-0.000759215,1.00146e+06,1.78539,-0.0127014,968995,563.9,110378,336.107,374086,1.62897,3516.45,41028.7,3.80538,87.6246,4.26284,2.88892e+06
69.2,-0.000759215,1.00146e+06,1.77827,-0.0127014,968983,561.642,110378,335.466,374087,1.62248,3502.88,41045.1,3.79291,87.3626,4.26046,2.88889e+06
69.3,-0.000759215,1.00146e+06,1.77118,-0.0127014,968970,559.393,110378,334.824,374089,1.61601,3489.37,41061.5,3.78048,87.1011,4.25809,2.88887e+06
69.4,-0.000759215,1.00146e+06,1.76411,-0.0127014,968958,557.153,110378,334.184,374090,1.60957,3475.91,41077.7,3.76808,86.8401,4.25574,2.88884e+06
69.5,-0.000759215,1.00146e+06,1.75707,-0.0127014,968945,554.922,110378,333.543,374091,1.60316,3462.5,41093.8,3.75571,86.5796,4.25339,2.88882e+06
69.6,-0.000759215,1.00146e+06,1.75006,-0.0127014,968933,552.7,110378,332.903,374093,1.59677,3449.15,41109.9,3.74337,86.3195,4.25104,2.88879e+06
69.7,-0.000759215,1.00146e+06,1.74308,-0.0127014,968921,550.487,110378,332.263,374094,1.59041,3435.86,41125.9,3.73106,86.06,4.24871,2.88877e+06
69.8,-0.000759215,1.00146e+06,1.73613,-0.0127014,968908,548.282,110378,331.624,374096,1.58407,3422.61,41141.8,3.71878,85.8009,4.24639,2.88874e+06
69.9,-0.000759215,1.00146e+06,1.7292,-0.0127014,968896,546.087,110378,330.985,374097,1.57776,3409.42,41157.6,3.70653,85.5423,4.24408,2.88872e+06
70,-0.000759215,1.00146e+06,1.72231,-0.0127014,968884,543.9,110378,330.346,374098,1.57147,3396.28,41173.3,3.69432,85.2843,4.24177,2.88869e+06
70.1,-0.000759215,1.00146e+06,1.71544,-0.0127014,968872,541.723,110378,329.708,374100,1.5652,3383.2,41188.9,3.68213,85.0267,4.23948,2.88867e+06
70.2,-0.000759215,1.00146e+06,1.70859,-0.0127014,968859,539.554,110378,329.069,374101,1.55897,3370.17,41204.5,3.66997,84.7696,4.23719,2.88864e+06
70.3,-0.000759215,1.00146e+06,1.70178,-0.0127014,968847,537.393,110378,328.432,374102,1.55275,3357.18,41219.9,3.65785,84.5131,4.23492,2.88862e+06
70.4,-0.000759215,1.00146e+06,1.69499,-0.0127014,968835,535.242,110378,327.794,374104,1.54656,3344.26,41235.3,3.64576,84.257,4.23265,2.88859e+06
70.5,-0.000759215,1.00146e+06,1.68823,-0.0127014,968823,533.099,110378,327.158,374105,1.5404,3331.38,41250.6,3.6337,84.0015,4.23039,2.88857e+06
70.6,-0.000759215,1.00146e+06,1.68149,-0.0127014,968812,530.964,110378,326.521,374107,1.53426,3318.55,41265.9,3.62167,83.7464,4.22814,2.88854e+06
70.7,-0.000759215,1.00146e+06,1.67478,-0.0127014,968800,528.838,110378,325.885,374108,1.52815,3305.78,41281,3.60967,83.4919,4.2259,2.88852e+06
70.8,-0.000759214,1.00146e+06,1.6681,-0.0127014,968788,526.721,110378,325.249,374109,1.52205,3293.05,41296.1,3.5977,83.2379,4.22366,2.88849e+06
70.9,-0.000759214,1.00146e+06,1.66145,-0.0127014,968776,524.612,110378,324.614,374111,1.51599,3280.38,41311.1,3.58576,82.9845,4.22144,2.88847e+06
71,-0.000759214,1.00146e+06,1.65482,-0.0127014,968764,522.511,110378,323.979,374112,1.50994,3267.76,41326,3.57386,82.7315,4.21922,2.88844e+06
71.1,-0.000759214,1.00146e+06,1.64821,-0.0127014,968753,520.419,110378,323.345,374113,1.50393,3255.19,41340.8,3.56198,82.4791,4.21702,2.88842e+06
71.2,-0.000759214,1.00146e+06,1.64164,-0.0127014,968741,518.335,110378,322.711,374115,1.49793,3242.66,41355.6,3.55014,82.2272,4.21482,2.88839e+06
71.3,-0.000759214,1.00146e+06,1.63509,-0.0127014,968730,516.26,110378,322.077,374116,1.49196,3230.19,41370.2,3.53833,81.9758,4.21263,2.88837e+06
71.4,-0.000759214,1.00146e+06,1.62856,-0.0127014,968718,514.192,110378,321.444,374117,1.48601,3217.77,41384.8,3.52655,81.725,4.21045,2.88834e+06
71.5,-0.000759214,1.00146e+06,1.62207,-0.0127014,968707,512.133,110378,320.812,374118,1.48009,3205.4,41399.3,3.5148,81.4747,4.20827,2.88832e+06
71.6,-0.000759214,1.00146e+06,1.61559,-0.0127014,968695,510.082,110378,320.18,374120,1.47419,3193.07,41413.7,3.50308,81.225,4.20611,2.88829e+06
71.7,-0.000759214,1.00146e+06,1.60914,-0.0127014,968684,508.04,110378,319.548,374121,1.46831,3180.8,41428.1,3.4914,80.9758,4.20395,2.88827e+06
71.8,-0.000759214,1.00146e+06,1.60272,-0.0127014,968673,506.005,110378,318.917,374122,1.46245,3168.57,41442.4,3.47974,80.7272,4.2018,2.88824e+06
71.9,-0.000759214,1.00146e+06,1.59633,-0.0127014,968661,503.978,110378,318.286,374124,1.45662,3156.39,41456.6,3.46812,80.4791,4.19966,2.88822e+06
72,-0.000759214,1.00146e+06,1.58995,-0.0127014,968650,501.96,110378,317.656,374125,1.45081,3144.26,41470.7,3.45653,80.2315,4.19753,2.88819e+06
72.1,-0.000759214,1.00146e+06,1.58361,-0.0127014,968639,499.949,110378,317.027,374126,1.44503,3132.18,41484.8,3.44497,79.9845,4.19541,2.88817e+06
72.2,-0.000759214,1.00146e+06,1.57729,-0.0127014,968628,497.947,110378,316.398,374127,1.43926,3120.14,41498.7,3.43344,79.7381,4.1933,2.88814e+06
